2026-01-18 00:25:26,277 | INFO | main | main.py:13 | Application startup
2026-01-18 00:25:33,100 | INFO | main | main.py:25 | default root
2026-01-18 00:25:57,574 | INFO | main | main.py:25 | default root
2026-01-18 00:32:34,259 | INFO | main | main.py:13 | Application startup
2026-01-18 00:36:09,726 | INFO | main | main.py:13 | Application startup
2026-01-18 00:38:42,700 | INFO | main | main.py:13 | Application startup
2026-01-18 00:38:52,238 | INFO | main | main.py:13 | Application startup
2026-01-18 00:41:15,402 | INFO | main | main.py:13 | Application startup
2026-01-18 00:42:53,650 | INFO | main | main.py:13 | Application startup
2026-01-18 00:43:15,940 | ERROR | routes.auth | auth.py:41 | Database error (SQLAlchemyError)
Traceback (most recent call last):
  File "C:\Users\AA\Desktop\FastAPI\.venv\Lib\site-packages\mysql\connector\connection_cext.py", line 772, in cmd_query
    self._cmysql.query(
_mysql_connector.MySQLInterfaceError: Data too long for column 'password' at row 1

The above exception was the direct cause of the following exception:

Traceback (most recent call last):
  File "C:\Users\AA\Desktop\FastAPI\.venv\Lib\site-packages\sqlalchemy\engine\base.py", line 1967, in _exec_single_context
    self.dialect.do_execute(
  File "C:\Users\AA\Desktop\FastAPI\.venv\Lib\site-packages\sqlalchemy\engine\default.py", line 952, in do_execute
    cursor.execute(statement, parameters)
  File "C:\Users\AA\Desktop\FastAPI\.venv\Lib\site-packages\mysql\connector\cursor_cext.py", line 353, in execute
    self._connection.cmd_query(
  File "C:\Users\AA\Desktop\FastAPI\.venv\Lib\site-packages\mysql\connector\opentelemetry\context_propagation.py", line 97, in wrapper
    return method(cnx, *args, **kwargs)
           ^^^^^^^^^^^^^^^^^^^^^^^^^^^^
  File "C:\Users\AA\Desktop\FastAPI\.venv\Lib\site-packages\mysql\connector\connection_cext.py", line 781, in cmd_query
    raise get_mysql_exception(
mysql.connector.errors.DataError: 1406 (22001): Data too long for column 'password' at row 1

The above exception was the direct cause of the following exception:

Traceback (most recent call last):
  File "C:\Users\AA\Desktop\FastAPI\routes\auth.py", line 30, in register
    db.commit()
  File "C:\Users\AA\Desktop\FastAPI\.venv\Lib\site-packages\sqlalchemy\orm\session.py", line 2030, in commit
    trans.commit(_to_root=True)
  File "<string>", line 2, in commit
  File "C:\Users\AA\Desktop\FastAPI\.venv\Lib\site-packages\sqlalchemy\orm\state_changes.py", line 137, in _go
    ret_value = fn(self, *arg, **kw)
                ^^^^^^^^^^^^^^^^^^^^
  File "C:\Users\AA\Desktop\FastAPI\.venv\Lib\site-packages\sqlalchemy\orm\session.py", line 1311, in commit
    self._prepare_impl()
  File "<string>", line 2, in _prepare_impl
  File "C:\Users\AA\Desktop\FastAPI\.venv\Lib\site-packages\sqlalchemy\orm\state_changes.py", line 137, in _go
    ret_value = fn(self, *arg, **kw)
                ^^^^^^^^^^^^^^^^^^^^
  File "C:\Users\AA\Desktop\FastAPI\.venv\Lib\site-packages\sqlalchemy\orm\session.py", line 1286, in _prepare_impl
    self.session.flush()
  File "C:\Users\AA\Desktop\FastAPI\.venv\Lib\site-packages\sqlalchemy\orm\session.py", line 4331, in flush
    self._flush(objects)
  File "C:\Users\AA\Desktop\FastAPI\.venv\Lib\site-packages\sqlalchemy\orm\session.py", line 4466, in _flush
    with util.safe_reraise():
         ^^^^^^^^^^^^^^^^^^^
  File "C:\Users\AA\Desktop\FastAPI\.venv\Lib\site-packages\sqlalchemy\util\langhelpers.py", line 224, in __exit__
    raise exc_value.with_traceback(exc_tb)
  File "C:\Users\AA\Desktop\FastAPI\.venv\Lib\site-packages\sqlalchemy\orm\session.py", line 4427, in _flush
    flush_context.execute()
  File "C:\Users\AA\Desktop\FastAPI\.venv\Lib\site-packages\sqlalchemy\orm\unitofwork.py", line 466, in execute
    rec.execute(self)
  File "C:\Users\AA\Desktop\FastAPI\.venv\Lib\site-packages\sqlalchemy\orm\unitofwork.py", line 642, in execute
    util.preloaded.orm_persistence.save_obj(
  File "C:\Users\AA\Desktop\FastAPI\.venv\Lib\site-packages\sqlalchemy\orm\persistence.py", line 93, in save_obj
    _emit_insert_statements(
  File "C:\Users\AA\Desktop\FastAPI\.venv\Lib\site-packages\sqlalchemy\orm\persistence.py", line 1233, in _emit_insert_statements
    result = connection.execute(
             ^^^^^^^^^^^^^^^^^^^
  File "C:\Users\AA\Desktop\FastAPI\.venv\Lib\site-packages\sqlalchemy\engine\base.py", line 1419, in execute
    return meth(
           ^^^^^
  File "C:\Users\AA\Desktop\FastAPI\.venv\Lib\site-packages\sqlalchemy\sql\elements.py", line 527, in _execute_on_connection
    return connection._execute_clauseelement(
           ^^^^^^^^^^^^^^^^^^^^^^^^^^^^^^^^^^
  File "C:\Users\AA\Desktop\FastAPI\.venv\Lib\site-packages\sqlalchemy\engine\base.py", line 1641, in _execute_clauseelement
    ret = self._execute_context(
          ^^^^^^^^^^^^^^^^^^^^^^
  File "C:\Users\AA\Desktop\FastAPI\.venv\Lib\site-packages\sqlalchemy\engine\base.py", line 1846, in _execute_context
    return self._exec_single_context(
           ^^^^^^^^^^^^^^^^^^^^^^^^^^
  File "C:\Users\AA\Desktop\FastAPI\.venv\Lib\site-packages\sqlalchemy\engine\base.py", line 1986, in _exec_single_context
    self._handle_dbapi_exception(
  File "C:\Users\AA\Desktop\FastAPI\.venv\Lib\site-packages\sqlalchemy\engine\base.py", line 2363, in _handle_dbapi_exception
    raise sqlalchemy_exception.with_traceback(exc_info[2]) from e
  File "C:\Users\AA\Desktop\FastAPI\.venv\Lib\site-packages\sqlalchemy\engine\base.py", line 1967, in _exec_single_context
    self.dialect.do_execute(
  File "C:\Users\AA\Desktop\FastAPI\.venv\Lib\site-packages\sqlalchemy\engine\default.py", line 952, in do_execute
    cursor.execute(statement, parameters)
  File "C:\Users\AA\Desktop\FastAPI\.venv\Lib\site-packages\mysql\connector\cursor_cext.py", line 353, in execute
    self._connection.cmd_query(
  File "C:\Users\AA\Desktop\FastAPI\.venv\Lib\site-packages\mysql\connector\opentelemetry\context_propagation.py", line 97, in wrapper
    return method(cnx, *args, **kwargs)
           ^^^^^^^^^^^^^^^^^^^^^^^^^^^^
  File "C:\Users\AA\Desktop\FastAPI\.venv\Lib\site-packages\mysql\connector\connection_cext.py", line 781, in cmd_query
    raise get_mysql_exception(
sqlalchemy.exc.DataError: (mysql.connector.errors.DataError) 1406 (22001): Data too long for column 'password' at row 1
[SQL: INSERT INTO users (admin_secret_key, name, email, password, modified_at, created_at) VALUES (%(admin_secret_key)s, %(name)s, %(email)s, %(password)s, %(modified_at)s, %(created_at)s)]
[parameters: {'admin_secret_key': None, 'name': 'Xzavier', 'email': 'xzavier@example.com', 'password': '$argon2id$v=19$m=65536,t=3,p=4$ft3LXtxeAS5zpOESLRx5dw$IfMf4Fz9QymL1VIkT8HD/4H85/139H2H5T8brVVq2wc', 'modified_at': datetime.datetime(2026, 1, 17, 19, 43, 15, 323267), 'created_at': datetime.datetime(2026, 1, 17, 19, 43, 15, 323267)}]
(Background on this error at: https://sqlalche.me/e/20/9h9h)
2026-01-18 00:50:51,958 | INFO | routes.auth | auth.py:31 | User registered successfully
2026-01-18 00:56:45,009 | ERROR | routes.auth | auth.py:73 | Unhandled server exception
Traceback (most recent call last):
  File "C:\Users\AA\Desktop\FastAPI\routes\auth.py", line 57, in login
    raise HTTPException(status_code= 404, detail= "User not found")
fastapi.exceptions.HTTPException: 404: User not found
2026-01-18 00:57:35,353 | INFO | main | main.py:13 | Application startup
2026-01-18 01:04:29,161 | INFO | main | main.py:13 | Application startup
2026-01-18 01:04:42,100 | ERROR | routes.auth | auth.py:76 | Unhandled server exception
Traceback (most recent call last):
  File "C:\Users\AA\Desktop\FastAPI\routes\auth.py", line 58, in login
    if not password_hash.verify(user_data.password, user_data.password):
           ^^^^^^^^^^^^^^^^^^^^^^^^^^^^^^^^^^^^^^^^^^^^^^^^^^^^^^^^^^^^
  File "C:\Users\AA\Desktop\FastAPI\.venv\Lib\site-packages\pwdlib\_hash.py", line 85, in verify
    raise exceptions.UnknownHashError(hash)
pwdlib.exceptions.UnknownHashError: This hash can't be identified. Make sure it's valid and that its corresponding hasher is enabled.
2026-01-18 01:07:04,618 | INFO | main | main.py:13 | Application startup
2026-01-18 01:07:14,470 | INFO | main | main.py:13 | Application startup
2026-01-18 01:07:32,447 | INFO | routes.auth | auth.py:61 | User logged in successfully
2026-01-18 01:09:27,506 | INFO | routes.auth | auth.py:117 | User password updated successfully
2026-01-19 08:28:36,596 | INFO | main | main.py:13 | Application startup
2026-01-19 08:28:49,027 | INFO | main | main.py:26 | default root
2026-01-19 08:31:08,554 | INFO | routes.auth | auth.py:43 | User registered successfully
2026-01-19 08:31:34,484 | INFO | routes.auth | auth.py:43 | User registered successfully
2026-01-19 08:34:44,465 | ERROR | routes.auth | auth.py:166 | Unhandled server exception
Traceback (most recent call last):
  File "C:\Users\AA\Desktop\FastAPI\routes\auth.py", line 146, in update_password
    raise HTTPException(status_code= 404, detail= "User not found")
fastapi.exceptions.HTTPException: 404: User not found
2026-01-19 08:36:13,185 | INFO | main | main.py:13 | Application startup
2026-01-19 08:36:20,121 | INFO | main | main.py:13 | Application startup
2026-01-19 08:39:58,012 | INFO | main | main.py:13 | Application startup
2026-01-19 08:40:02,580 | INFO | main | main.py:13 | Application startup
2026-01-19 08:54:49,666 | INFO | main | main.py:13 | Application startup
2026-01-19 08:54:57,959 | INFO | main | main.py:13 | Application startup
2026-01-19 08:55:03,386 | INFO | main | main.py:13 | Application startup
2026-01-19 08:55:11,531 | INFO | main | main.py:13 | Application startup
2026-01-19 08:55:17,622 | INFO | main | main.py:14 | Application startup
2026-01-19 08:55:30,462 | ERROR | routes.auth | auth.py:169 | Unhandled server exception
Traceback (most recent call last):
  File "C:\Users\AA\Desktop\FastAPI\routes\auth.py", line 149, in update_password
    raise HTTPException(status_code= 404, detail= "User not found")
fastapi.exceptions.HTTPException: 404: User not found
2026-01-19 08:56:33,030 | INFO | main | main.py:14 | Application startup
2026-01-19 08:56:56,060 | INFO | main | main.py:15 | Application startup
2026-01-19 08:59:19,402 | INFO | main | main.py:15 | Application startup
2026-01-19 08:59:23,490 | INFO | main | main.py:15 | Application startup
2026-01-19 08:59:30,638 | INFO | main | main.py:15 | Application startup
2026-01-19 08:59:45,357 | INFO | main | main.py:15 | Application startup
2026-01-19 08:59:52,653 | ERROR | routes.auth | auth.py:169 | Unhandled server exception
Traceback (most recent call last):
  File "C:\Users\AA\Desktop\FastAPI\routes\auth.py", line 149, in update_password
    raise error_response(status_code= 404, data= {"message":"User not found"})
          ^^^^^^^^^^^^^^^^^^^^^^^^^^^^^^^^^^^^^^^^^^^^^^^^^^^^^^^^^^^^^^^^^^^^
TypeError: error_response() got an unexpected keyword argument 'data'
2026-01-19 09:00:16,473 | INFO | main | main.py:15 | Application startup
2026-01-19 09:00:25,494 | ERROR | routes.auth | auth.py:169 | Unhandled server exception
Traceback (most recent call last):
  File "C:\Users\AA\Desktop\FastAPI\routes\auth.py", line 149, in update_password
    return error_response(status_code= 404, data= {"message":"User not found"})
           ^^^^^^^^^^^^^^^^^^^^^^^^^^^^^^^^^^^^^^^^^^^^^^^^^^^^^^^^^^^^^^^^^^^^
TypeError: error_response() got an unexpected keyword argument 'data'
2026-01-19 09:00:30,306 | ERROR | routes.auth | auth.py:169 | Unhandled server exception
Traceback (most recent call last):
  File "C:\Users\AA\Desktop\FastAPI\routes\auth.py", line 149, in update_password
    return error_response(status_code= 404, data= {"message":"User not found"})
           ^^^^^^^^^^^^^^^^^^^^^^^^^^^^^^^^^^^^^^^^^^^^^^^^^^^^^^^^^^^^^^^^^^^^
TypeError: error_response() got an unexpected keyword argument 'data'
2026-01-19 09:05:49,412 | INFO | main | main.py:15 | Application startup
2026-01-19 09:06:13,184 | INFO | main | main.py:15 | Application startup
2026-01-19 09:06:30,614 | INFO | main | main.py:15 | Application startup
2026-01-19 09:06:46,959 | INFO | main | main.py:15 | Application startup
2026-01-19 09:06:52,997 | INFO | main | main.py:15 | Application startup
2026-01-19 09:07:32,342 | ERROR | routes.auth | auth.py:107 | Unhandled server exception
Traceback (most recent call last):
  File "C:\Users\AA\Desktop\FastAPI\routes\auth.py", line 78, in login
    raise HTTPException(status_code= 404, detail= "User not found")
fastapi.exceptions.HTTPException: 404: User not found
2026-01-19 09:07:50,249 | INFO | main | main.py:15 | Application startup
2026-01-19 09:07:59,436 | INFO | main | main.py:15 | Application startup
2026-01-19 09:08:04,363 | INFO | main | main.py:15 | Application startup
2026-01-19 09:08:11,338 | INFO | main | main.py:15 | Application startup
2026-01-19 09:08:33,332 | INFO | main | main.py:15 | Application startup
2026-01-19 09:08:38,440 | INFO | main | main.py:15 | Application startup
2026-01-19 09:08:42,912 | INFO | main | main.py:15 | Application startup
2026-01-19 09:08:49,036 | INFO | main | main.py:15 | Application startup
2026-01-19 09:09:21,233 | INFO | main | main.py:15 | Application startup
2026-01-19 09:09:51,406 | INFO | main | main.py:15 | Application startup
2026-01-19 09:09:56,430 | INFO | main | main.py:15 | Application startup
2026-01-19 09:10:00,892 | INFO | main | main.py:15 | Application startup
2026-01-19 09:10:34,426 | INFO | main | main.py:15 | Application startup
2026-01-19 09:10:40,953 | INFO | main | main.py:15 | Application startup
2026-01-19 09:10:45,185 | INFO | main | main.py:15 | Application startup
2026-01-19 09:10:50,547 | INFO | main | main.py:15 | Application startup
2026-01-19 09:14:36,828 | INFO | main | main.py:15 | Application startup
2026-01-19 09:15:52,906 | INFO | main | main.py:15 | Application startup
2026-01-19 09:15:56,751 | INFO | main | main.py:15 | Application startup
2026-01-19 09:20:35,645 | INFO | main | main.py:15 | Application startup
2026-01-19 09:20:44,706 | INFO | main | main.py:15 | Application startup
2026-01-19 09:27:54,686 | INFO | main | main.py:15 | Application startup
2026-01-19 09:29:09,191 | INFO | main | main.py:15 | Application startup
2026-01-19 09:29:22,463 | INFO | main | main.py:15 | Application startup
2026-01-19 09:29:30,899 | INFO | main | main.py:15 | Application startup
2026-01-19 09:29:41,371 | INFO | main | main.py:16 | Application startup
2026-01-19 11:07:46,612 | CRITICAL | routes.auth | auth.py:97 | Database unavailable (OperationalError)
Traceback (most recent call last):
  File "C:\Users\AA\Desktop\FastAPI\.venv\Lib\site-packages\sqlalchemy\engine\base.py", line 1815, in _execute_context
    context = constructor(
              ^^^^^^^^^^^^
  File "C:\Users\AA\Desktop\FastAPI\.venv\Lib\site-packages\sqlalchemy\engine\default.py", line 1438, in _init_compiled
    self.cursor = self.create_cursor()
                  ^^^^^^^^^^^^^^^^^^^^
  File "C:\Users\AA\Desktop\FastAPI\.venv\Lib\site-packages\sqlalchemy\engine\default.py", line 1777, in create_cursor
    return self.create_default_cursor()
           ^^^^^^^^^^^^^^^^^^^^^^^^^^^^
  File "C:\Users\AA\Desktop\FastAPI\.venv\Lib\site-packages\sqlalchemy\dialects\mysql\mysqlconnector.py", line 88, in create_default_cursor
    return self._dbapi_connection.cursor(buffered=True)
           ^^^^^^^^^^^^^^^^^^^^^^^^^^^^^^^^^^^^^^^^^^^^
  File "C:\Users\AA\Desktop\FastAPI\.venv\Lib\site-packages\sqlalchemy\pool\base.py", line 1486, in cursor
    return self.dbapi_connection.cursor(*args, **kwargs)
           ^^^^^^^^^^^^^^^^^^^^^^^^^^^^^^^^^^^^^^^^^^^^^
  File "C:\Users\AA\Desktop\FastAPI\.venv\Lib\site-packages\mysql\connector\connection_cext.py", line 841, in cursor
    raise OperationalError("MySQL Connection not available.")
mysql.connector.errors.OperationalError: MySQL Connection not available.

The above exception was the direct cause of the following exception:

Traceback (most recent call last):
  File "C:\Users\AA\Desktop\FastAPI\routes\auth.py", line 76, in login
    login_user = db.query(User).filter(User.email == user_data.email).first()
                 ^^^^^^^^^^^^^^^^^^^^^^^^^^^^^^^^^^^^^^^^^^^^^^^^^^^^^^^^^^^^
  File "C:\Users\AA\Desktop\FastAPI\.venv\Lib\site-packages\sqlalchemy\orm\query.py", line 2759, in first
    return self.limit(1)._iter().first()  # type: ignore
           ^^^^^^^^^^^^^^^^^^^^^
  File "C:\Users\AA\Desktop\FastAPI\.venv\Lib\site-packages\sqlalchemy\orm\query.py", line 2857, in _iter
    result: Union[ScalarResult[_T], Result[_T]] = self.session.execute(
                                                  ^^^^^^^^^^^^^^^^^^^^^
  File "C:\Users\AA\Desktop\FastAPI\.venv\Lib\site-packages\sqlalchemy\orm\session.py", line 2351, in execute
    return self._execute_internal(
           ^^^^^^^^^^^^^^^^^^^^^^^
  File "C:\Users\AA\Desktop\FastAPI\.venv\Lib\site-packages\sqlalchemy\orm\session.py", line 2249, in _execute_internal
    result: Result[Any] = compile_state_cls.orm_execute_statement(
                          ^^^^^^^^^^^^^^^^^^^^^^^^^^^^^^^^^^^^^^^^
  File "C:\Users\AA\Desktop\FastAPI\.venv\Lib\site-packages\sqlalchemy\orm\context.py", line 306, in orm_execute_statement
    result = conn.execute(
             ^^^^^^^^^^^^^
  File "C:\Users\AA\Desktop\FastAPI\.venv\Lib\site-packages\sqlalchemy\engine\base.py", line 1419, in execute
    return meth(
           ^^^^^
  File "C:\Users\AA\Desktop\FastAPI\.venv\Lib\site-packages\sqlalchemy\sql\elements.py", line 527, in _execute_on_connection
    return connection._execute_clauseelement(
           ^^^^^^^^^^^^^^^^^^^^^^^^^^^^^^^^^^
  File "C:\Users\AA\Desktop\FastAPI\.venv\Lib\site-packages\sqlalchemy\engine\base.py", line 1641, in _execute_clauseelement
    ret = self._execute_context(
          ^^^^^^^^^^^^^^^^^^^^^^
  File "C:\Users\AA\Desktop\FastAPI\.venv\Lib\site-packages\sqlalchemy\engine\base.py", line 1821, in _execute_context
    self._handle_dbapi_exception(
  File "C:\Users\AA\Desktop\FastAPI\.venv\Lib\site-packages\sqlalchemy\engine\base.py", line 2363, in _handle_dbapi_exception
    raise sqlalchemy_exception.with_traceback(exc_info[2]) from e
  File "C:\Users\AA\Desktop\FastAPI\.venv\Lib\site-packages\sqlalchemy\engine\base.py", line 1815, in _execute_context
    context = constructor(
              ^^^^^^^^^^^^
  File "C:\Users\AA\Desktop\FastAPI\.venv\Lib\site-packages\sqlalchemy\engine\default.py", line 1438, in _init_compiled
    self.cursor = self.create_cursor()
                  ^^^^^^^^^^^^^^^^^^^^
  File "C:\Users\AA\Desktop\FastAPI\.venv\Lib\site-packages\sqlalchemy\engine\default.py", line 1777, in create_cursor
    return self.create_default_cursor()
           ^^^^^^^^^^^^^^^^^^^^^^^^^^^^
  File "C:\Users\AA\Desktop\FastAPI\.venv\Lib\site-packages\sqlalchemy\dialects\mysql\mysqlconnector.py", line 88, in create_default_cursor
    return self._dbapi_connection.cursor(buffered=True)
           ^^^^^^^^^^^^^^^^^^^^^^^^^^^^^^^^^^^^^^^^^^^^
  File "C:\Users\AA\Desktop\FastAPI\.venv\Lib\site-packages\sqlalchemy\pool\base.py", line 1486, in cursor
    return self.dbapi_connection.cursor(*args, **kwargs)
           ^^^^^^^^^^^^^^^^^^^^^^^^^^^^^^^^^^^^^^^^^^^^^
  File "C:\Users\AA\Desktop\FastAPI\.venv\Lib\site-packages\mysql\connector\connection_cext.py", line 841, in cursor
    raise OperationalError("MySQL Connection not available.")
sqlalchemy.exc.OperationalError: (mysql.connector.errors.OperationalError) MySQL Connection not available.
[SQL: SELECT users.id AS users_id, users.admin_secret_key AS users_admin_secret_key, users.name AS users_name, users.email AS users_email, users.password AS users_password, users.modified_at AS users_modified_at, users.created_at AS users_created_at 
FROM users 
WHERE users.email = %(email_1)s 
 LIMIT %(param_1)s]
[parameters: [{}]]
(Background on this error at: https://sqlalche.me/e/20/e3q8)
2026-01-19 11:10:42,547 | ERROR | routes.auth | auth.py:136 | Unhandled server exception
Traceback (most recent call last):
  File "C:\Users\AA\Desktop\FastAPI\routes\auth.py", line 116, in logout
    logout_user = db.query(User).filter(User.email == user_email).first()
                  ^^^^^^^^^^^^^^^^^^^^^^^^^^^^^^^^^^^^^^^^^^^^^^^^^^^^^^^
  File "C:\Users\AA\Desktop\FastAPI\.venv\Lib\site-packages\sqlalchemy\orm\query.py", line 2759, in first
    return self.limit(1)._iter().first()  # type: ignore
           ^^^^^^^^^^^^^^^^^^^^^
  File "C:\Users\AA\Desktop\FastAPI\.venv\Lib\site-packages\sqlalchemy\orm\query.py", line 2857, in _iter
    result: Union[ScalarResult[_T], Result[_T]] = self.session.execute(
                                                  ^^^^^^^^^^^^^^^^^^^^^
  File "C:\Users\AA\Desktop\FastAPI\.venv\Lib\site-packages\sqlalchemy\orm\session.py", line 2351, in execute
    return self._execute_internal(
           ^^^^^^^^^^^^^^^^^^^^^^^
  File "C:\Users\AA\Desktop\FastAPI\.venv\Lib\site-packages\sqlalchemy\orm\session.py", line 2249, in _execute_internal
    result: Result[Any] = compile_state_cls.orm_execute_statement(
                          ^^^^^^^^^^^^^^^^^^^^^^^^^^^^^^^^^^^^^^^^
  File "C:\Users\AA\Desktop\FastAPI\.venv\Lib\site-packages\sqlalchemy\orm\context.py", line 306, in orm_execute_statement
    result = conn.execute(
             ^^^^^^^^^^^^^
  File "C:\Users\AA\Desktop\FastAPI\.venv\Lib\site-packages\sqlalchemy\engine\base.py", line 1419, in execute
    return meth(
           ^^^^^
  File "C:\Users\AA\Desktop\FastAPI\.venv\Lib\site-packages\sqlalchemy\sql\elements.py", line 527, in _execute_on_connection
    return connection._execute_clauseelement(
           ^^^^^^^^^^^^^^^^^^^^^^^^^^^^^^^^^^
  File "C:\Users\AA\Desktop\FastAPI\.venv\Lib\site-packages\sqlalchemy\engine\base.py", line 1641, in _execute_clauseelement
    ret = self._execute_context(
          ^^^^^^^^^^^^^^^^^^^^^^
  File "C:\Users\AA\Desktop\FastAPI\.venv\Lib\site-packages\sqlalchemy\engine\base.py", line 1846, in _execute_context
    return self._exec_single_context(
           ^^^^^^^^^^^^^^^^^^^^^^^^^^
  File "C:\Users\AA\Desktop\FastAPI\.venv\Lib\site-packages\sqlalchemy\engine\base.py", line 1986, in _exec_single_context
    self._handle_dbapi_exception(
  File "C:\Users\AA\Desktop\FastAPI\.venv\Lib\site-packages\sqlalchemy\engine\base.py", line 2366, in _handle_dbapi_exception
    raise exc_info[1].with_traceback(exc_info[2])
  File "C:\Users\AA\Desktop\FastAPI\.venv\Lib\site-packages\sqlalchemy\engine\base.py", line 1967, in _exec_single_context
    self.dialect.do_execute(
  File "C:\Users\AA\Desktop\FastAPI\.venv\Lib\site-packages\sqlalchemy\engine\default.py", line 952, in do_execute
    cursor.execute(statement, parameters)
  File "C:\Users\AA\Desktop\FastAPI\.venv\Lib\site-packages\mysql\connector\cursor_cext.py", line 328, in execute
    prepared = self._connection.prepare_for_mysql(params)
               ^^^^^^^^^^^^^^^^^^^^^^^^^^^^^^^^^^^^^^^^^^
  File "C:\Users\AA\Desktop\FastAPI\.venv\Lib\site-packages\mysql\connector\connection_cext.py", line 955, in prepare_for_mysql
    result[key.encode()] = self._cmysql.convert_to_mysql(value)[0]
                           ^^^^^^^^^^^^^^^^^^^^^^^^^^^^^^^^^^^^
_mysql_connector.MySQLInterfaceError: Python type UserEmail cannot be converted
2026-01-19 11:12:46,964 | INFO | main | main.py:16 | Application startup
2026-01-19 11:13:36,147 | INFO | main | main.py:16 | Application startup
2026-01-19 11:14:34,678 | INFO | main | main.py:16 | Application startup
2026-01-19 11:14:43,499 | INFO | main | main.py:16 | Application startup
2026-01-19 11:15:22,068 | INFO | routes.auth | auth.py:154 | User password updated successfully
2026-01-19 11:19:44,840 | INFO | main | main.py:16 | Application startup
2026-01-19 11:19:49,491 | INFO | main | main.py:16 | Application startup
2026-01-19 11:19:54,359 | INFO | main | main.py:16 | Application startup
2026-01-19 11:21:08,169 | INFO | main | main.py:16 | Application startup
2026-01-19 11:24:23,731 | INFO | main | main.py:16 | Application startup
2026-01-19 11:24:29,208 | INFO | main | main.py:16 | Application startup
2026-01-19 11:24:36,000 | INFO | main | main.py:16 | Application startup
2026-01-19 11:24:48,164 | INFO | main | main.py:16 | Application startup
2026-01-19 11:24:52,951 | INFO | main | main.py:16 | Application startup
2026-01-19 11:25:01,403 | INFO | main | main.py:16 | Application startup
2026-01-19 11:25:08,954 | INFO | main | main.py:16 | Application startup
2026-01-19 11:25:13,312 | INFO | main | main.py:16 | Application startup
2026-01-19 11:25:17,796 | INFO | main | main.py:16 | Application startup
2026-01-19 11:25:42,275 | INFO | main | main.py:16 | Application startup
2026-01-19 11:25:47,074 | INFO | main | main.py:16 | Application startup
2026-01-19 11:25:52,007 | INFO | main | main.py:16 | Application startup
2026-01-19 11:26:05,289 | INFO | main | main.py:16 | Application startup
2026-01-19 11:26:10,209 | INFO | main | main.py:16 | Application startup
2026-01-19 11:26:19,294 | INFO | main | main.py:16 | Application startup
2026-01-19 11:26:23,697 | INFO | main | main.py:16 | Application startup
2026-01-19 11:26:33,959 | INFO | main | main.py:16 | Application startup
2026-01-19 11:26:43,059 | INFO | main | main.py:16 | Application startup
2026-01-19 11:28:04,699 | INFO | main | main.py:16 | Application startup
2026-01-19 11:28:10,404 | INFO | main | main.py:16 | Application startup
2026-01-19 11:28:21,316 | INFO | main | main.py:16 | Application startup
2026-01-19 11:28:25,724 | INFO | main | main.py:16 | Application startup
2026-01-19 11:28:30,173 | INFO | main | main.py:16 | Application startup
2026-01-19 11:29:02,032 | INFO | main | main.py:16 | Application startup
2026-01-19 11:29:08,184 | INFO | main | main.py:16 | Application startup
2026-01-19 11:29:15,116 | INFO | main | main.py:16 | Application startup
2026-01-19 11:29:19,530 | INFO | main | main.py:16 | Application startup
2026-01-19 11:29:26,064 | INFO | main | main.py:16 | Application startup
2026-01-19 18:47:28,722 | INFO | main | main.py:16 | Application startup
2026-01-19 18:50:31,419 | INFO | main | main.py:16 | Application startup
2026-01-19 18:53:04,006 | INFO | main | main.py:16 | Application startup
2026-01-19 18:53:15,237 | INFO | main | main.py:16 | Application startup
2026-01-19 18:53:24,377 | INFO | main | main.py:16 | Application startup
2026-01-19 18:53:34,105 | INFO | main | main.py:16 | Application startup
2026-01-19 18:54:10,411 | INFO | main | main.py:16 | Application startup
2026-01-19 18:54:19,807 | INFO | main | main.py:16 | Application startup
2026-01-19 18:55:02,922 | INFO | main | main.py:16 | Application startup
2026-01-19 18:55:22,921 | INFO | main | main.py:16 | Application startup
2026-01-19 18:55:43,464 | INFO | main | main.py:16 | Application startup
2026-01-19 18:55:53,159 | INFO | main | main.py:16 | Application startup
2026-01-19 18:56:02,656 | INFO | main | main.py:16 | Application startup
2026-01-19 18:56:15,138 | INFO | main | main.py:16 | Application startup
2026-01-19 19:02:59,793 | INFO | main | main.py:16 | Application startup
2026-01-19 19:06:52,872 | INFO | routes.quizzes.questions | questions.py:39 | Questions added to DB.
2026-01-19 19:07:59,747 | INFO | main | main.py:16 | Application startup
2026-01-19 19:09:44,246 | INFO | main | main.py:16 | Application startup
2026-01-19 19:09:55,540 | INFO | main | main.py:16 | Application startup
2026-01-19 21:57:19,919 | INFO | main | main.py:16 | Application startup
2026-01-20 21:23:29,078 | INFO | main | main.py:16 | Application startup
2026-01-20 21:23:43,008 | INFO | main | main.py:39 | default root
2026-01-21 23:36:04,077 | INFO | main | main.py:16 | Application startup
2026-01-21 23:36:09,902 | INFO | main | main.py:39 | default root
2026-01-21 23:37:14,372 | INFO | main | main.py:16 | Application startup
2026-01-21 23:38:06,088 | INFO | main | main.py:16 | Application startup
2026-01-21 23:38:17,767 | INFO | main | main.py:16 | Application startup
2026-01-21 23:38:29,480 | INFO | main | main.py:16 | Application startup
2026-01-21 23:40:28,495 | INFO | main | main.py:16 | Application startup
2026-01-22 14:33:24,227 | INFO | main | main.py:16 | Application startup
2026-01-23 13:54:03,955 | INFO | main | main.py:16 | Application startup
2026-01-23 13:56:15,944 | INFO | main | main.py:16 | Application startup
2026-01-23 14:01:41,107 | INFO | main | main.py:16 | Application startup
2026-01-23 14:01:45,463 | INFO | main | main.py:16 | Application startup
2026-01-23 14:03:03,684 | INFO | main | main.py:16 | Application startup
2026-01-23 14:03:14,623 | INFO | main | main.py:16 | Application startup
2026-01-23 14:03:24,682 | INFO | main | main.py:16 | Application startup
2026-01-23 14:03:28,899 | INFO | main | main.py:16 | Application startup
2026-01-23 14:03:33,410 | INFO | main | main.py:16 | Application startup
2026-01-23 14:05:39,108 | INFO | main | main.py:16 | Application startup
2026-01-23 14:06:13,804 | INFO | main | main.py:16 | Application startup
2026-01-23 14:06:39,139 | ERROR | routes.auth | auth.py:61 | Database error (SQLAlchemyError)
Traceback (most recent call last):
  File "C:\Users\AA\Desktop\FastAPI\.venv\Lib\site-packages\mysql\connector\connection_cext.py", line 772, in cmd_query
    self._cmysql.query(
_mysql_connector.MySQLInterfaceError: Unknown column 'users.secret_key' in 'field list'

The above exception was the direct cause of the following exception:

Traceback (most recent call last):
  File "C:\Users\AA\Desktop\FastAPI\.venv\Lib\site-packages\sqlalchemy\engine\base.py", line 1967, in _exec_single_context
    self.dialect.do_execute(
  File "C:\Users\AA\Desktop\FastAPI\.venv\Lib\site-packages\sqlalchemy\engine\default.py", line 952, in do_execute
    cursor.execute(statement, parameters)
  File "C:\Users\AA\Desktop\FastAPI\.venv\Lib\site-packages\mysql\connector\cursor_cext.py", line 353, in execute
    self._connection.cmd_query(
  File "C:\Users\AA\Desktop\FastAPI\.venv\Lib\site-packages\mysql\connector\opentelemetry\context_propagation.py", line 97, in wrapper
    return method(cnx, *args, **kwargs)
           ^^^^^^^^^^^^^^^^^^^^^^^^^^^^
  File "C:\Users\AA\Desktop\FastAPI\.venv\Lib\site-packages\mysql\connector\connection_cext.py", line 781, in cmd_query
    raise get_mysql_exception(
mysql.connector.errors.ProgrammingError: 1054 (42S22): Unknown column 'users.secret_key' in 'field list'

The above exception was the direct cause of the following exception:

Traceback (most recent call last):
  File "C:\Users\AA\Desktop\FastAPI\routes\auth.py", line 41, in register
    if db.query(User).filter(User.email== user_data.email).first():
       ^^^^^^^^^^^^^^^^^^^^^^^^^^^^^^^^^^^^^^^^^^^^^^^^^^^^^^^^^^^
  File "C:\Users\AA\Desktop\FastAPI\.venv\Lib\site-packages\sqlalchemy\orm\query.py", line 2759, in first
    return self.limit(1)._iter().first()  # type: ignore
           ^^^^^^^^^^^^^^^^^^^^^
  File "C:\Users\AA\Desktop\FastAPI\.venv\Lib\site-packages\sqlalchemy\orm\query.py", line 2857, in _iter
    result: Union[ScalarResult[_T], Result[_T]] = self.session.execute(
                                                  ^^^^^^^^^^^^^^^^^^^^^
  File "C:\Users\AA\Desktop\FastAPI\.venv\Lib\site-packages\sqlalchemy\orm\session.py", line 2351, in execute
    return self._execute_internal(
           ^^^^^^^^^^^^^^^^^^^^^^^
  File "C:\Users\AA\Desktop\FastAPI\.venv\Lib\site-packages\sqlalchemy\orm\session.py", line 2249, in _execute_internal
    result: Result[Any] = compile_state_cls.orm_execute_statement(
                          ^^^^^^^^^^^^^^^^^^^^^^^^^^^^^^^^^^^^^^^^
  File "C:\Users\AA\Desktop\FastAPI\.venv\Lib\site-packages\sqlalchemy\orm\context.py", line 306, in orm_execute_statement
    result = conn.execute(
             ^^^^^^^^^^^^^
  File "C:\Users\AA\Desktop\FastAPI\.venv\Lib\site-packages\sqlalchemy\engine\base.py", line 1419, in execute
    return meth(
           ^^^^^
  File "C:\Users\AA\Desktop\FastAPI\.venv\Lib\site-packages\sqlalchemy\sql\elements.py", line 527, in _execute_on_connection
    return connection._execute_clauseelement(
           ^^^^^^^^^^^^^^^^^^^^^^^^^^^^^^^^^^
  File "C:\Users\AA\Desktop\FastAPI\.venv\Lib\site-packages\sqlalchemy\engine\base.py", line 1641, in _execute_clauseelement
    ret = self._execute_context(
          ^^^^^^^^^^^^^^^^^^^^^^
  File "C:\Users\AA\Desktop\FastAPI\.venv\Lib\site-packages\sqlalchemy\engine\base.py", line 1846, in _execute_context
    return self._exec_single_context(
           ^^^^^^^^^^^^^^^^^^^^^^^^^^
  File "C:\Users\AA\Desktop\FastAPI\.venv\Lib\site-packages\sqlalchemy\engine\base.py", line 1986, in _exec_single_context
    self._handle_dbapi_exception(
  File "C:\Users\AA\Desktop\FastAPI\.venv\Lib\site-packages\sqlalchemy\engine\base.py", line 2363, in _handle_dbapi_exception
    raise sqlalchemy_exception.with_traceback(exc_info[2]) from e
  File "C:\Users\AA\Desktop\FastAPI\.venv\Lib\site-packages\sqlalchemy\engine\base.py", line 1967, in _exec_single_context
    self.dialect.do_execute(
  File "C:\Users\AA\Desktop\FastAPI\.venv\Lib\site-packages\sqlalchemy\engine\default.py", line 952, in do_execute
    cursor.execute(statement, parameters)
  File "C:\Users\AA\Desktop\FastAPI\.venv\Lib\site-packages\mysql\connector\cursor_cext.py", line 353, in execute
    self._connection.cmd_query(
  File "C:\Users\AA\Desktop\FastAPI\.venv\Lib\site-packages\mysql\connector\opentelemetry\context_propagation.py", line 97, in wrapper
    return method(cnx, *args, **kwargs)
           ^^^^^^^^^^^^^^^^^^^^^^^^^^^^
  File "C:\Users\AA\Desktop\FastAPI\.venv\Lib\site-packages\mysql\connector\connection_cext.py", line 781, in cmd_query
    raise get_mysql_exception(
sqlalchemy.exc.ProgrammingError: (mysql.connector.errors.ProgrammingError) 1054 (42S22): Unknown column 'users.secret_key' in 'field list'
[SQL: SELECT users.id AS users_id, users.admin_secret_key AS users_admin_secret_key, users.name AS users_name, users.email AS users_email, users.password AS users_password, users.secret_key AS users_secret_key, users.modified_at AS users_modified_at, users.created_at AS users_created_at 
FROM users 
WHERE users.email = %(email_1)s 
 LIMIT %(param_1)s]
[parameters: {'email_1': 'demotbsx@gmail.com', 'param_1': 1}]
(Background on this error at: https://sqlalche.me/e/20/f405)
2026-01-23 14:07:33,978 | INFO | main | main.py:16 | Application startup
2026-01-23 14:07:37,901 | INFO | main | main.py:16 | Application startup
2026-01-23 14:09:41,202 | INFO | main | main.py:16 | Application startup
2026-01-23 14:10:55,027 | INFO | main | main.py:16 | Application startup
2026-01-23 14:11:22,580 | ERROR | routes.auth | auth.py:61 | Database error (SQLAlchemyError)
Traceback (most recent call last):
  File "C:\Users\AA\Desktop\FastAPI\.venv\Lib\site-packages\mysql\connector\connection_cext.py", line 772, in cmd_query
    self._cmysql.query(
_mysql_connector.MySQLInterfaceError: Unknown column 'users.secret_key' in 'field list'

The above exception was the direct cause of the following exception:

Traceback (most recent call last):
  File "C:\Users\AA\Desktop\FastAPI\.venv\Lib\site-packages\sqlalchemy\engine\base.py", line 1967, in _exec_single_context
    self.dialect.do_execute(
  File "C:\Users\AA\Desktop\FastAPI\.venv\Lib\site-packages\sqlalchemy\engine\default.py", line 952, in do_execute
    cursor.execute(statement, parameters)
  File "C:\Users\AA\Desktop\FastAPI\.venv\Lib\site-packages\mysql\connector\cursor_cext.py", line 353, in execute
    self._connection.cmd_query(
  File "C:\Users\AA\Desktop\FastAPI\.venv\Lib\site-packages\mysql\connector\opentelemetry\context_propagation.py", line 97, in wrapper
    return method(cnx, *args, **kwargs)
           ^^^^^^^^^^^^^^^^^^^^^^^^^^^^
  File "C:\Users\AA\Desktop\FastAPI\.venv\Lib\site-packages\mysql\connector\connection_cext.py", line 781, in cmd_query
    raise get_mysql_exception(
mysql.connector.errors.ProgrammingError: 1054 (42S22): Unknown column 'users.secret_key' in 'field list'

The above exception was the direct cause of the following exception:

Traceback (most recent call last):
  File "C:\Users\AA\Desktop\FastAPI\routes\auth.py", line 41, in register
    if db.query(User).filter(User.email== user_data.email).first():
       ^^^^^^^^^^^^^^^^^^^^^^^^^^^^^^^^^^^^^^^^^^^^^^^^^^^^^^^^^^^
  File "C:\Users\AA\Desktop\FastAPI\.venv\Lib\site-packages\sqlalchemy\orm\query.py", line 2759, in first
    return self.limit(1)._iter().first()  # type: ignore
           ^^^^^^^^^^^^^^^^^^^^^
  File "C:\Users\AA\Desktop\FastAPI\.venv\Lib\site-packages\sqlalchemy\orm\query.py", line 2857, in _iter
    result: Union[ScalarResult[_T], Result[_T]] = self.session.execute(
                                                  ^^^^^^^^^^^^^^^^^^^^^
  File "C:\Users\AA\Desktop\FastAPI\.venv\Lib\site-packages\sqlalchemy\orm\session.py", line 2351, in execute
    return self._execute_internal(
           ^^^^^^^^^^^^^^^^^^^^^^^
  File "C:\Users\AA\Desktop\FastAPI\.venv\Lib\site-packages\sqlalchemy\orm\session.py", line 2249, in _execute_internal
    result: Result[Any] = compile_state_cls.orm_execute_statement(
                          ^^^^^^^^^^^^^^^^^^^^^^^^^^^^^^^^^^^^^^^^
  File "C:\Users\AA\Desktop\FastAPI\.venv\Lib\site-packages\sqlalchemy\orm\context.py", line 306, in orm_execute_statement
    result = conn.execute(
             ^^^^^^^^^^^^^
  File "C:\Users\AA\Desktop\FastAPI\.venv\Lib\site-packages\sqlalchemy\engine\base.py", line 1419, in execute
    return meth(
           ^^^^^
  File "C:\Users\AA\Desktop\FastAPI\.venv\Lib\site-packages\sqlalchemy\sql\elements.py", line 527, in _execute_on_connection
    return connection._execute_clauseelement(
           ^^^^^^^^^^^^^^^^^^^^^^^^^^^^^^^^^^
  File "C:\Users\AA\Desktop\FastAPI\.venv\Lib\site-packages\sqlalchemy\engine\base.py", line 1641, in _execute_clauseelement
    ret = self._execute_context(
          ^^^^^^^^^^^^^^^^^^^^^^
  File "C:\Users\AA\Desktop\FastAPI\.venv\Lib\site-packages\sqlalchemy\engine\base.py", line 1846, in _execute_context
    return self._exec_single_context(
           ^^^^^^^^^^^^^^^^^^^^^^^^^^
  File "C:\Users\AA\Desktop\FastAPI\.venv\Lib\site-packages\sqlalchemy\engine\base.py", line 1986, in _exec_single_context
    self._handle_dbapi_exception(
  File "C:\Users\AA\Desktop\FastAPI\.venv\Lib\site-packages\sqlalchemy\engine\base.py", line 2363, in _handle_dbapi_exception
    raise sqlalchemy_exception.with_traceback(exc_info[2]) from e
  File "C:\Users\AA\Desktop\FastAPI\.venv\Lib\site-packages\sqlalchemy\engine\base.py", line 1967, in _exec_single_context
    self.dialect.do_execute(
  File "C:\Users\AA\Desktop\FastAPI\.venv\Lib\site-packages\sqlalchemy\engine\default.py", line 952, in do_execute
    cursor.execute(statement, parameters)
  File "C:\Users\AA\Desktop\FastAPI\.venv\Lib\site-packages\mysql\connector\cursor_cext.py", line 353, in execute
    self._connection.cmd_query(
  File "C:\Users\AA\Desktop\FastAPI\.venv\Lib\site-packages\mysql\connector\opentelemetry\context_propagation.py", line 97, in wrapper
    return method(cnx, *args, **kwargs)
           ^^^^^^^^^^^^^^^^^^^^^^^^^^^^
  File "C:\Users\AA\Desktop\FastAPI\.venv\Lib\site-packages\mysql\connector\connection_cext.py", line 781, in cmd_query
    raise get_mysql_exception(
sqlalchemy.exc.ProgrammingError: (mysql.connector.errors.ProgrammingError) 1054 (42S22): Unknown column 'users.secret_key' in 'field list'
[SQL: SELECT users.id AS users_id, users.admin_secret_key AS users_admin_secret_key, users.name AS users_name, users.email AS users_email, users.password AS users_password, users.secret_key AS users_secret_key, users.modified_at AS users_modified_at, users.created_at AS users_created_at 
FROM users 
WHERE users.email = %(email_1)s 
 LIMIT %(param_1)s]
[parameters: {'email_1': 'demotbsx@gmail.com', 'param_1': 1}]
(Background on this error at: https://sqlalche.me/e/20/f405)
2026-01-23 14:12:01,294 | ERROR | routes.auth | auth.py:61 | Database error (SQLAlchemyError)
Traceback (most recent call last):
  File "C:\Users\AA\Desktop\FastAPI\.venv\Lib\site-packages\mysql\connector\connection_cext.py", line 772, in cmd_query
    self._cmysql.query(
_mysql_connector.MySQLInterfaceError: Unknown column 'users.secret_key' in 'field list'

The above exception was the direct cause of the following exception:

Traceback (most recent call last):
  File "C:\Users\AA\Desktop\FastAPI\.venv\Lib\site-packages\sqlalchemy\engine\base.py", line 1967, in _exec_single_context
    self.dialect.do_execute(
  File "C:\Users\AA\Desktop\FastAPI\.venv\Lib\site-packages\sqlalchemy\engine\default.py", line 952, in do_execute
    cursor.execute(statement, parameters)
  File "C:\Users\AA\Desktop\FastAPI\.venv\Lib\site-packages\mysql\connector\cursor_cext.py", line 353, in execute
    self._connection.cmd_query(
  File "C:\Users\AA\Desktop\FastAPI\.venv\Lib\site-packages\mysql\connector\opentelemetry\context_propagation.py", line 97, in wrapper
    return method(cnx, *args, **kwargs)
           ^^^^^^^^^^^^^^^^^^^^^^^^^^^^
  File "C:\Users\AA\Desktop\FastAPI\.venv\Lib\site-packages\mysql\connector\connection_cext.py", line 781, in cmd_query
    raise get_mysql_exception(
mysql.connector.errors.ProgrammingError: 1054 (42S22): Unknown column 'users.secret_key' in 'field list'

The above exception was the direct cause of the following exception:

Traceback (most recent call last):
  File "C:\Users\AA\Desktop\FastAPI\routes\auth.py", line 41, in register
    if db.query(User).filter(User.email== user_data.email).first():
       ^^^^^^^^^^^^^^^^^^^^^^^^^^^^^^^^^^^^^^^^^^^^^^^^^^^^^^^^^^^
  File "C:\Users\AA\Desktop\FastAPI\.venv\Lib\site-packages\sqlalchemy\orm\query.py", line 2759, in first
    return self.limit(1)._iter().first()  # type: ignore
           ^^^^^^^^^^^^^^^^^^^^^
  File "C:\Users\AA\Desktop\FastAPI\.venv\Lib\site-packages\sqlalchemy\orm\query.py", line 2857, in _iter
    result: Union[ScalarResult[_T], Result[_T]] = self.session.execute(
                                                  ^^^^^^^^^^^^^^^^^^^^^
  File "C:\Users\AA\Desktop\FastAPI\.venv\Lib\site-packages\sqlalchemy\orm\session.py", line 2351, in execute
    return self._execute_internal(
           ^^^^^^^^^^^^^^^^^^^^^^^
  File "C:\Users\AA\Desktop\FastAPI\.venv\Lib\site-packages\sqlalchemy\orm\session.py", line 2249, in _execute_internal
    result: Result[Any] = compile_state_cls.orm_execute_statement(
                          ^^^^^^^^^^^^^^^^^^^^^^^^^^^^^^^^^^^^^^^^
  File "C:\Users\AA\Desktop\FastAPI\.venv\Lib\site-packages\sqlalchemy\orm\context.py", line 306, in orm_execute_statement
    result = conn.execute(
             ^^^^^^^^^^^^^
  File "C:\Users\AA\Desktop\FastAPI\.venv\Lib\site-packages\sqlalchemy\engine\base.py", line 1419, in execute
    return meth(
           ^^^^^
  File "C:\Users\AA\Desktop\FastAPI\.venv\Lib\site-packages\sqlalchemy\sql\elements.py", line 527, in _execute_on_connection
    return connection._execute_clauseelement(
           ^^^^^^^^^^^^^^^^^^^^^^^^^^^^^^^^^^
  File "C:\Users\AA\Desktop\FastAPI\.venv\Lib\site-packages\sqlalchemy\engine\base.py", line 1641, in _execute_clauseelement
    ret = self._execute_context(
          ^^^^^^^^^^^^^^^^^^^^^^
  File "C:\Users\AA\Desktop\FastAPI\.venv\Lib\site-packages\sqlalchemy\engine\base.py", line 1846, in _execute_context
    return self._exec_single_context(
           ^^^^^^^^^^^^^^^^^^^^^^^^^^
  File "C:\Users\AA\Desktop\FastAPI\.venv\Lib\site-packages\sqlalchemy\engine\base.py", line 1986, in _exec_single_context
    self._handle_dbapi_exception(
  File "C:\Users\AA\Desktop\FastAPI\.venv\Lib\site-packages\sqlalchemy\engine\base.py", line 2363, in _handle_dbapi_exception
    raise sqlalchemy_exception.with_traceback(exc_info[2]) from e
  File "C:\Users\AA\Desktop\FastAPI\.venv\Lib\site-packages\sqlalchemy\engine\base.py", line 1967, in _exec_single_context
    self.dialect.do_execute(
  File "C:\Users\AA\Desktop\FastAPI\.venv\Lib\site-packages\sqlalchemy\engine\default.py", line 952, in do_execute
    cursor.execute(statement, parameters)
  File "C:\Users\AA\Desktop\FastAPI\.venv\Lib\site-packages\mysql\connector\cursor_cext.py", line 353, in execute
    self._connection.cmd_query(
  File "C:\Users\AA\Desktop\FastAPI\.venv\Lib\site-packages\mysql\connector\opentelemetry\context_propagation.py", line 97, in wrapper
    return method(cnx, *args, **kwargs)
           ^^^^^^^^^^^^^^^^^^^^^^^^^^^^
  File "C:\Users\AA\Desktop\FastAPI\.venv\Lib\site-packages\mysql\connector\connection_cext.py", line 781, in cmd_query
    raise get_mysql_exception(
sqlalchemy.exc.ProgrammingError: (mysql.connector.errors.ProgrammingError) 1054 (42S22): Unknown column 'users.secret_key' in 'field list'
[SQL: SELECT users.id AS users_id, users.admin_secret_key AS users_admin_secret_key, users.name AS users_name, users.email AS users_email, users.password AS users_password, users.secret_key AS users_secret_key, users.modified_at AS users_modified_at, users.created_at AS users_created_at 
FROM users 
WHERE users.email = %(email_1)s 
 LIMIT %(param_1)s]
[parameters: {'email_1': 'demotbsx@gmail.com', 'param_1': 1}]
(Background on this error at: https://sqlalche.me/e/20/f405)
2026-01-23 14:13:37,153 | INFO | main | main.py:16 | Application startup
2026-01-23 14:13:43,300 | INFO | main | main.py:16 | Application startup
2026-01-23 14:13:51,996 | INFO | main | main.py:16 | Application startup
2026-01-23 14:14:16,352 | ERROR | routes.auth | auth.py:61 | Database error (SQLAlchemyError)
Traceback (most recent call last):
  File "C:\Users\AA\Desktop\FastAPI\.venv\Lib\site-packages\mysql\connector\connection_cext.py", line 772, in cmd_query
    self._cmysql.query(
_mysql_connector.MySQLInterfaceError: Unknown column 'users.secret_key' in 'field list'

The above exception was the direct cause of the following exception:

Traceback (most recent call last):
  File "C:\Users\AA\Desktop\FastAPI\.venv\Lib\site-packages\sqlalchemy\engine\base.py", line 1967, in _exec_single_context
    self.dialect.do_execute(
  File "C:\Users\AA\Desktop\FastAPI\.venv\Lib\site-packages\sqlalchemy\engine\default.py", line 952, in do_execute
    cursor.execute(statement, parameters)
  File "C:\Users\AA\Desktop\FastAPI\.venv\Lib\site-packages\mysql\connector\cursor_cext.py", line 353, in execute
    self._connection.cmd_query(
  File "C:\Users\AA\Desktop\FastAPI\.venv\Lib\site-packages\mysql\connector\opentelemetry\context_propagation.py", line 97, in wrapper
    return method(cnx, *args, **kwargs)
           ^^^^^^^^^^^^^^^^^^^^^^^^^^^^
  File "C:\Users\AA\Desktop\FastAPI\.venv\Lib\site-packages\mysql\connector\connection_cext.py", line 781, in cmd_query
    raise get_mysql_exception(
mysql.connector.errors.ProgrammingError: 1054 (42S22): Unknown column 'users.secret_key' in 'field list'

The above exception was the direct cause of the following exception:

Traceback (most recent call last):
  File "C:\Users\AA\Desktop\FastAPI\routes\auth.py", line 41, in register
    if db.query(User).filter(User.email== user_data.email).first():
       ^^^^^^^^^^^^^^^^^^^^^^^^^^^^^^^^^^^^^^^^^^^^^^^^^^^^^^^^^^^
  File "C:\Users\AA\Desktop\FastAPI\.venv\Lib\site-packages\sqlalchemy\orm\query.py", line 2759, in first
    return self.limit(1)._iter().first()  # type: ignore
           ^^^^^^^^^^^^^^^^^^^^^
  File "C:\Users\AA\Desktop\FastAPI\.venv\Lib\site-packages\sqlalchemy\orm\query.py", line 2857, in _iter
    result: Union[ScalarResult[_T], Result[_T]] = self.session.execute(
                                                  ^^^^^^^^^^^^^^^^^^^^^
  File "C:\Users\AA\Desktop\FastAPI\.venv\Lib\site-packages\sqlalchemy\orm\session.py", line 2351, in execute
    return self._execute_internal(
           ^^^^^^^^^^^^^^^^^^^^^^^
  File "C:\Users\AA\Desktop\FastAPI\.venv\Lib\site-packages\sqlalchemy\orm\session.py", line 2249, in _execute_internal
    result: Result[Any] = compile_state_cls.orm_execute_statement(
                          ^^^^^^^^^^^^^^^^^^^^^^^^^^^^^^^^^^^^^^^^
  File "C:\Users\AA\Desktop\FastAPI\.venv\Lib\site-packages\sqlalchemy\orm\context.py", line 306, in orm_execute_statement
    result = conn.execute(
             ^^^^^^^^^^^^^
  File "C:\Users\AA\Desktop\FastAPI\.venv\Lib\site-packages\sqlalchemy\engine\base.py", line 1419, in execute
    return meth(
           ^^^^^
  File "C:\Users\AA\Desktop\FastAPI\.venv\Lib\site-packages\sqlalchemy\sql\elements.py", line 527, in _execute_on_connection
    return connection._execute_clauseelement(
           ^^^^^^^^^^^^^^^^^^^^^^^^^^^^^^^^^^
  File "C:\Users\AA\Desktop\FastAPI\.venv\Lib\site-packages\sqlalchemy\engine\base.py", line 1641, in _execute_clauseelement
    ret = self._execute_context(
          ^^^^^^^^^^^^^^^^^^^^^^
  File "C:\Users\AA\Desktop\FastAPI\.venv\Lib\site-packages\sqlalchemy\engine\base.py", line 1846, in _execute_context
    return self._exec_single_context(
           ^^^^^^^^^^^^^^^^^^^^^^^^^^
  File "C:\Users\AA\Desktop\FastAPI\.venv\Lib\site-packages\sqlalchemy\engine\base.py", line 1986, in _exec_single_context
    self._handle_dbapi_exception(
  File "C:\Users\AA\Desktop\FastAPI\.venv\Lib\site-packages\sqlalchemy\engine\base.py", line 2363, in _handle_dbapi_exception
    raise sqlalchemy_exception.with_traceback(exc_info[2]) from e
  File "C:\Users\AA\Desktop\FastAPI\.venv\Lib\site-packages\sqlalchemy\engine\base.py", line 1967, in _exec_single_context
    self.dialect.do_execute(
  File "C:\Users\AA\Desktop\FastAPI\.venv\Lib\site-packages\sqlalchemy\engine\default.py", line 952, in do_execute
    cursor.execute(statement, parameters)
  File "C:\Users\AA\Desktop\FastAPI\.venv\Lib\site-packages\mysql\connector\cursor_cext.py", line 353, in execute
    self._connection.cmd_query(
  File "C:\Users\AA\Desktop\FastAPI\.venv\Lib\site-packages\mysql\connector\opentelemetry\context_propagation.py", line 97, in wrapper
    return method(cnx, *args, **kwargs)
           ^^^^^^^^^^^^^^^^^^^^^^^^^^^^
  File "C:\Users\AA\Desktop\FastAPI\.venv\Lib\site-packages\mysql\connector\connection_cext.py", line 781, in cmd_query
    raise get_mysql_exception(
sqlalchemy.exc.ProgrammingError: (mysql.connector.errors.ProgrammingError) 1054 (42S22): Unknown column 'users.secret_key' in 'field list'
[SQL: SELECT users.id AS users_id, users.admin_secret_key AS users_admin_secret_key, users.name AS users_name, users.email AS users_email, users.password AS users_password, users.secret_key AS users_secret_key, users.modified_at AS users_modified_at, users.created_at AS users_created_at 
FROM users 
WHERE users.email = %(email_1)s 
 LIMIT %(param_1)s]
[parameters: {'email_1': 'demotbsx@gmail.com', 'param_1': 1}]
(Background on this error at: https://sqlalche.me/e/20/f405)
2026-01-23 14:17:26,057 | INFO | main | main.py:16 | Application startup
2026-01-23 14:17:30,650 | INFO | main | main.py:16 | Application startup
2026-01-23 14:17:37,261 | INFO | main | main.py:16 | Application startup
2026-01-23 14:17:41,311 | INFO | main | main.py:16 | Application startup
2026-01-23 14:17:45,173 | ERROR | routes.auth | auth.py:66 | Unhandled server exception
Traceback (most recent call last):
  File "C:\Users\AA\Desktop\FastAPI\routes\auth.py", line 44, in register
    registered_user = User(name = user_data.name, admin_secret_key= user_data.admin_secret_key,
                      ^^^^^^^^^^^^^^^^^^^^^^^^^^^^^^^^^^^^^^^^^^^^^^^^^^^^^^^^^^^^^^^^^^^^^^^^^
  File "<string>", line 4, in __init__
  File "C:\Users\AA\Desktop\FastAPI\.venv\Lib\site-packages\sqlalchemy\orm\state.py", line 596, in _initialize_instance
    with util.safe_reraise():
         ^^^^^^^^^^^^^^^^^^^
  File "C:\Users\AA\Desktop\FastAPI\.venv\Lib\site-packages\sqlalchemy\util\langhelpers.py", line 224, in __exit__
    raise exc_value.with_traceback(exc_tb)
  File "C:\Users\AA\Desktop\FastAPI\.venv\Lib\site-packages\sqlalchemy\orm\state.py", line 594, in _initialize_instance
    manager.original_init(*mixed[1:], **kwargs)
  File "C:\Users\AA\Desktop\FastAPI\.venv\Lib\site-packages\sqlalchemy\orm\decl_base.py", line 2179, in _declarative_constructor
    raise TypeError(
TypeError: 'otp_secrect' is an invalid keyword argument for User
2026-01-23 14:17:58,106 | ERROR | routes.auth | auth.py:66 | Unhandled server exception
Traceback (most recent call last):
  File "C:\Users\AA\Desktop\FastAPI\routes\auth.py", line 44, in register
    registered_user = User(name = user_data.name, admin_secret_key= user_data.admin_secret_key,
                      ^^^^^^^^^^^^^^^^^^^^^^^^^^^^^^^^^^^^^^^^^^^^^^^^^^^^^^^^^^^^^^^^^^^^^^^^^
  File "<string>", line 4, in __init__
  File "C:\Users\AA\Desktop\FastAPI\.venv\Lib\site-packages\sqlalchemy\orm\state.py", line 596, in _initialize_instance
    with util.safe_reraise():
         ^^^^^^^^^^^^^^^^^^^
  File "C:\Users\AA\Desktop\FastAPI\.venv\Lib\site-packages\sqlalchemy\util\langhelpers.py", line 224, in __exit__
    raise exc_value.with_traceback(exc_tb)
  File "C:\Users\AA\Desktop\FastAPI\.venv\Lib\site-packages\sqlalchemy\orm\state.py", line 594, in _initialize_instance
    manager.original_init(*mixed[1:], **kwargs)
  File "C:\Users\AA\Desktop\FastAPI\.venv\Lib\site-packages\sqlalchemy\orm\decl_base.py", line 2179, in _declarative_constructor
    raise TypeError(
TypeError: 'otp_secrect' is an invalid keyword argument for User
2026-01-23 14:19:05,658 | INFO | main | main.py:16 | Application startup
2026-01-23 14:20:14,341 | ERROR | routes.auth | auth.py:65 | Unhandled server exception
Traceback (most recent call last):
  File "C:\Users\AA\Desktop\FastAPI\routes\auth.py", line 44, in register
    registered_user = User(name = user_data.name, admin_secret_key= user_data.admin_secret_key,
                      ^^^^^^^^^^^^^^^^^^^^^^^^^^^^^^^^^^^^^^^^^^^^^^^^^^^^^^^^^^^^^^^^^^^^^^^^^
  File "<string>", line 4, in __init__
  File "C:\Users\AA\Desktop\FastAPI\.venv\Lib\site-packages\sqlalchemy\orm\state.py", line 596, in _initialize_instance
    with util.safe_reraise():
         ^^^^^^^^^^^^^^^^^^^
  File "C:\Users\AA\Desktop\FastAPI\.venv\Lib\site-packages\sqlalchemy\util\langhelpers.py", line 224, in __exit__
    raise exc_value.with_traceback(exc_tb)
  File "C:\Users\AA\Desktop\FastAPI\.venv\Lib\site-packages\sqlalchemy\orm\state.py", line 594, in _initialize_instance
    manager.original_init(*mixed[1:], **kwargs)
  File "C:\Users\AA\Desktop\FastAPI\.venv\Lib\site-packages\sqlalchemy\orm\decl_base.py", line 2179, in _declarative_constructor
    raise TypeError(
TypeError: 'otp_secrect' is an invalid keyword argument for User
2026-01-23 14:20:52,445 | INFO | main | main.py:16 | Application startup
2026-01-23 14:21:01,409 | INFO | routes.auth | auth.py:49 | User registered successfully
2026-01-23 14:22:54,642 | ERROR | routes.auth | auth.py:110 | Unhandled server exception
Traceback (most recent call last):
  File "C:\Users\AA\Desktop\FastAPI\routes\auth.py", line 88, in login
    access_token = create_access_token({ "user_id": login_user.id, "email": login_user.email })
                   ^^^^^^^^^^^^^^^^^^^^^^^^^^^^^^^^^^^^^^^^^^^^^^^^^^^^^^^^^^^^^^^^^^^^^^^^^^^^
  File "C:\Users\AA\Desktop\FastAPI\utils\security.py", line 35, in create_access_token
    expire = datetime.utc() + timedelta(minutes=ACCESS_TOKEN_EXPIRE_MINUTES)
             ^^^^^^^^^^^^
AttributeError: type object 'datetime.datetime' has no attribute 'utc'
2026-01-23 14:23:00,051 | ERROR | routes.auth | auth.py:110 | Unhandled server exception
Traceback (most recent call last):
  File "C:\Users\AA\Desktop\FastAPI\routes\auth.py", line 88, in login
    access_token = create_access_token({ "user_id": login_user.id, "email": login_user.email })
                   ^^^^^^^^^^^^^^^^^^^^^^^^^^^^^^^^^^^^^^^^^^^^^^^^^^^^^^^^^^^^^^^^^^^^^^^^^^^^
  File "C:\Users\AA\Desktop\FastAPI\utils\security.py", line 35, in create_access_token
    expire = datetime.utc() + timedelta(minutes=ACCESS_TOKEN_EXPIRE_MINUTES)
             ^^^^^^^^^^^^
AttributeError: type object 'datetime.datetime' has no attribute 'utc'
2026-01-23 14:24:49,426 | INFO | main | main.py:16 | Application startup
2026-01-23 14:24:56,982 | INFO | routes.auth | auth.py:92 | User logged in successfully
2026-01-23 14:26:36,926 | ERROR | routes.auth | auth.py:171 | Unhandled server exception
Traceback (most recent call last):
  File "C:\Users\AA\Desktop\FastAPI\routes\auth.py", line 152, in get_otp
    otp = generate_totp(secret= is_email_valid.secret_key)
                                ^^^^^^^^^^^^^^^^^^^^^^^^^
AttributeError: 'User' object has no attribute 'secret_key'
2026-01-23 14:27:04,628 | INFO | main | main.py:16 | Application startup
2026-01-23 14:27:15,303 | INFO | main | main.py:16 | Application startup
2026-01-23 14:29:36,274 | INFO | main | main.py:16 | Application startup
2026-01-23 14:29:45,019 | INFO | main | main.py:16 | Application startup
2026-01-23 14:29:54,466 | INFO | main | main.py:16 | Application startup
2026-01-23 14:30:31,258 | INFO | main | main.py:16 | Application startup
2026-01-23 14:30:44,173 | INFO | main | main.py:16 | Application startup
2026-01-23 14:31:01,609 | INFO | main | main.py:16 | Application startup
2026-01-23 14:31:09,048 | INFO | main | main.py:16 | Application startup
2026-01-23 14:32:33,399 | INFO | main | main.py:16 | Application startup
2026-01-23 14:32:43,992 | INFO | main | main.py:16 | Application startup
2026-01-23 14:33:00,594 | ERROR | routes.auth | auth.py:171 | Unhandled server exception
Traceback (most recent call last):
  File "C:\Users\AA\Desktop\FastAPI\routes\auth.py", line 153, in get_otp
    mail_accquired = send_mail(otp, is_email_valid)
                     ^^^^^^^^^^^^^^^^^^^^^^^^^^^^^^
  File "C:\Users\AA\Desktop\FastAPI\utils\send_email.py", line 32, in send_mail
    server.quit()
  File "C:\Users\AA\AppData\Local\Programs\Python\Python312\Lib\smtplib.py", line 993, in quit
    res = self.docmd("quit")
          ^^^^^^^^^^^^^^^^^^
  File "C:\Users\AA\AppData\Local\Programs\Python\Python312\Lib\smtplib.py", line 431, in docmd
    self.putcmd(cmd, args)
  File "C:\Users\AA\AppData\Local\Programs\Python\Python312\Lib\smtplib.py", line 378, in putcmd
    self.send(f'{s}{CRLF}')
  File "C:\Users\AA\AppData\Local\Programs\Python\Python312\Lib\smtplib.py", line 365, in send
    raise SMTPServerDisconnected('please run connect() first')
smtplib.SMTPServerDisconnected: please run connect() first
2026-01-23 14:33:33,275 | INFO | main | main.py:16 | Application startup
2026-01-23 14:34:28,183 | INFO | main | main.py:16 | Application startup
2026-01-23 14:35:21,108 | INFO | main | main.py:16 | Application startup
2026-01-23 14:35:28,659 | INFO | main | main.py:16 | Application startup
2026-01-23 14:35:42,286 | INFO | main | main.py:16 | Application startup
2026-01-23 14:36:05,529 | INFO | main | main.py:16 | Application startup
2026-01-23 14:36:16,400 | INFO | main | main.py:16 | Application startup
2026-01-23 14:36:30,773 | INFO | main | main.py:16 | Application startup
2026-01-23 14:36:39,059 | INFO | main | main.py:16 | Application startup
2026-01-23 14:37:00,031 | ERROR | routes.auth | auth.py:171 | Unhandled server exception
Traceback (most recent call last):
  File "C:\Users\AA\Desktop\FastAPI\routes\auth.py", line 153, in get_otp
    mail_accquired = send_mail(otp, is_email_valid)
                     ^^^^^^^^^^^^^^^^^^^^^^^^^^^^^^
  File "C:\Users\AA\Desktop\FastAPI\utils\send_email.py", line 30, in send_mail
    server.quit()
  File "C:\Users\AA\AppData\Local\Programs\Python\Python312\Lib\smtplib.py", line 993, in quit
    res = self.docmd("quit")
          ^^^^^^^^^^^^^^^^^^
  File "C:\Users\AA\AppData\Local\Programs\Python\Python312\Lib\smtplib.py", line 431, in docmd
    self.putcmd(cmd, args)
  File "C:\Users\AA\AppData\Local\Programs\Python\Python312\Lib\smtplib.py", line 378, in putcmd
    self.send(f'{s}{CRLF}')
  File "C:\Users\AA\AppData\Local\Programs\Python\Python312\Lib\smtplib.py", line 365, in send
    raise SMTPServerDisconnected('please run connect() first')
smtplib.SMTPServerDisconnected: please run connect() first
2026-01-23 14:37:49,224 | INFO | main | main.py:16 | Application startup
2026-01-23 14:38:36,083 | ERROR | routes.auth | auth.py:171 | Unhandled server exception
Traceback (most recent call last):
  File "C:\Users\AA\Desktop\FastAPI\routes\auth.py", line 153, in get_otp
    mail_accquired = send_mail(otp, is_email_valid)
                     ^^^^^^^^^^^^^^^^^^^^^^^^^^^^^^
  File "C:\Users\AA\Desktop\FastAPI\utils\send_email.py", line 32, in send_mail
    server.quit()
  File "C:\Users\AA\AppData\Local\Programs\Python\Python312\Lib\smtplib.py", line 993, in quit
    res = self.docmd("quit")
          ^^^^^^^^^^^^^^^^^^
  File "C:\Users\AA\AppData\Local\Programs\Python\Python312\Lib\smtplib.py", line 431, in docmd
    self.putcmd(cmd, args)
  File "C:\Users\AA\AppData\Local\Programs\Python\Python312\Lib\smtplib.py", line 378, in putcmd
    self.send(f'{s}{CRLF}')
  File "C:\Users\AA\AppData\Local\Programs\Python\Python312\Lib\smtplib.py", line 365, in send
    raise SMTPServerDisconnected('please run connect() first')
smtplib.SMTPServerDisconnected: please run connect() first
2026-01-23 14:38:44,172 | WARNING | slowapi | extension.py:510 | ratelimit 1 per 1 minute (127.0.0.1) exceeded at endpoint: /routeonine/exams/users/otp
2026-01-23 14:40:10,591 | ERROR | routes.auth | auth.py:171 | Unhandled server exception
Traceback (most recent call last):
  File "C:\Users\AA\Desktop\FastAPI\routes\auth.py", line 153, in get_otp
    mail_accquired = send_mail(otp, is_email_valid)
                     ^^^^^^^^^^^^^^^^^^^^^^^^^^^^^^
  File "C:\Users\AA\Desktop\FastAPI\utils\send_email.py", line 32, in send_mail
    server.quit()
  File "C:\Users\AA\AppData\Local\Programs\Python\Python312\Lib\smtplib.py", line 993, in quit
    res = self.docmd("quit")
          ^^^^^^^^^^^^^^^^^^
  File "C:\Users\AA\AppData\Local\Programs\Python\Python312\Lib\smtplib.py", line 431, in docmd
    self.putcmd(cmd, args)
  File "C:\Users\AA\AppData\Local\Programs\Python\Python312\Lib\smtplib.py", line 378, in putcmd
    self.send(f'{s}{CRLF}')
  File "C:\Users\AA\AppData\Local\Programs\Python\Python312\Lib\smtplib.py", line 365, in send
    raise SMTPServerDisconnected('please run connect() first')
smtplib.SMTPServerDisconnected: please run connect() first
2026-01-23 14:41:18,953 | INFO | main | main.py:16 | Application startup
2026-01-23 14:44:56,330 | INFO | main | main.py:16 | Application startup
2026-01-23 14:45:57,273 | INFO | main | main.py:16 | Application startup
2026-01-23 14:47:07,765 | INFO | main | main.py:16 | Application startup
2026-01-23 14:47:15,479 | INFO | main | main.py:16 | Application startup
2026-01-23 14:47:30,656 | INFO | main | main.py:16 | Application startup
2026-01-23 14:47:40,922 | INFO | main | main.py:16 | Application startup
2026-01-23 14:49:48,517 | INFO | main | main.py:16 | Application startup
2026-01-23 14:50:01,390 | INFO | main | main.py:16 | Application startup
2026-01-23 14:50:42,174 | INFO | main | main.py:16 | Application startup
2026-01-23 14:51:23,166 | INFO | main | main.py:16 | Application startup
2026-01-23 14:55:12,871 | INFO | main | main.py:16 | Application startup
2026-01-23 15:09:19,852 | INFO | main | main.py:16 | Application startup
2026-01-23 15:10:16,488 | INFO | main | main.py:16 | Application startup
2026-01-23 15:10:26,869 | INFO | main | main.py:16 | Application startup
2026-01-23 15:10:35,245 | INFO | main | main.py:16 | Application startup
2026-01-23 15:10:54,397 | INFO | main | main.py:16 | Application startup
2026-01-23 15:11:10,446 | INFO | main | main.py:16 | Application startup
2026-01-23 15:19:17,026 | INFO | main | main.py:16 | Application startup
2026-01-23 15:19:27,708 | INFO | main | main.py:16 | Application startup
2026-01-24 23:36:43,072 | INFO | main | main.py:18 | Application startup
2026-01-24 23:48:14,567 | INFO | main | main.py:18 | Application startup
2026-01-24 23:48:33,936 | INFO | main | main.py:18 | Application startup
2026-01-24 23:48:56,524 | INFO | main | main.py:18 | Application startup
2026-01-24 23:49:09,888 | INFO | main | main.py:18 | Application startup
2026-01-24 23:49:21,390 | INFO | main | main.py:18 | Application startup
2026-01-24 23:50:09,834 | INFO | routes.auth | auth.py:92 | User logged in successfully
2026-01-24 23:50:36,542 | INFO | routes.auth | auth.py:92 | User logged in successfully
2026-01-26 09:25:42,597 | INFO | main | main.py:18 | Application startup
2026-01-26 09:26:40,931 | INFO | main | main.py:18 | Application startup
2026-01-26 09:31:50,099 | INFO | main | main.py:18 | Application startup
2026-01-26 09:37:29,268 | INFO | main | main.py:18 | Application startup
2026-01-26 09:38:14,389 | INFO | main | main.py:18 | Application startup
2026-01-26 09:38:19,244 | INFO | main | main.py:18 | Application startup
2026-01-26 09:40:00,728 | INFO | main | main.py:18 | Application startup
2026-01-26 09:40:06,527 | INFO | main | main.py:18 | Application startup
2026-01-26 09:40:11,012 | INFO | main | main.py:18 | Application startup
2026-01-26 09:40:28,846 | INFO | main | main.py:18 | Application startup
2026-01-26 09:41:53,130 | INFO | main | main.py:18 | Application startup
2026-01-26 09:41:57,741 | INFO | main | main.py:18 | Application startup
2026-01-26 09:42:25,531 | INFO | main | main.py:18 | Application startup
2026-01-26 09:42:32,072 | INFO | main | main.py:18 | Application startup
2026-01-26 09:43:11,085 | INFO | main | main.py:18 | Application startup
2026-01-26 09:43:57,085 | INFO | main | main.py:18 | Application startup
2026-01-26 09:46:13,936 | INFO | main | main.py:18 | Application startup
2026-01-26 09:47:53,723 | INFO | main | main.py:18 | Application startup
2026-01-26 09:49:04,055 | INFO | main | main.py:18 | Application startup
2026-01-26 09:49:11,471 | INFO | main | main.py:18 | Application startup
2026-01-26 09:50:22,889 | INFO | main | main.py:18 | Application startup
2026-01-26 09:51:54,266 | INFO | main | main.py:18 | Application startup
2026-01-26 09:51:58,908 | INFO | main | main.py:18 | Application startup
2026-01-26 09:52:03,489 | INFO | main | main.py:18 | Application startup
2026-01-26 09:52:34,964 | INFO | main | main.py:18 | Application startup
2026-01-26 09:52:39,227 | INFO | main | main.py:18 | Application startup
2026-01-26 09:54:21,719 | INFO | main | main.py:18 | Application startup
2026-01-26 09:55:57,097 | INFO | main | main.py:18 | Application startup
2026-01-26 09:56:14,214 | INFO | main | main.py:18 | Application startup
2026-01-26 09:57:37,872 | INFO | routes.auth | auth.py:92 | User logged in successfully
2026-01-26 10:01:13,493 | INFO | routes.auth | auth.py:92 | User logged in successfully
2026-01-26 10:02:39,226 | INFO | routes.auth | auth.py:92 | User logged in successfully
2026-01-28 10:16:27,405 | INFO | main | main.py:18 | Application startup
2026-01-28 10:17:58,284 | INFO | routes.auth | auth.py:92 | User logged in successfully
2026-01-28 10:18:12,824 | INFO | routes.auth | auth.py:92 | User logged in successfully
2026-01-28 10:19:01,074 | ERROR | routes.auth | auth.py:111 | Unhandled server exception
Traceback (most recent call last):
  File "C:\Users\AA\Desktop\FastAPI\backend\routes\auth.py", line 84, in login
    if not login_user or not password_hash.verify(user_data.password, login_user.password):
                             ^^^^^^^^^^^^^^^^^^^^^^^^^^^^^^^^^^^^^^^^^^^^^^^^^^^^^^^^^^^^^
  File "C:\Users\AA\Desktop\FastAPI\.venv\Lib\site-packages\pwdlib\_hash.py", line 85, in verify
    raise exceptions.UnknownHashError(hash)
pwdlib.exceptions.UnknownHashError: This hash can't be identified. Make sure it's valid and that its corresponding hasher is enabled.
2026-01-28 15:09:47,346 | INFO | main | main.py:18 | Application startup
2026-01-28 15:12:33,604 | INFO | routes.auth | auth.py:92 | User logged in successfully
2026-01-28 15:12:49,308 | ERROR | routes.auth | auth.py:111 | Unhandled server exception
Traceback (most recent call last):
  File "C:\Users\AA\Desktop\FastAPI\backend\routes\auth.py", line 84, in login
    if not login_user or not password_hash.verify(user_data.password, login_user.password):
                             ^^^^^^^^^^^^^^^^^^^^^^^^^^^^^^^^^^^^^^^^^^^^^^^^^^^^^^^^^^^^^
  File "C:\Users\AA\Desktop\FastAPI\.venv\Lib\site-packages\pwdlib\_hash.py", line 85, in verify
    raise exceptions.UnknownHashError(hash)
pwdlib.exceptions.UnknownHashError: This hash can't be identified. Make sure it's valid and that its corresponding hasher is enabled.
2026-01-28 15:13:15,596 | INFO | routes.auth | auth.py:92 | User logged in successfully
2026-01-28 15:22:38,265 | INFO | routes.auth | auth.py:92 | User logged in successfully
2026-01-28 15:23:38,827 | INFO | routes.auth | auth.py:49 | User registered successfully
2026-01-28 15:28:42,116 | INFO | main | main.py:18 | Application startup
2026-01-28 15:30:19,712 | ERROR | routes.auth | auth.py:60 | Database error (SQLAlchemyError)
Traceback (most recent call last):
  File "C:\Users\AA\Desktop\FastAPI\.venv\Lib\site-packages\mysql\connector\connection_cext.py", line 772, in cmd_query
    self._cmysql.query(
_mysql_connector.MySQLInterfaceError: Data too long for column 'email' at row 1

The above exception was the direct cause of the following exception:

Traceback (most recent call last):
  File "C:\Users\AA\Desktop\FastAPI\.venv\Lib\site-packages\sqlalchemy\engine\base.py", line 1967, in _exec_single_context
    self.dialect.do_execute(
  File "C:\Users\AA\Desktop\FastAPI\.venv\Lib\site-packages\sqlalchemy\engine\default.py", line 952, in do_execute
    cursor.execute(statement, parameters)
  File "C:\Users\AA\Desktop\FastAPI\.venv\Lib\site-packages\mysql\connector\cursor_cext.py", line 353, in execute
    self._connection.cmd_query(
  File "C:\Users\AA\Desktop\FastAPI\.venv\Lib\site-packages\mysql\connector\opentelemetry\context_propagation.py", line 97, in wrapper
    return method(cnx, *args, **kwargs)
           ^^^^^^^^^^^^^^^^^^^^^^^^^^^^
  File "C:\Users\AA\Desktop\FastAPI\.venv\Lib\site-packages\mysql\connector\connection_cext.py", line 781, in cmd_query
    raise get_mysql_exception(
mysql.connector.errors.DataError: 1406 (22001): Data too long for column 'email' at row 1

The above exception was the direct cause of the following exception:

Traceback (most recent call last):
  File "C:\Users\AA\Desktop\FastAPI\backend\routes\auth.py", line 48, in register
    db.commit()
  File "C:\Users\AA\Desktop\FastAPI\.venv\Lib\site-packages\sqlalchemy\orm\session.py", line 2030, in commit
    trans.commit(_to_root=True)
  File "<string>", line 2, in commit
  File "C:\Users\AA\Desktop\FastAPI\.venv\Lib\site-packages\sqlalchemy\orm\state_changes.py", line 137, in _go
    ret_value = fn(self, *arg, **kw)
                ^^^^^^^^^^^^^^^^^^^^
  File "C:\Users\AA\Desktop\FastAPI\.venv\Lib\site-packages\sqlalchemy\orm\session.py", line 1311, in commit
    self._prepare_impl()
  File "<string>", line 2, in _prepare_impl
  File "C:\Users\AA\Desktop\FastAPI\.venv\Lib\site-packages\sqlalchemy\orm\state_changes.py", line 137, in _go
    ret_value = fn(self, *arg, **kw)
                ^^^^^^^^^^^^^^^^^^^^
  File "C:\Users\AA\Desktop\FastAPI\.venv\Lib\site-packages\sqlalchemy\orm\session.py", line 1286, in _prepare_impl
    self.session.flush()
  File "C:\Users\AA\Desktop\FastAPI\.venv\Lib\site-packages\sqlalchemy\orm\session.py", line 4331, in flush
    self._flush(objects)
  File "C:\Users\AA\Desktop\FastAPI\.venv\Lib\site-packages\sqlalchemy\orm\session.py", line 4466, in _flush
    with util.safe_reraise():
         ^^^^^^^^^^^^^^^^^^^
  File "C:\Users\AA\Desktop\FastAPI\.venv\Lib\site-packages\sqlalchemy\util\langhelpers.py", line 224, in __exit__
    raise exc_value.with_traceback(exc_tb)
  File "C:\Users\AA\Desktop\FastAPI\.venv\Lib\site-packages\sqlalchemy\orm\session.py", line 4427, in _flush
    flush_context.execute()
  File "C:\Users\AA\Desktop\FastAPI\.venv\Lib\site-packages\sqlalchemy\orm\unitofwork.py", line 466, in execute
    rec.execute(self)
  File "C:\Users\AA\Desktop\FastAPI\.venv\Lib\site-packages\sqlalchemy\orm\unitofwork.py", line 642, in execute
    util.preloaded.orm_persistence.save_obj(
  File "C:\Users\AA\Desktop\FastAPI\.venv\Lib\site-packages\sqlalchemy\orm\persistence.py", line 93, in save_obj
    _emit_insert_statements(
  File "C:\Users\AA\Desktop\FastAPI\.venv\Lib\site-packages\sqlalchemy\orm\persistence.py", line 1233, in _emit_insert_statements
    result = connection.execute(
             ^^^^^^^^^^^^^^^^^^^
  File "C:\Users\AA\Desktop\FastAPI\.venv\Lib\site-packages\sqlalchemy\engine\base.py", line 1419, in execute
    return meth(
           ^^^^^
  File "C:\Users\AA\Desktop\FastAPI\.venv\Lib\site-packages\sqlalchemy\sql\elements.py", line 527, in _execute_on_connection
    return connection._execute_clauseelement(
           ^^^^^^^^^^^^^^^^^^^^^^^^^^^^^^^^^^
  File "C:\Users\AA\Desktop\FastAPI\.venv\Lib\site-packages\sqlalchemy\engine\base.py", line 1641, in _execute_clauseelement
    ret = self._execute_context(
          ^^^^^^^^^^^^^^^^^^^^^^
  File "C:\Users\AA\Desktop\FastAPI\.venv\Lib\site-packages\sqlalchemy\engine\base.py", line 1846, in _execute_context
    return self._exec_single_context(
           ^^^^^^^^^^^^^^^^^^^^^^^^^^
  File "C:\Users\AA\Desktop\FastAPI\.venv\Lib\site-packages\sqlalchemy\engine\base.py", line 1986, in _exec_single_context
    self._handle_dbapi_exception(
  File "C:\Users\AA\Desktop\FastAPI\.venv\Lib\site-packages\sqlalchemy\engine\base.py", line 2363, in _handle_dbapi_exception
    raise sqlalchemy_exception.with_traceback(exc_info[2]) from e
  File "C:\Users\AA\Desktop\FastAPI\.venv\Lib\site-packages\sqlalchemy\engine\base.py", line 1967, in _exec_single_context
    self.dialect.do_execute(
  File "C:\Users\AA\Desktop\FastAPI\.venv\Lib\site-packages\sqlalchemy\engine\default.py", line 952, in do_execute
    cursor.execute(statement, parameters)
  File "C:\Users\AA\Desktop\FastAPI\.venv\Lib\site-packages\mysql\connector\cursor_cext.py", line 353, in execute
    self._connection.cmd_query(
  File "C:\Users\AA\Desktop\FastAPI\.venv\Lib\site-packages\mysql\connector\opentelemetry\context_propagation.py", line 97, in wrapper
    return method(cnx, *args, **kwargs)
           ^^^^^^^^^^^^^^^^^^^^^^^^^^^^
  File "C:\Users\AA\Desktop\FastAPI\.venv\Lib\site-packages\mysql\connector\connection_cext.py", line 781, in cmd_query
    raise get_mysql_exception(
sqlalchemy.exc.DataError: (mysql.connector.errors.DataError) 1406 (22001): Data too long for column 'email' at row 1
[SQL: INSERT INTO users (admin_secret_key, name, email, password, otp_secret, modified_at, created_at) VALUES (%(admin_secret_key)s, %(name)s, %(email)s, %(password)s, %(otp_secret)s, %(modified_at)s, %(created_at)s)]
[parameters: {'admin_secret_key': 'admin', 'name': 'tuba', 'email': 'tubanaushad2005@gmail.com', 'password': '$argon2id$v=19$m=65536,t=3,p=4$GCRVhivlNf54qbDsvwJrWg$xdw10nQY2ohttkcNhBsvncdeyU/dfnIHhqyOfHGBHlI', 'otp_secret': 'D56BNL56FEE37SU7NZ5CTKT3IH6SKLNP', 'modified_at': datetime.datetime(2026, 1, 28, 10, 28, 41, 932030), 'created_at': datetime.datetime(2026, 1, 28, 10, 28, 41, 932030)}]
(Background on this error at: https://sqlalche.me/e/20/9h9h)
2026-01-28 15:31:34,621 | INFO | main | main.py:18 | Application startup
2026-01-28 15:31:48,954 | INFO | main | main.py:18 | Application startup
2026-01-28 15:32:00,783 | ERROR | routes.auth | auth.py:60 | Database error (SQLAlchemyError)
Traceback (most recent call last):
  File "C:\Users\AA\Desktop\FastAPI\.venv\Lib\site-packages\mysql\connector\connection_cext.py", line 772, in cmd_query
    self._cmysql.query(
_mysql_connector.MySQLInterfaceError: Data too long for column 'email' at row 1

The above exception was the direct cause of the following exception:

Traceback (most recent call last):
  File "C:\Users\AA\Desktop\FastAPI\.venv\Lib\site-packages\sqlalchemy\engine\base.py", line 1967, in _exec_single_context
    self.dialect.do_execute(
  File "C:\Users\AA\Desktop\FastAPI\.venv\Lib\site-packages\sqlalchemy\engine\default.py", line 952, in do_execute
    cursor.execute(statement, parameters)
  File "C:\Users\AA\Desktop\FastAPI\.venv\Lib\site-packages\mysql\connector\cursor_cext.py", line 353, in execute
    self._connection.cmd_query(
  File "C:\Users\AA\Desktop\FastAPI\.venv\Lib\site-packages\mysql\connector\opentelemetry\context_propagation.py", line 97, in wrapper
    return method(cnx, *args, **kwargs)
           ^^^^^^^^^^^^^^^^^^^^^^^^^^^^
  File "C:\Users\AA\Desktop\FastAPI\.venv\Lib\site-packages\mysql\connector\connection_cext.py", line 781, in cmd_query
    raise get_mysql_exception(
mysql.connector.errors.DataError: 1406 (22001): Data too long for column 'email' at row 1

The above exception was the direct cause of the following exception:

Traceback (most recent call last):
  File "C:\Users\AA\Desktop\FastAPI\backend\routes\auth.py", line 48, in register
    db.commit()
  File "C:\Users\AA\Desktop\FastAPI\.venv\Lib\site-packages\sqlalchemy\orm\session.py", line 2030, in commit
    trans.commit(_to_root=True)
  File "<string>", line 2, in commit
  File "C:\Users\AA\Desktop\FastAPI\.venv\Lib\site-packages\sqlalchemy\orm\state_changes.py", line 137, in _go
    ret_value = fn(self, *arg, **kw)
                ^^^^^^^^^^^^^^^^^^^^
  File "C:\Users\AA\Desktop\FastAPI\.venv\Lib\site-packages\sqlalchemy\orm\session.py", line 1311, in commit
    self._prepare_impl()
  File "<string>", line 2, in _prepare_impl
  File "C:\Users\AA\Desktop\FastAPI\.venv\Lib\site-packages\sqlalchemy\orm\state_changes.py", line 137, in _go
    ret_value = fn(self, *arg, **kw)
                ^^^^^^^^^^^^^^^^^^^^
  File "C:\Users\AA\Desktop\FastAPI\.venv\Lib\site-packages\sqlalchemy\orm\session.py", line 1286, in _prepare_impl
    self.session.flush()
  File "C:\Users\AA\Desktop\FastAPI\.venv\Lib\site-packages\sqlalchemy\orm\session.py", line 4331, in flush
    self._flush(objects)
  File "C:\Users\AA\Desktop\FastAPI\.venv\Lib\site-packages\sqlalchemy\orm\session.py", line 4466, in _flush
    with util.safe_reraise():
         ^^^^^^^^^^^^^^^^^^^
  File "C:\Users\AA\Desktop\FastAPI\.venv\Lib\site-packages\sqlalchemy\util\langhelpers.py", line 224, in __exit__
    raise exc_value.with_traceback(exc_tb)
  File "C:\Users\AA\Desktop\FastAPI\.venv\Lib\site-packages\sqlalchemy\orm\session.py", line 4427, in _flush
    flush_context.execute()
  File "C:\Users\AA\Desktop\FastAPI\.venv\Lib\site-packages\sqlalchemy\orm\unitofwork.py", line 466, in execute
    rec.execute(self)
  File "C:\Users\AA\Desktop\FastAPI\.venv\Lib\site-packages\sqlalchemy\orm\unitofwork.py", line 642, in execute
    util.preloaded.orm_persistence.save_obj(
  File "C:\Users\AA\Desktop\FastAPI\.venv\Lib\site-packages\sqlalchemy\orm\persistence.py", line 93, in save_obj
    _emit_insert_statements(
  File "C:\Users\AA\Desktop\FastAPI\.venv\Lib\site-packages\sqlalchemy\orm\persistence.py", line 1233, in _emit_insert_statements
    result = connection.execute(
             ^^^^^^^^^^^^^^^^^^^
  File "C:\Users\AA\Desktop\FastAPI\.venv\Lib\site-packages\sqlalchemy\engine\base.py", line 1419, in execute
    return meth(
           ^^^^^
  File "C:\Users\AA\Desktop\FastAPI\.venv\Lib\site-packages\sqlalchemy\sql\elements.py", line 527, in _execute_on_connection
    return connection._execute_clauseelement(
           ^^^^^^^^^^^^^^^^^^^^^^^^^^^^^^^^^^
  File "C:\Users\AA\Desktop\FastAPI\.venv\Lib\site-packages\sqlalchemy\engine\base.py", line 1641, in _execute_clauseelement
    ret = self._execute_context(
          ^^^^^^^^^^^^^^^^^^^^^^
  File "C:\Users\AA\Desktop\FastAPI\.venv\Lib\site-packages\sqlalchemy\engine\base.py", line 1846, in _execute_context
    return self._exec_single_context(
           ^^^^^^^^^^^^^^^^^^^^^^^^^^
  File "C:\Users\AA\Desktop\FastAPI\.venv\Lib\site-packages\sqlalchemy\engine\base.py", line 1986, in _exec_single_context
    self._handle_dbapi_exception(
  File "C:\Users\AA\Desktop\FastAPI\.venv\Lib\site-packages\sqlalchemy\engine\base.py", line 2363, in _handle_dbapi_exception
    raise sqlalchemy_exception.with_traceback(exc_info[2]) from e
  File "C:\Users\AA\Desktop\FastAPI\.venv\Lib\site-packages\sqlalchemy\engine\base.py", line 1967, in _exec_single_context
    self.dialect.do_execute(
  File "C:\Users\AA\Desktop\FastAPI\.venv\Lib\site-packages\sqlalchemy\engine\default.py", line 952, in do_execute
    cursor.execute(statement, parameters)
  File "C:\Users\AA\Desktop\FastAPI\.venv\Lib\site-packages\mysql\connector\cursor_cext.py", line 353, in execute
    self._connection.cmd_query(
  File "C:\Users\AA\Desktop\FastAPI\.venv\Lib\site-packages\mysql\connector\opentelemetry\context_propagation.py", line 97, in wrapper
    return method(cnx, *args, **kwargs)
           ^^^^^^^^^^^^^^^^^^^^^^^^^^^^
  File "C:\Users\AA\Desktop\FastAPI\.venv\Lib\site-packages\mysql\connector\connection_cext.py", line 781, in cmd_query
    raise get_mysql_exception(
sqlalchemy.exc.DataError: (mysql.connector.errors.DataError) 1406 (22001): Data too long for column 'email' at row 1
[SQL: INSERT INTO users (admin_secret_key, name, email, password, otp_secret, modified_at, created_at) VALUES (%(admin_secret_key)s, %(name)s, %(email)s, %(password)s, %(otp_secret)s, %(modified_at)s, %(created_at)s)]
[parameters: {'admin_secret_key': 'admin', 'name': 'tuba', 'email': 'tubanaushad2005@gmail.com', 'password': '$argon2id$v=19$m=65536,t=3,p=4$WqhLScayGkdaXxjl5SfEZA$1FkHlLmQwU2wK+McjlOM8MuWE9xt4g94VfPojvHKyF8', 'otp_secret': 'TJ3E3UFKFZRTY6SEPFWYLIEV34776EZX', 'modified_at': datetime.datetime(2026, 1, 28, 10, 31, 48, 691743), 'created_at': datetime.datetime(2026, 1, 28, 10, 31, 48, 691743)}]
(Background on this error at: https://sqlalche.me/e/20/9h9h)
2026-01-28 15:32:05,200 | ERROR | routes.auth | auth.py:60 | Database error (SQLAlchemyError)
Traceback (most recent call last):
  File "C:\Users\AA\Desktop\FastAPI\.venv\Lib\site-packages\mysql\connector\connection_cext.py", line 772, in cmd_query
    self._cmysql.query(
_mysql_connector.MySQLInterfaceError: Data too long for column 'email' at row 1

The above exception was the direct cause of the following exception:

Traceback (most recent call last):
  File "C:\Users\AA\Desktop\FastAPI\.venv\Lib\site-packages\sqlalchemy\engine\base.py", line 1967, in _exec_single_context
    self.dialect.do_execute(
  File "C:\Users\AA\Desktop\FastAPI\.venv\Lib\site-packages\sqlalchemy\engine\default.py", line 952, in do_execute
    cursor.execute(statement, parameters)
  File "C:\Users\AA\Desktop\FastAPI\.venv\Lib\site-packages\mysql\connector\cursor_cext.py", line 353, in execute
    self._connection.cmd_query(
  File "C:\Users\AA\Desktop\FastAPI\.venv\Lib\site-packages\mysql\connector\opentelemetry\context_propagation.py", line 97, in wrapper
    return method(cnx, *args, **kwargs)
           ^^^^^^^^^^^^^^^^^^^^^^^^^^^^
  File "C:\Users\AA\Desktop\FastAPI\.venv\Lib\site-packages\mysql\connector\connection_cext.py", line 781, in cmd_query
    raise get_mysql_exception(
mysql.connector.errors.DataError: 1406 (22001): Data too long for column 'email' at row 1

The above exception was the direct cause of the following exception:

Traceback (most recent call last):
  File "C:\Users\AA\Desktop\FastAPI\backend\routes\auth.py", line 48, in register
    db.commit()
  File "C:\Users\AA\Desktop\FastAPI\.venv\Lib\site-packages\sqlalchemy\orm\session.py", line 2030, in commit
    trans.commit(_to_root=True)
  File "<string>", line 2, in commit
  File "C:\Users\AA\Desktop\FastAPI\.venv\Lib\site-packages\sqlalchemy\orm\state_changes.py", line 137, in _go
    ret_value = fn(self, *arg, **kw)
                ^^^^^^^^^^^^^^^^^^^^
  File "C:\Users\AA\Desktop\FastAPI\.venv\Lib\site-packages\sqlalchemy\orm\session.py", line 1311, in commit
    self._prepare_impl()
  File "<string>", line 2, in _prepare_impl
  File "C:\Users\AA\Desktop\FastAPI\.venv\Lib\site-packages\sqlalchemy\orm\state_changes.py", line 137, in _go
    ret_value = fn(self, *arg, **kw)
                ^^^^^^^^^^^^^^^^^^^^
  File "C:\Users\AA\Desktop\FastAPI\.venv\Lib\site-packages\sqlalchemy\orm\session.py", line 1286, in _prepare_impl
    self.session.flush()
  File "C:\Users\AA\Desktop\FastAPI\.venv\Lib\site-packages\sqlalchemy\orm\session.py", line 4331, in flush
    self._flush(objects)
  File "C:\Users\AA\Desktop\FastAPI\.venv\Lib\site-packages\sqlalchemy\orm\session.py", line 4466, in _flush
    with util.safe_reraise():
         ^^^^^^^^^^^^^^^^^^^
  File "C:\Users\AA\Desktop\FastAPI\.venv\Lib\site-packages\sqlalchemy\util\langhelpers.py", line 224, in __exit__
    raise exc_value.with_traceback(exc_tb)
  File "C:\Users\AA\Desktop\FastAPI\.venv\Lib\site-packages\sqlalchemy\orm\session.py", line 4427, in _flush
    flush_context.execute()
  File "C:\Users\AA\Desktop\FastAPI\.venv\Lib\site-packages\sqlalchemy\orm\unitofwork.py", line 466, in execute
    rec.execute(self)
  File "C:\Users\AA\Desktop\FastAPI\.venv\Lib\site-packages\sqlalchemy\orm\unitofwork.py", line 642, in execute
    util.preloaded.orm_persistence.save_obj(
  File "C:\Users\AA\Desktop\FastAPI\.venv\Lib\site-packages\sqlalchemy\orm\persistence.py", line 93, in save_obj
    _emit_insert_statements(
  File "C:\Users\AA\Desktop\FastAPI\.venv\Lib\site-packages\sqlalchemy\orm\persistence.py", line 1233, in _emit_insert_statements
    result = connection.execute(
             ^^^^^^^^^^^^^^^^^^^
  File "C:\Users\AA\Desktop\FastAPI\.venv\Lib\site-packages\sqlalchemy\engine\base.py", line 1419, in execute
    return meth(
           ^^^^^
  File "C:\Users\AA\Desktop\FastAPI\.venv\Lib\site-packages\sqlalchemy\sql\elements.py", line 527, in _execute_on_connection
    return connection._execute_clauseelement(
           ^^^^^^^^^^^^^^^^^^^^^^^^^^^^^^^^^^
  File "C:\Users\AA\Desktop\FastAPI\.venv\Lib\site-packages\sqlalchemy\engine\base.py", line 1641, in _execute_clauseelement
    ret = self._execute_context(
          ^^^^^^^^^^^^^^^^^^^^^^
  File "C:\Users\AA\Desktop\FastAPI\.venv\Lib\site-packages\sqlalchemy\engine\base.py", line 1846, in _execute_context
    return self._exec_single_context(
           ^^^^^^^^^^^^^^^^^^^^^^^^^^
  File "C:\Users\AA\Desktop\FastAPI\.venv\Lib\site-packages\sqlalchemy\engine\base.py", line 1986, in _exec_single_context
    self._handle_dbapi_exception(
  File "C:\Users\AA\Desktop\FastAPI\.venv\Lib\site-packages\sqlalchemy\engine\base.py", line 2363, in _handle_dbapi_exception
    raise sqlalchemy_exception.with_traceback(exc_info[2]) from e
  File "C:\Users\AA\Desktop\FastAPI\.venv\Lib\site-packages\sqlalchemy\engine\base.py", line 1967, in _exec_single_context
    self.dialect.do_execute(
  File "C:\Users\AA\Desktop\FastAPI\.venv\Lib\site-packages\sqlalchemy\engine\default.py", line 952, in do_execute
    cursor.execute(statement, parameters)
  File "C:\Users\AA\Desktop\FastAPI\.venv\Lib\site-packages\mysql\connector\cursor_cext.py", line 353, in execute
    self._connection.cmd_query(
  File "C:\Users\AA\Desktop\FastAPI\.venv\Lib\site-packages\mysql\connector\opentelemetry\context_propagation.py", line 97, in wrapper
    return method(cnx, *args, **kwargs)
           ^^^^^^^^^^^^^^^^^^^^^^^^^^^^
  File "C:\Users\AA\Desktop\FastAPI\.venv\Lib\site-packages\mysql\connector\connection_cext.py", line 781, in cmd_query
    raise get_mysql_exception(
sqlalchemy.exc.DataError: (mysql.connector.errors.DataError) 1406 (22001): Data too long for column 'email' at row 1
[SQL: INSERT INTO users (admin_secret_key, name, email, password, otp_secret, modified_at, created_at) VALUES (%(admin_secret_key)s, %(name)s, %(email)s, %(password)s, %(otp_secret)s, %(modified_at)s, %(created_at)s)]
[parameters: {'admin_secret_key': 'admin', 'name': 'tuba', 'email': 'tubanaushad2005@gmail.com', 'password': '$argon2id$v=19$m=65536,t=3,p=4$MRg/seIyQk+iDHQNfHeUfw$FxePeYfwIa7IVuHGx0SDcRza88crZMFatDhPhbVBDnU', 'otp_secret': 'KZ56FZG5RIT4OGVNB4RVVB2CGAYC3SLE', 'modified_at': datetime.datetime(2026, 1, 28, 10, 31, 48, 691743), 'created_at': datetime.datetime(2026, 1, 28, 10, 31, 48, 691743)}]
(Background on this error at: https://sqlalche.me/e/20/9h9h)
2026-01-28 15:33:57,213 | INFO | routes.auth | auth.py:49 | User registered successfully
2026-01-28 15:35:16,722 | INFO | routes.auth | auth.py:92 | User logged in successfully
2026-01-28 15:37:42,281 | INFO | routes.auth | auth.py:49 | User registered successfully
2026-01-28 15:43:30,234 | INFO | routes.auth | auth.py:49 | User registered successfully
2026-01-28 15:46:47,255 | INFO | routes.auth | auth.py:49 | User registered successfully
2026-01-28 15:48:18,314 | INFO | routes.auth | auth.py:92 | User logged in successfully
2026-01-29 10:52:41,864 | INFO | main | main.py:18 | Application startup
2026-01-29 10:55:30,505 | INFO | routes.auth | auth.py:92 | User logged in successfully
2026-01-29 10:55:47,544 | INFO | routes.auth | auth.py:92 | User logged in successfully
2026-01-29 11:06:36,409 | INFO | main | main.py:18 | Application startup
2026-01-29 11:06:48,109 | INFO | main | main.py:18 | Application startup
2026-01-31 11:51:10,711 | INFO | main | main.py:18 | Application startup
2026-01-31 11:51:23,334 | INFO | main | main.py:18 | Application startup
2026-01-31 11:51:31,420 | INFO | main | main.py:18 | Application startup
2026-01-31 11:54:02,015 | INFO | routes.auth | auth.py:92 | User logged in successfully
2026-01-31 11:54:25,133 | INFO | routes.auth | auth.py:92 | User logged in successfully
2026-01-31 11:56:31,803 | INFO | main | main.py:18 | Application startup
2026-01-31 11:56:41,018 | INFO | main | main.py:18 | Application startup
2026-01-31 11:58:56,203 | INFO | routes.auth | auth.py:92 | User logged in successfully
2026-01-31 12:01:43,289 | INFO | main | main.py:18 | Application startup
2026-01-31 12:01:50,659 | INFO | main | main.py:18 | Application startup
2026-01-31 12:02:51,248 | INFO | main | main.py:19 | Application startup
2026-01-31 12:03:08,744 | INFO | main | main.py:19 | Application startup
2026-01-31 12:03:19,620 | INFO | main | main.py:21 | Application startup
2026-01-31 12:03:29,335 | INFO | main | main.py:21 | Application startup
2026-01-31 12:03:36,754 | INFO | main | main.py:21 | Application startup
2026-01-31 12:03:44,718 | INFO | main | main.py:21 | Application startup
2026-01-31 12:03:52,587 | INFO | main | main.py:21 | Application startup
2026-01-31 12:04:00,311 | INFO | main | main.py:21 | Application startup
2026-01-31 12:04:10,110 | INFO | main | main.py:21 | Application startup
2026-01-31 12:04:17,847 | INFO | main | main.py:21 | Application startup
2026-01-31 12:05:01,616 | INFO | routes.auth | auth.py:92 | User logged in successfully
2026-01-31 12:07:03,565 | INFO | main | main.py:21 | Application startup
2026-01-31 12:07:12,155 | INFO | main | main.py:21 | Application startup
2026-01-31 12:09:41,906 | INFO | main | main.py:21 | Application startup
2026-01-31 12:10:05,512 | INFO | main | main.py:21 | Application startup
2026-01-31 12:10:16,612 | INFO | main | main.py:21 | Application startup
2026-01-31 12:10:25,583 | INFO | main | main.py:21 | Application startup
2026-01-31 12:10:36,127 | INFO | main | main.py:21 | Application startup
2026-01-31 12:10:46,852 | INFO | main | main.py:21 | Application startup
2026-01-31 12:12:52,923 | INFO | routes.auth | auth.py:92 | User logged in successfully
2026-01-31 12:14:49,385 | INFO | routes.auth | auth.py:92 | User logged in successfully
2026-01-31 12:19:14,072 | INFO | routes.auth | auth.py:92 | User logged in successfully
2026-01-31 12:25:46,671 | INFO | routes.auth | auth.py:92 | User logged in successfully
2026-02-16 19:15:35,521 | INFO | main | main.py:21 | Application startup
2026-02-16 19:25:37,666 | CRITICAL | routes.auth | auth.py:99 | Database unavailable (OperationalError)
Traceback (most recent call last):
  File "C:\Users\AA\Desktop\FastAPI\.venv\Lib\site-packages\sqlalchemy\engine\base.py", line 1815, in _execute_context
    context = constructor(
              ^^^^^^^^^^^^
  File "C:\Users\AA\Desktop\FastAPI\.venv\Lib\site-packages\sqlalchemy\engine\default.py", line 1438, in _init_compiled
    self.cursor = self.create_cursor()
                  ^^^^^^^^^^^^^^^^^^^^
  File "C:\Users\AA\Desktop\FastAPI\.venv\Lib\site-packages\sqlalchemy\engine\default.py", line 1777, in create_cursor
    return self.create_default_cursor()
           ^^^^^^^^^^^^^^^^^^^^^^^^^^^^
  File "C:\Users\AA\Desktop\FastAPI\.venv\Lib\site-packages\sqlalchemy\dialects\mysql\mysqlconnector.py", line 88, in create_default_cursor
    return self._dbapi_connection.cursor(buffered=True)
           ^^^^^^^^^^^^^^^^^^^^^^^^^^^^^^^^^^^^^^^^^^^^
  File "C:\Users\AA\Desktop\FastAPI\.venv\Lib\site-packages\sqlalchemy\pool\base.py", line 1486, in cursor
    return self.dbapi_connection.cursor(*args, **kwargs)
           ^^^^^^^^^^^^^^^^^^^^^^^^^^^^^^^^^^^^^^^^^^^^^
  File "C:\Users\AA\Desktop\FastAPI\.venv\Lib\site-packages\mysql\connector\connection_cext.py", line 841, in cursor
    raise OperationalError("MySQL Connection not available.")
mysql.connector.errors.OperationalError: MySQL Connection not available.

The above exception was the direct cause of the following exception:

Traceback (most recent call last):
  File "C:\Users\AA\Desktop\FastAPI\backend\routes\auth.py", line 79, in login
    login_user = db.query(User).filter(User.email == user_data.email).first()
                 ^^^^^^^^^^^^^^^^^^^^^^^^^^^^^^^^^^^^^^^^^^^^^^^^^^^^^^^^^^^^
  File "C:\Users\AA\Desktop\FastAPI\.venv\Lib\site-packages\sqlalchemy\orm\query.py", line 2759, in first
    return self.limit(1)._iter().first()  # type: ignore
           ^^^^^^^^^^^^^^^^^^^^^
  File "C:\Users\AA\Desktop\FastAPI\.venv\Lib\site-packages\sqlalchemy\orm\query.py", line 2857, in _iter
    result: Union[ScalarResult[_T], Result[_T]] = self.session.execute(
                                                  ^^^^^^^^^^^^^^^^^^^^^
  File "C:\Users\AA\Desktop\FastAPI\.venv\Lib\site-packages\sqlalchemy\orm\session.py", line 2351, in execute
    return self._execute_internal(
           ^^^^^^^^^^^^^^^^^^^^^^^
  File "C:\Users\AA\Desktop\FastAPI\.venv\Lib\site-packages\sqlalchemy\orm\session.py", line 2249, in _execute_internal
    result: Result[Any] = compile_state_cls.orm_execute_statement(
                          ^^^^^^^^^^^^^^^^^^^^^^^^^^^^^^^^^^^^^^^^
  File "C:\Users\AA\Desktop\FastAPI\.venv\Lib\site-packages\sqlalchemy\orm\context.py", line 306, in orm_execute_statement
    result = conn.execute(
             ^^^^^^^^^^^^^
  File "C:\Users\AA\Desktop\FastAPI\.venv\Lib\site-packages\sqlalchemy\engine\base.py", line 1419, in execute
    return meth(
           ^^^^^
  File "C:\Users\AA\Desktop\FastAPI\.venv\Lib\site-packages\sqlalchemy\sql\elements.py", line 527, in _execute_on_connection
    return connection._execute_clauseelement(
           ^^^^^^^^^^^^^^^^^^^^^^^^^^^^^^^^^^
  File "C:\Users\AA\Desktop\FastAPI\.venv\Lib\site-packages\sqlalchemy\engine\base.py", line 1641, in _execute_clauseelement
    ret = self._execute_context(
          ^^^^^^^^^^^^^^^^^^^^^^
  File "C:\Users\AA\Desktop\FastAPI\.venv\Lib\site-packages\sqlalchemy\engine\base.py", line 1821, in _execute_context
    self._handle_dbapi_exception(
  File "C:\Users\AA\Desktop\FastAPI\.venv\Lib\site-packages\sqlalchemy\engine\base.py", line 2363, in _handle_dbapi_exception
    raise sqlalchemy_exception.with_traceback(exc_info[2]) from e
  File "C:\Users\AA\Desktop\FastAPI\.venv\Lib\site-packages\sqlalchemy\engine\base.py", line 1815, in _execute_context
    context = constructor(
              ^^^^^^^^^^^^
  File "C:\Users\AA\Desktop\FastAPI\.venv\Lib\site-packages\sqlalchemy\engine\default.py", line 1438, in _init_compiled
    self.cursor = self.create_cursor()
                  ^^^^^^^^^^^^^^^^^^^^
  File "C:\Users\AA\Desktop\FastAPI\.venv\Lib\site-packages\sqlalchemy\engine\default.py", line 1777, in create_cursor
    return self.create_default_cursor()
           ^^^^^^^^^^^^^^^^^^^^^^^^^^^^
  File "C:\Users\AA\Desktop\FastAPI\.venv\Lib\site-packages\sqlalchemy\dialects\mysql\mysqlconnector.py", line 88, in create_default_cursor
    return self._dbapi_connection.cursor(buffered=True)
           ^^^^^^^^^^^^^^^^^^^^^^^^^^^^^^^^^^^^^^^^^^^^
  File "C:\Users\AA\Desktop\FastAPI\.venv\Lib\site-packages\sqlalchemy\pool\base.py", line 1486, in cursor
    return self.dbapi_connection.cursor(*args, **kwargs)
           ^^^^^^^^^^^^^^^^^^^^^^^^^^^^^^^^^^^^^^^^^^^^^
  File "C:\Users\AA\Desktop\FastAPI\.venv\Lib\site-packages\mysql\connector\connection_cext.py", line 841, in cursor
    raise OperationalError("MySQL Connection not available.")
sqlalchemy.exc.OperationalError: (mysql.connector.errors.OperationalError) MySQL Connection not available.
[SQL: SELECT users.id AS users_id, users.admin_secret_key AS users_admin_secret_key, users.name AS users_name, users.email AS users_email, users.password AS users_password, users.otp_secret AS users_otp_secret, users.modified_at AS users_modified_at, users.created_at AS users_created_at 
FROM users 
WHERE users.email = %(email_1)s 
 LIMIT %(param_1)s]
[parameters: [{}]]
(Background on this error at: https://sqlalche.me/e/20/e3q8)
2026-02-16 19:26:18,133 | INFO | routes.auth | auth.py:49 | User registered successfully
2026-02-16 19:44:39,256 | CRITICAL | routes.auth | auth.py:99 | Database unavailable (OperationalError)
Traceback (most recent call last):
  File "C:\Users\AA\Desktop\FastAPI\.venv\Lib\site-packages\sqlalchemy\engine\base.py", line 1815, in _execute_context
    context = constructor(
              ^^^^^^^^^^^^
  File "C:\Users\AA\Desktop\FastAPI\.venv\Lib\site-packages\sqlalchemy\engine\default.py", line 1438, in _init_compiled
    self.cursor = self.create_cursor()
                  ^^^^^^^^^^^^^^^^^^^^
  File "C:\Users\AA\Desktop\FastAPI\.venv\Lib\site-packages\sqlalchemy\engine\default.py", line 1777, in create_cursor
    return self.create_default_cursor()
           ^^^^^^^^^^^^^^^^^^^^^^^^^^^^
  File "C:\Users\AA\Desktop\FastAPI\.venv\Lib\site-packages\sqlalchemy\dialects\mysql\mysqlconnector.py", line 88, in create_default_cursor
    return self._dbapi_connection.cursor(buffered=True)
           ^^^^^^^^^^^^^^^^^^^^^^^^^^^^^^^^^^^^^^^^^^^^
  File "C:\Users\AA\Desktop\FastAPI\.venv\Lib\site-packages\sqlalchemy\pool\base.py", line 1486, in cursor
    return self.dbapi_connection.cursor(*args, **kwargs)
           ^^^^^^^^^^^^^^^^^^^^^^^^^^^^^^^^^^^^^^^^^^^^^
  File "C:\Users\AA\Desktop\FastAPI\.venv\Lib\site-packages\mysql\connector\connection_cext.py", line 841, in cursor
    raise OperationalError("MySQL Connection not available.")
mysql.connector.errors.OperationalError: MySQL Connection not available.

The above exception was the direct cause of the following exception:

Traceback (most recent call last):
  File "C:\Users\AA\Desktop\FastAPI\backend\routes\auth.py", line 79, in login
    login_user = db.query(User).filter(User.email == user_data.email).first()
                 ^^^^^^^^^^^^^^^^^^^^^^^^^^^^^^^^^^^^^^^^^^^^^^^^^^^^^^^^^^^^
  File "C:\Users\AA\Desktop\FastAPI\.venv\Lib\site-packages\sqlalchemy\orm\query.py", line 2759, in first
    return self.limit(1)._iter().first()  # type: ignore
           ^^^^^^^^^^^^^^^^^^^^^
  File "C:\Users\AA\Desktop\FastAPI\.venv\Lib\site-packages\sqlalchemy\orm\query.py", line 2857, in _iter
    result: Union[ScalarResult[_T], Result[_T]] = self.session.execute(
                                                  ^^^^^^^^^^^^^^^^^^^^^
  File "C:\Users\AA\Desktop\FastAPI\.venv\Lib\site-packages\sqlalchemy\orm\session.py", line 2351, in execute
    return self._execute_internal(
           ^^^^^^^^^^^^^^^^^^^^^^^
  File "C:\Users\AA\Desktop\FastAPI\.venv\Lib\site-packages\sqlalchemy\orm\session.py", line 2249, in _execute_internal
    result: Result[Any] = compile_state_cls.orm_execute_statement(
                          ^^^^^^^^^^^^^^^^^^^^^^^^^^^^^^^^^^^^^^^^
  File "C:\Users\AA\Desktop\FastAPI\.venv\Lib\site-packages\sqlalchemy\orm\context.py", line 306, in orm_execute_statement
    result = conn.execute(
             ^^^^^^^^^^^^^
  File "C:\Users\AA\Desktop\FastAPI\.venv\Lib\site-packages\sqlalchemy\engine\base.py", line 1419, in execute
    return meth(
           ^^^^^
  File "C:\Users\AA\Desktop\FastAPI\.venv\Lib\site-packages\sqlalchemy\sql\elements.py", line 527, in _execute_on_connection
    return connection._execute_clauseelement(
           ^^^^^^^^^^^^^^^^^^^^^^^^^^^^^^^^^^
  File "C:\Users\AA\Desktop\FastAPI\.venv\Lib\site-packages\sqlalchemy\engine\base.py", line 1641, in _execute_clauseelement
    ret = self._execute_context(
          ^^^^^^^^^^^^^^^^^^^^^^
  File "C:\Users\AA\Desktop\FastAPI\.venv\Lib\site-packages\sqlalchemy\engine\base.py", line 1821, in _execute_context
    self._handle_dbapi_exception(
  File "C:\Users\AA\Desktop\FastAPI\.venv\Lib\site-packages\sqlalchemy\engine\base.py", line 2363, in _handle_dbapi_exception
    raise sqlalchemy_exception.with_traceback(exc_info[2]) from e
  File "C:\Users\AA\Desktop\FastAPI\.venv\Lib\site-packages\sqlalchemy\engine\base.py", line 1815, in _execute_context
    context = constructor(
              ^^^^^^^^^^^^
  File "C:\Users\AA\Desktop\FastAPI\.venv\Lib\site-packages\sqlalchemy\engine\default.py", line 1438, in _init_compiled
    self.cursor = self.create_cursor()
                  ^^^^^^^^^^^^^^^^^^^^
  File "C:\Users\AA\Desktop\FastAPI\.venv\Lib\site-packages\sqlalchemy\engine\default.py", line 1777, in create_cursor
    return self.create_default_cursor()
           ^^^^^^^^^^^^^^^^^^^^^^^^^^^^
  File "C:\Users\AA\Desktop\FastAPI\.venv\Lib\site-packages\sqlalchemy\dialects\mysql\mysqlconnector.py", line 88, in create_default_cursor
    return self._dbapi_connection.cursor(buffered=True)
           ^^^^^^^^^^^^^^^^^^^^^^^^^^^^^^^^^^^^^^^^^^^^
  File "C:\Users\AA\Desktop\FastAPI\.venv\Lib\site-packages\sqlalchemy\pool\base.py", line 1486, in cursor
    return self.dbapi_connection.cursor(*args, **kwargs)
           ^^^^^^^^^^^^^^^^^^^^^^^^^^^^^^^^^^^^^^^^^^^^^
  File "C:\Users\AA\Desktop\FastAPI\.venv\Lib\site-packages\mysql\connector\connection_cext.py", line 841, in cursor
    raise OperationalError("MySQL Connection not available.")
sqlalchemy.exc.OperationalError: (mysql.connector.errors.OperationalError) MySQL Connection not available.
[SQL: SELECT users.id AS users_id, users.admin_secret_key AS users_admin_secret_key, users.name AS users_name, users.email AS users_email, users.password AS users_password, users.otp_secret AS users_otp_secret, users.modified_at AS users_modified_at, users.created_at AS users_created_at 
FROM users 
WHERE users.email = %(email_1)s 
 LIMIT %(param_1)s]
[parameters: [{}]]
(Background on this error at: https://sqlalche.me/e/20/e3q8)
2026-02-16 19:46:13,309 | INFO | routes.auth | auth.py:92 | User logged in successfully
2026-02-16 19:53:55,449 | INFO | routes.auth | auth.py:49 | User registered successfully
2026-02-16 19:57:07,269 | INFO | routes.auth | auth.py:49 | User registered successfully
2026-02-16 19:57:36,633 | INFO | routes.auth | auth.py:92 | User logged in successfully
2026-02-16 20:13:41,473 | INFO | routes.auth | auth.py:49 | User registered successfully
2026-02-16 20:15:33,012 | INFO | routes.auth | auth.py:92 | User logged in successfully
2026-02-16 20:23:38,290 | INFO | main | main.py:21 | Application startup
2026-02-16 20:24:12,469 | INFO | routes.auth | auth.py:92 | User logged in successfully
2026-02-16 20:42:50,422 | INFO | main | main.py:21 | Application startup
2026-02-16 20:52:05,636 | INFO | main | main.py:21 | Application startup
2026-02-16 20:52:16,641 | INFO | main | main.py:21 | Application startup
2026-02-16 20:54:06,112 | INFO | main | main.py:21 | Application startup
2026-02-16 20:54:16,096 | INFO | main | main.py:21 | Application startup
2026-02-16 20:54:29,954 | INFO | main | main.py:21 | Application startup
2026-02-16 20:54:45,778 | INFO | main | main.py:21 | Application startup
2026-02-16 20:55:01,790 | INFO | main | main.py:21 | Application startup
2026-02-16 20:55:21,592 | INFO | main | main.py:21 | Application startup
2026-02-16 20:55:35,662 | INFO | main | main.py:21 | Application startup
2026-02-16 20:55:47,202 | INFO | main | main.py:21 | Application startup
2026-02-16 20:56:04,492 | INFO | main | main.py:21 | Application startup
2026-02-16 20:56:14,442 | INFO | main | main.py:21 | Application startup
2026-02-25 12:47:21,142 | INFO | main | main.py:24 | Application startup
2026-02-25 12:48:05,856 | INFO | main | main.py:24 | Application startup
2026-02-25 12:51:39,503 | ERROR | utils.exceptions | exceptions.py:28 | Unhandled server exception
Traceback (most recent call last):
  File "C:\Users\AA\Desktop\FastAPI\.venv\Lib\site-packages\starlette\middleware\errors.py", line 164, in __call__
    await self.app(scope, receive, _send)
  File "C:\Users\AA\Desktop\FastAPI\.venv\Lib\site-packages\starlette\middleware\cors.py", line 93, in __call__
    await self.simple_response(scope, receive, send, request_headers=headers)
  File "C:\Users\AA\Desktop\FastAPI\.venv\Lib\site-packages\starlette\middleware\cors.py", line 144, in simple_response
    await self.app(scope, receive, send)
  File "C:\Users\AA\Desktop\FastAPI\.venv\Lib\site-packages\starlette\middleware\exceptions.py", line 63, in __call__
    await wrap_app_handling_exceptions(self.app, conn)(scope, receive, send)
  File "C:\Users\AA\Desktop\FastAPI\.venv\Lib\site-packages\starlette\_exception_handler.py", line 53, in wrapped_app
    raise exc
  File "C:\Users\AA\Desktop\FastAPI\.venv\Lib\site-packages\starlette\_exception_handler.py", line 42, in wrapped_app
    await app(scope, receive, sender)
  File "C:\Users\AA\Desktop\FastAPI\.venv\Lib\site-packages\fastapi\middleware\asyncexitstack.py", line 18, in __call__
    await self.app(scope, receive, send)
  File "C:\Users\AA\Desktop\FastAPI\.venv\Lib\site-packages\starlette\routing.py", line 716, in __call__
    await self.middleware_stack(scope, receive, send)
  File "C:\Users\AA\Desktop\FastAPI\.venv\Lib\site-packages\starlette\routing.py", line 736, in app
    await route.handle(scope, receive, send)
  File "C:\Users\AA\Desktop\FastAPI\.venv\Lib\site-packages\starlette\routing.py", line 290, in handle
    await self.app(scope, receive, send)
  File "C:\Users\AA\Desktop\FastAPI\.venv\Lib\site-packages\fastapi\routing.py", line 115, in app
    await wrap_app_handling_exceptions(app, request)(scope, receive, send)
  File "C:\Users\AA\Desktop\FastAPI\.venv\Lib\site-packages\starlette\_exception_handler.py", line 53, in wrapped_app
    raise exc
  File "C:\Users\AA\Desktop\FastAPI\.venv\Lib\site-packages\starlette\_exception_handler.py", line 42, in wrapped_app
    await app(scope, receive, sender)
  File "C:\Users\AA\Desktop\FastAPI\.venv\Lib\site-packages\fastapi\routing.py", line 101, in app
    response = await f(request)
               ^^^^^^^^^^^^^^^^
  File "C:\Users\AA\Desktop\FastAPI\.venv\Lib\site-packages\fastapi\routing.py", line 355, in app
    raw_response = await run_endpoint_function(
                   ^^^^^^^^^^^^^^^^^^^^^^^^^^^^
  File "C:\Users\AA\Desktop\FastAPI\.venv\Lib\site-packages\fastapi\routing.py", line 243, in run_endpoint_function
    return await dependant.call(**values)
           ^^^^^^^^^^^^^^^^^^^^^^^^^^^^^^
  File "C:\Users\AA\Desktop\FastAPI\.venv\Lib\site-packages\slowapi\extension.py", line 734, in async_wrapper
    response = await func(*args, **kwargs)  # type: ignore
               ^^^^^^^^^^^^^^^^^^^^^^^^^^^
  File "C:\Users\AA\Desktop\FastAPI\backend\routes\auth.py", line 61, in login
    logined_user = login_user(db, user_data.email, user_data.password)
                   ^^^^^^^^^^^^^^^^^^^^^^^^^^^^^^^^^^^^^^^^^^^^^^^^^^^
TypeError: login_user() takes 2 positional arguments but 3 were given
2026-02-25 12:53:05,369 | INFO | main | main.py:24 | Application startup
2026-02-25 12:53:17,347 | INFO | main | main.py:24 | Application startup
2026-02-25 12:53:22,363 | ERROR | utils.exceptions | exceptions.py:20 | Database error: Mapper 'Mapper[Group(groups)]' has no property 'users'.  If this property was indicated from other mappers or configure events, ensure registry.configure() has been called.
Traceback (most recent call last):
  File "C:\Users\AA\Desktop\FastAPI\.venv\Lib\site-packages\sqlalchemy\orm\mapper.py", line 2531, in get_property
    return self._props[key]
           ~~~~~~~~~~~^^^^^
KeyError: 'users'

The above exception was the direct cause of the following exception:

Traceback (most recent call last):
  File "C:\Users\AA\Desktop\FastAPI\.venv\Lib\site-packages\starlette\_exception_handler.py", line 42, in wrapped_app
    await app(scope, receive, sender)
  File "C:\Users\AA\Desktop\FastAPI\.venv\Lib\site-packages\fastapi\routing.py", line 101, in app
    response = await f(request)
               ^^^^^^^^^^^^^^^^
  File "C:\Users\AA\Desktop\FastAPI\.venv\Lib\site-packages\fastapi\routing.py", line 355, in app
    raw_response = await run_endpoint_function(
                   ^^^^^^^^^^^^^^^^^^^^^^^^^^^^
  File "C:\Users\AA\Desktop\FastAPI\.venv\Lib\site-packages\fastapi\routing.py", line 243, in run_endpoint_function
    return await dependant.call(**values)
           ^^^^^^^^^^^^^^^^^^^^^^^^^^^^^^
  File "C:\Users\AA\Desktop\FastAPI\.venv\Lib\site-packages\slowapi\extension.py", line 734, in async_wrapper
    response = await func(*args, **kwargs)  # type: ignore
               ^^^^^^^^^^^^^^^^^^^^^^^^^^^
  File "C:\Users\AA\Desktop\FastAPI\backend\routes\auth.py", line 61, in login
    logined_user = login_user(db, user_data)
                   ^^^^^^^^^^^^^^^^^^^^^^^^^
  File "C:\Users\AA\Desktop\FastAPI\backend\crud\crud.py", line 50, in login_user
    user = db.query(User).filter(User.email == login_data.email).first()
           ^^^^^^^^^^^^^^
  File "C:\Users\AA\Desktop\FastAPI\.venv\Lib\site-packages\sqlalchemy\orm\session.py", line 2941, in query
    return self._query_cls(entities, self, **kwargs)
           ^^^^^^^^^^^^^^^^^^^^^^^^^^^^^^^^^^^^^^^^^
  File "C:\Users\AA\Desktop\FastAPI\.venv\Lib\site-packages\sqlalchemy\orm\query.py", line 276, in __init__
    self._set_entities(entities)
  File "C:\Users\AA\Desktop\FastAPI\.venv\Lib\site-packages\sqlalchemy\orm\query.py", line 289, in _set_entities
    coercions.expect(
  File "C:\Users\AA\Desktop\FastAPI\.venv\Lib\site-packages\sqlalchemy\sql\coercions.py", line 389, in expect
    insp._post_inspect
  File "C:\Users\AA\Desktop\FastAPI\.venv\Lib\site-packages\sqlalchemy\util\langhelpers.py", line 1338, in __get__
    obj.__dict__[self.__name__] = result = self.fget(obj)
                                           ^^^^^^^^^^^^^^
  File "C:\Users\AA\Desktop\FastAPI\.venv\Lib\site-packages\sqlalchemy\orm\mapper.py", line 2733, in _post_inspect
    self._check_configure()
  File "C:\Users\AA\Desktop\FastAPI\.venv\Lib\site-packages\sqlalchemy\orm\mapper.py", line 2410, in _check_configure
    _configure_registries({self.registry}, cascade=True)
  File "C:\Users\AA\Desktop\FastAPI\.venv\Lib\site-packages\sqlalchemy\orm\mapper.py", line 4227, in _configure_registries
    _do_configure_registries(registries, cascade)
  File "C:\Users\AA\Desktop\FastAPI\.venv\Lib\site-packages\sqlalchemy\orm\mapper.py", line 4268, in _do_configure_registries
    mapper._post_configure_properties()
  File "C:\Users\AA\Desktop\FastAPI\.venv\Lib\site-packages\sqlalchemy\orm\mapper.py", line 2427, in _post_configure_properties
    prop.init()
  File "C:\Users\AA\Desktop\FastAPI\.venv\Lib\site-packages\sqlalchemy\orm\interfaces.py", line 595, in init
    self.do_init()
  File "C:\Users\AA\Desktop\FastAPI\.venv\Lib\site-packages\sqlalchemy\orm\relationships.py", line 1660, in do_init
    self._generate_backref()
  File "C:\Users\AA\Desktop\FastAPI\.venv\Lib\site-packages\sqlalchemy\orm\relationships.py", line 2144, in _generate_backref
    self._add_reverse_property(self.back_populates)
  File "C:\Users\AA\Desktop\FastAPI\.venv\Lib\site-packages\sqlalchemy\orm\relationships.py", line 1591, in _add_reverse_property
    other = self.mapper.get_property(key, _configure_mappers=False)
            ^^^^^^^^^^^^^^^^^^^^^^^^^^^^^^^^^^^^^^^^^^^^^^^^^^^^^^^
  File "C:\Users\AA\Desktop\FastAPI\.venv\Lib\site-packages\sqlalchemy\orm\mapper.py", line 2533, in get_property
    raise sa_exc.InvalidRequestError(
sqlalchemy.exc.InvalidRequestError: Mapper 'Mapper[Group(groups)]' has no property 'users'.  If this property was indicated from other mappers or configure events, ensure registry.configure() has been called.
2026-02-25 12:55:09,778 | INFO | main | main.py:24 | Application startup
2026-02-25 12:55:26,380 | INFO | main | main.py:24 | Application startup
2026-02-25 12:56:36,385 | INFO | main | main.py:24 | Application startup
2026-02-25 12:56:43,137 | INFO | main | main.py:24 | Application startup
2026-02-25 12:56:48,480 | INFO | main | main.py:24 | Application startup
2026-02-25 12:56:53,450 | INFO | main | main.py:24 | Application startup
2026-02-25 12:57:27,119 | INFO | main | main.py:24 | Application startup
2026-02-25 12:57:32,305 | INFO | main | main.py:24 | Application startup
2026-02-25 12:57:37,734 | INFO | main | main.py:24 | Application startup
2026-02-25 12:57:43,113 | INFO | main | main.py:24 | Application startup
2026-02-25 12:57:48,129 | INFO | main | main.py:24 | Application startup
2026-02-25 12:58:47,189 | INFO | main | main.py:24 | Application startup
2026-02-25 12:58:57,022 | INFO | main | main.py:24 | Application startup
2026-02-25 12:59:02,241 | INFO | main | main.py:24 | Application startup
2026-02-25 12:59:12,091 | INFO | main | main.py:24 | Application startup
2026-02-25 12:59:17,341 | INFO | main | main.py:24 | Application startup
2026-02-25 12:59:22,612 | INFO | main | main.py:24 | Application startup
2026-02-25 12:59:27,920 | INFO | main | main.py:24 | Application startup
2026-02-25 12:59:33,228 | INFO | main | main.py:24 | Application startup
2026-02-25 12:59:39,901 | INFO | main | main.py:24 | Application startup
2026-02-25 12:59:45,010 | INFO | main | main.py:24 | Application startup
2026-02-25 13:05:14,131 | INFO | routes.auth | auth.py:46 | User registered successfully
2026-02-25 13:05:37,263 | ERROR | utils.exceptions | exceptions.py:28 | Unhandled server exception
Traceback (most recent call last):
  File "C:\Users\AA\Desktop\FastAPI\.venv\Lib\site-packages\starlette\middleware\errors.py", line 164, in __call__
    await self.app(scope, receive, _send)
  File "C:\Users\AA\Desktop\FastAPI\.venv\Lib\site-packages\starlette\middleware\cors.py", line 93, in __call__
    await self.simple_response(scope, receive, send, request_headers=headers)
  File "C:\Users\AA\Desktop\FastAPI\.venv\Lib\site-packages\starlette\middleware\cors.py", line 144, in simple_response
    await self.app(scope, receive, send)
  File "C:\Users\AA\Desktop\FastAPI\.venv\Lib\site-packages\starlette\middleware\exceptions.py", line 63, in __call__
    await wrap_app_handling_exceptions(self.app, conn)(scope, receive, send)
  File "C:\Users\AA\Desktop\FastAPI\.venv\Lib\site-packages\starlette\_exception_handler.py", line 53, in wrapped_app
    raise exc
  File "C:\Users\AA\Desktop\FastAPI\.venv\Lib\site-packages\starlette\_exception_handler.py", line 42, in wrapped_app
    await app(scope, receive, sender)
  File "C:\Users\AA\Desktop\FastAPI\.venv\Lib\site-packages\fastapi\middleware\asyncexitstack.py", line 18, in __call__
    await self.app(scope, receive, send)
  File "C:\Users\AA\Desktop\FastAPI\.venv\Lib\site-packages\starlette\routing.py", line 716, in __call__
    await self.middleware_stack(scope, receive, send)
  File "C:\Users\AA\Desktop\FastAPI\.venv\Lib\site-packages\starlette\routing.py", line 736, in app
    await route.handle(scope, receive, send)
  File "C:\Users\AA\Desktop\FastAPI\.venv\Lib\site-packages\starlette\routing.py", line 290, in handle
    await self.app(scope, receive, send)
  File "C:\Users\AA\Desktop\FastAPI\.venv\Lib\site-packages\fastapi\routing.py", line 115, in app
    await wrap_app_handling_exceptions(app, request)(scope, receive, send)
  File "C:\Users\AA\Desktop\FastAPI\.venv\Lib\site-packages\starlette\_exception_handler.py", line 53, in wrapped_app
    raise exc
  File "C:\Users\AA\Desktop\FastAPI\.venv\Lib\site-packages\starlette\_exception_handler.py", line 42, in wrapped_app
    await app(scope, receive, sender)
  File "C:\Users\AA\Desktop\FastAPI\.venv\Lib\site-packages\fastapi\routing.py", line 101, in app
    response = await f(request)
               ^^^^^^^^^^^^^^^^
  File "C:\Users\AA\Desktop\FastAPI\.venv\Lib\site-packages\fastapi\routing.py", line 355, in app
    raw_response = await run_endpoint_function(
                   ^^^^^^^^^^^^^^^^^^^^^^^^^^^^
  File "C:\Users\AA\Desktop\FastAPI\.venv\Lib\site-packages\fastapi\routing.py", line 243, in run_endpoint_function
    return await dependant.call(**values)
           ^^^^^^^^^^^^^^^^^^^^^^^^^^^^^^
  File "C:\Users\AA\Desktop\FastAPI\.venv\Lib\site-packages\slowapi\extension.py", line 734, in async_wrapper
    response = await func(*args, **kwargs)  # type: ignore
               ^^^^^^^^^^^^^^^^^^^^^^^^^^^
  File "C:\Users\AA\Desktop\FastAPI\backend\routes\auth.py", line 61, in login
    logined_user = login_user(db, user_data)
                   ^^^^^^^^^^^^^^^^^^^^^^^^^
  File "C:\Users\AA\Desktop\FastAPI\backend\crud\crud.py", line 59, in login_user
    user.modified_at = datetime.now(timezone.utc)
                       ^^^^^^^^^^^^
AttributeError: module 'datetime' has no attribute 'now'
2026-02-25 13:07:36,748 | INFO | main | main.py:24 | Application startup
2026-02-25 13:07:43,785 | INFO | main | main.py:24 | Application startup
2026-02-25 13:08:01,603 | ERROR | utils.exceptions | exceptions.py:28 | Unhandled server exception
Traceback (most recent call last):
  File "C:\Users\AA\Desktop\FastAPI\.venv\Lib\site-packages\starlette\middleware\errors.py", line 164, in __call__
    await self.app(scope, receive, _send)
  File "C:\Users\AA\Desktop\FastAPI\.venv\Lib\site-packages\starlette\middleware\cors.py", line 93, in __call__
    await self.simple_response(scope, receive, send, request_headers=headers)
  File "C:\Users\AA\Desktop\FastAPI\.venv\Lib\site-packages\starlette\middleware\cors.py", line 144, in simple_response
    await self.app(scope, receive, send)
  File "C:\Users\AA\Desktop\FastAPI\.venv\Lib\site-packages\starlette\middleware\exceptions.py", line 63, in __call__
    await wrap_app_handling_exceptions(self.app, conn)(scope, receive, send)
  File "C:\Users\AA\Desktop\FastAPI\.venv\Lib\site-packages\starlette\_exception_handler.py", line 53, in wrapped_app
    raise exc
  File "C:\Users\AA\Desktop\FastAPI\.venv\Lib\site-packages\starlette\_exception_handler.py", line 42, in wrapped_app
    await app(scope, receive, sender)
  File "C:\Users\AA\Desktop\FastAPI\.venv\Lib\site-packages\fastapi\middleware\asyncexitstack.py", line 18, in __call__
    await self.app(scope, receive, send)
  File "C:\Users\AA\Desktop\FastAPI\.venv\Lib\site-packages\starlette\routing.py", line 716, in __call__
    await self.middleware_stack(scope, receive, send)
  File "C:\Users\AA\Desktop\FastAPI\.venv\Lib\site-packages\starlette\routing.py", line 736, in app
    await route.handle(scope, receive, send)
  File "C:\Users\AA\Desktop\FastAPI\.venv\Lib\site-packages\starlette\routing.py", line 290, in handle
    await self.app(scope, receive, send)
  File "C:\Users\AA\Desktop\FastAPI\.venv\Lib\site-packages\fastapi\routing.py", line 115, in app
    await wrap_app_handling_exceptions(app, request)(scope, receive, send)
  File "C:\Users\AA\Desktop\FastAPI\.venv\Lib\site-packages\starlette\_exception_handler.py", line 53, in wrapped_app
    raise exc
  File "C:\Users\AA\Desktop\FastAPI\.venv\Lib\site-packages\starlette\_exception_handler.py", line 42, in wrapped_app
    await app(scope, receive, sender)
  File "C:\Users\AA\Desktop\FastAPI\.venv\Lib\site-packages\fastapi\routing.py", line 101, in app
    response = await f(request)
               ^^^^^^^^^^^^^^^^
  File "C:\Users\AA\Desktop\FastAPI\.venv\Lib\site-packages\fastapi\routing.py", line 355, in app
    raw_response = await run_endpoint_function(
                   ^^^^^^^^^^^^^^^^^^^^^^^^^^^^
  File "C:\Users\AA\Desktop\FastAPI\.venv\Lib\site-packages\fastapi\routing.py", line 243, in run_endpoint_function
    return await dependant.call(**values)
           ^^^^^^^^^^^^^^^^^^^^^^^^^^^^^^
  File "C:\Users\AA\Desktop\FastAPI\.venv\Lib\site-packages\slowapi\extension.py", line 734, in async_wrapper
    response = await func(*args, **kwargs)  # type: ignore
               ^^^^^^^^^^^^^^^^^^^^^^^^^^^
  File "C:\Users\AA\Desktop\FastAPI\backend\routes\auth.py", line 67, in login
    access_token = create_access_token(data={"sub": str(logined_user.user.id)})
                                                        ^^^^^^^^^^^^^^^^^
AttributeError: 'User' object has no attribute 'user'
2026-02-25 13:08:36,887 | INFO | main | main.py:24 | Application startup
2026-02-25 13:08:42,294 | INFO | main | main.py:24 | Application startup
2026-02-25 13:10:34,413 | INFO | main | main.py:24 | Application startup
2026-02-25 13:10:39,592 | INFO | main | main.py:24 | Application startup
2026-02-25 13:10:50,092 | INFO | routes.auth | auth.py:76 | User logged in successfully
2026-02-25 13:12:06,857 | INFO | routes.classromm.classroom | classroom.py:41 | Classroom created successfully
2026-02-25 13:12:06,857 | ERROR | utils.exceptions | exceptions.py:28 | Unhandled server exception
Traceback (most recent call last):
  File "C:\Users\AA\Desktop\FastAPI\.venv\Lib\site-packages\starlette\middleware\errors.py", line 164, in __call__
    await self.app(scope, receive, _send)
  File "C:\Users\AA\Desktop\FastAPI\.venv\Lib\site-packages\starlette\middleware\cors.py", line 93, in __call__
    await self.simple_response(scope, receive, send, request_headers=headers)
  File "C:\Users\AA\Desktop\FastAPI\.venv\Lib\site-packages\starlette\middleware\cors.py", line 144, in simple_response
    await self.app(scope, receive, send)
  File "C:\Users\AA\Desktop\FastAPI\.venv\Lib\site-packages\starlette\middleware\exceptions.py", line 63, in __call__
    await wrap_app_handling_exceptions(self.app, conn)(scope, receive, send)
  File "C:\Users\AA\Desktop\FastAPI\.venv\Lib\site-packages\starlette\_exception_handler.py", line 53, in wrapped_app
    raise exc
  File "C:\Users\AA\Desktop\FastAPI\.venv\Lib\site-packages\starlette\_exception_handler.py", line 42, in wrapped_app
    await app(scope, receive, sender)
  File "C:\Users\AA\Desktop\FastAPI\.venv\Lib\site-packages\fastapi\middleware\asyncexitstack.py", line 18, in __call__
    await self.app(scope, receive, send)
  File "C:\Users\AA\Desktop\FastAPI\.venv\Lib\site-packages\starlette\routing.py", line 716, in __call__
    await self.middleware_stack(scope, receive, send)
  File "C:\Users\AA\Desktop\FastAPI\.venv\Lib\site-packages\starlette\routing.py", line 736, in app
    await route.handle(scope, receive, send)
  File "C:\Users\AA\Desktop\FastAPI\.venv\Lib\site-packages\starlette\routing.py", line 290, in handle
    await self.app(scope, receive, send)
  File "C:\Users\AA\Desktop\FastAPI\.venv\Lib\site-packages\fastapi\routing.py", line 115, in app
    await wrap_app_handling_exceptions(app, request)(scope, receive, send)
  File "C:\Users\AA\Desktop\FastAPI\.venv\Lib\site-packages\starlette\_exception_handler.py", line 53, in wrapped_app
    raise exc
  File "C:\Users\AA\Desktop\FastAPI\.venv\Lib\site-packages\starlette\_exception_handler.py", line 42, in wrapped_app
    await app(scope, receive, sender)
  File "C:\Users\AA\Desktop\FastAPI\.venv\Lib\site-packages\fastapi\routing.py", line 101, in app
    response = await f(request)
               ^^^^^^^^^^^^^^^^
  File "C:\Users\AA\Desktop\FastAPI\.venv\Lib\site-packages\fastapi\routing.py", line 355, in app
    raw_response = await run_endpoint_function(
                   ^^^^^^^^^^^^^^^^^^^^^^^^^^^^
  File "C:\Users\AA\Desktop\FastAPI\.venv\Lib\site-packages\fastapi\routing.py", line 243, in run_endpoint_function
    return await dependant.call(**values)
           ^^^^^^^^^^^^^^^^^^^^^^^^^^^^^^
  File "C:\Users\AA\Desktop\FastAPI\.venv\Lib\site-packages\slowapi\extension.py", line 734, in async_wrapper
    response = await func(*args, **kwargs)  # type: ignore
               ^^^^^^^^^^^^^^^^^^^^^^^^^^^
  File "C:\Users\AA\Desktop\FastAPI\backend\routes\classromm\classroom.py", line 42, in create_classroom
    return success_response(message="Classroom created successfully", data={"classroom_id": classroom.id},
                                                                                           ^^^^^^^^^^^^
AttributeError: 'coroutine' object has no attribute 'id'
2026-02-25 13:16:37,976 | INFO | main | main.py:24 | Application startup
2026-02-25 13:16:47,850 | INFO | main | main.py:24 | Application startup
2026-02-25 13:16:53,210 | INFO | main | main.py:24 | Application startup
2026-02-25 13:16:58,774 | INFO | main | main.py:24 | Application startup
2026-02-25 13:20:55,737 | INFO | main | main.py:24 | Application startup
2026-02-25 13:22:48,073 | INFO | main | main.py:24 | Application startup
2026-02-25 13:22:53,057 | INFO | main | main.py:24 | Application startup
2026-02-25 13:22:57,738 | INFO | main | main.py:24 | Application startup
2026-02-25 13:23:18,473 | ERROR | utils.exceptions | exceptions.py:28 | Unhandled server exception
Traceback (most recent call last):
  File "C:\Users\AA\Desktop\FastAPI\.venv\Lib\site-packages\starlette\middleware\errors.py", line 164, in __call__
    await self.app(scope, receive, _send)
  File "C:\Users\AA\Desktop\FastAPI\.venv\Lib\site-packages\starlette\middleware\cors.py", line 93, in __call__
    await self.simple_response(scope, receive, send, request_headers=headers)
  File "C:\Users\AA\Desktop\FastAPI\.venv\Lib\site-packages\starlette\middleware\cors.py", line 144, in simple_response
    await self.app(scope, receive, send)
  File "C:\Users\AA\Desktop\FastAPI\.venv\Lib\site-packages\starlette\middleware\exceptions.py", line 63, in __call__
    await wrap_app_handling_exceptions(self.app, conn)(scope, receive, send)
  File "C:\Users\AA\Desktop\FastAPI\.venv\Lib\site-packages\starlette\_exception_handler.py", line 53, in wrapped_app
    raise exc
  File "C:\Users\AA\Desktop\FastAPI\.venv\Lib\site-packages\starlette\_exception_handler.py", line 42, in wrapped_app
    await app(scope, receive, sender)
  File "C:\Users\AA\Desktop\FastAPI\.venv\Lib\site-packages\fastapi\middleware\asyncexitstack.py", line 18, in __call__
    await self.app(scope, receive, send)
  File "C:\Users\AA\Desktop\FastAPI\.venv\Lib\site-packages\starlette\routing.py", line 716, in __call__
    await self.middleware_stack(scope, receive, send)
  File "C:\Users\AA\Desktop\FastAPI\.venv\Lib\site-packages\starlette\routing.py", line 736, in app
    await route.handle(scope, receive, send)
  File "C:\Users\AA\Desktop\FastAPI\.venv\Lib\site-packages\starlette\routing.py", line 290, in handle
    await self.app(scope, receive, send)
  File "C:\Users\AA\Desktop\FastAPI\.venv\Lib\site-packages\fastapi\routing.py", line 115, in app
    await wrap_app_handling_exceptions(app, request)(scope, receive, send)
  File "C:\Users\AA\Desktop\FastAPI\.venv\Lib\site-packages\starlette\_exception_handler.py", line 53, in wrapped_app
    raise exc
  File "C:\Users\AA\Desktop\FastAPI\.venv\Lib\site-packages\starlette\_exception_handler.py", line 42, in wrapped_app
    await app(scope, receive, sender)
  File "C:\Users\AA\Desktop\FastAPI\.venv\Lib\site-packages\fastapi\routing.py", line 101, in app
    response = await f(request)
               ^^^^^^^^^^^^^^^^
  File "C:\Users\AA\Desktop\FastAPI\.venv\Lib\site-packages\fastapi\routing.py", line 355, in app
    raw_response = await run_endpoint_function(
                   ^^^^^^^^^^^^^^^^^^^^^^^^^^^^
  File "C:\Users\AA\Desktop\FastAPI\.venv\Lib\site-packages\fastapi\routing.py", line 243, in run_endpoint_function
    return await dependant.call(**values)
           ^^^^^^^^^^^^^^^^^^^^^^^^^^^^^^
  File "C:\Users\AA\Desktop\FastAPI\.venv\Lib\site-packages\slowapi\extension.py", line 734, in async_wrapper
    response = await func(*args, **kwargs)  # type: ignore
               ^^^^^^^^^^^^^^^^^^^^^^^^^^^
  File "C:\Users\AA\Desktop\FastAPI\backend\routes\classromm\classroom.py", line 37, in created_classroom
    classroom = create_classroom(db, classroom_data)
                ^^^^^^^^^^^^^^^^^^^^^^^^^^^^^^^^^^^^
  File "C:\Users\AA\Desktop\FastAPI\backend\crud\crud.py", line 123, in create_classroom
    new_classroom = Group(
                    ^^^^^^
  File "<string>", line 4, in __init__
  File "C:\Users\AA\Desktop\FastAPI\.venv\Lib\site-packages\sqlalchemy\orm\state.py", line 596, in _initialize_instance
    with util.safe_reraise():
         ^^^^^^^^^^^^^^^^^^^
  File "C:\Users\AA\Desktop\FastAPI\.venv\Lib\site-packages\sqlalchemy\util\langhelpers.py", line 224, in __exit__
    raise exc_value.with_traceback(exc_tb)
  File "C:\Users\AA\Desktop\FastAPI\.venv\Lib\site-packages\sqlalchemy\orm\state.py", line 594, in _initialize_instance
    manager.original_init(*mixed[1:], **kwargs)
  File "C:\Users\AA\Desktop\FastAPI\.venv\Lib\site-packages\sqlalchemy\orm\decl_base.py", line 2179, in _declarative_constructor
    raise TypeError(
TypeError: 'name' is an invalid keyword argument for Group
2026-02-26 06:10:21,854 | INFO | main | main.py:24 | Application startup
2026-02-26 06:16:56,704 | INFO | main | main.py:24 | Application startup
2026-02-26 06:17:06,010 | INFO | main | main.py:24 | Application startup
2026-02-26 06:17:18,818 | INFO | main | main.py:24 | Application startup
2026-02-26 06:17:28,705 | INFO | main | main.py:24 | Application startup
2026-02-26 06:17:40,166 | INFO | main | main.py:24 | Application startup
2026-02-26 06:17:59,105 | INFO | main | main.py:24 | Application startup
2026-02-26 06:18:08,906 | INFO | main | main.py:24 | Application startup
2026-02-26 06:18:18,248 | INFO | main | main.py:24 | Application startup
2026-02-26 06:30:09,479 | INFO | routes.auth | auth.py:46 | User registered successfully
2026-02-26 06:31:27,622 | INFO | routes.auth | auth.py:46 | User registered successfully
2026-02-26 06:35:08,221 | INFO | main | main.py:24 | Application startup
2026-02-26 06:35:18,004 | INFO | main | main.py:24 | Application startup
2026-02-26 06:35:27,410 | INFO | main | main.py:24 | Application startup
2026-02-26 06:37:19,905 | INFO | main | main.py:24 | Application startup
2026-02-26 06:38:41,668 | INFO | main | main.py:24 | Application startup
2026-02-26 06:38:50,661 | INFO | main | main.py:24 | Application startup
2026-02-26 06:39:04,143 | INFO | main | main.py:24 | Application startup
2026-02-26 06:39:16,414 | INFO | main | main.py:24 | Application startup
2026-02-26 06:40:19,342 | INFO | main | main.py:24 | Application startup
2026-02-26 06:41:48,816 | ERROR | utils.exceptions | exceptions.py:28 | Unhandled server exception
Traceback (most recent call last):
  File "C:\Users\AA\Desktop\FastAPI\.venv\Lib\site-packages\starlette\middleware\errors.py", line 164, in __call__
    await self.app(scope, receive, _send)
  File "C:\Users\AA\Desktop\FastAPI\.venv\Lib\site-packages\starlette\middleware\cors.py", line 93, in __call__
    await self.simple_response(scope, receive, send, request_headers=headers)
  File "C:\Users\AA\Desktop\FastAPI\.venv\Lib\site-packages\starlette\middleware\cors.py", line 144, in simple_response
    await self.app(scope, receive, send)
  File "C:\Users\AA\Desktop\FastAPI\.venv\Lib\site-packages\starlette\middleware\exceptions.py", line 63, in __call__
    await wrap_app_handling_exceptions(self.app, conn)(scope, receive, send)
  File "C:\Users\AA\Desktop\FastAPI\.venv\Lib\site-packages\starlette\_exception_handler.py", line 53, in wrapped_app
    raise exc
  File "C:\Users\AA\Desktop\FastAPI\.venv\Lib\site-packages\starlette\_exception_handler.py", line 42, in wrapped_app
    await app(scope, receive, sender)
  File "C:\Users\AA\Desktop\FastAPI\.venv\Lib\site-packages\fastapi\middleware\asyncexitstack.py", line 18, in __call__
    await self.app(scope, receive, send)
  File "C:\Users\AA\Desktop\FastAPI\.venv\Lib\site-packages\starlette\routing.py", line 716, in __call__
    await self.middleware_stack(scope, receive, send)
  File "C:\Users\AA\Desktop\FastAPI\.venv\Lib\site-packages\starlette\routing.py", line 736, in app
    await route.handle(scope, receive, send)
  File "C:\Users\AA\Desktop\FastAPI\.venv\Lib\site-packages\starlette\routing.py", line 290, in handle
    await self.app(scope, receive, send)
  File "C:\Users\AA\Desktop\FastAPI\.venv\Lib\site-packages\fastapi\routing.py", line 115, in app
    await wrap_app_handling_exceptions(app, request)(scope, receive, send)
  File "C:\Users\AA\Desktop\FastAPI\.venv\Lib\site-packages\starlette\_exception_handler.py", line 53, in wrapped_app
    raise exc
  File "C:\Users\AA\Desktop\FastAPI\.venv\Lib\site-packages\starlette\_exception_handler.py", line 42, in wrapped_app
    await app(scope, receive, sender)
  File "C:\Users\AA\Desktop\FastAPI\.venv\Lib\site-packages\fastapi\routing.py", line 101, in app
    response = await f(request)
               ^^^^^^^^^^^^^^^^
  File "C:\Users\AA\Desktop\FastAPI\.venv\Lib\site-packages\fastapi\routing.py", line 355, in app
    raw_response = await run_endpoint_function(
                   ^^^^^^^^^^^^^^^^^^^^^^^^^^^^
  File "C:\Users\AA\Desktop\FastAPI\.venv\Lib\site-packages\fastapi\routing.py", line 243, in run_endpoint_function
    return await dependant.call(**values)
           ^^^^^^^^^^^^^^^^^^^^^^^^^^^^^^
  File "C:\Users\AA\Desktop\FastAPI\.venv\Lib\site-packages\slowapi\extension.py", line 734, in async_wrapper
    response = await func(*args, **kwargs)  # type: ignore
               ^^^^^^^^^^^^^^^^^^^^^^^^^^^
  File "C:\Users\AA\Desktop\FastAPI\backend\routes\auth.py", line 61, in login
    logined_user, = login_user(db, user_data)
    ^^^^^^^^^^^^^
TypeError: cannot unpack non-iterable User object
2026-02-26 06:42:35,871 | INFO | main | main.py:24 | Application startup
2026-02-26 06:42:46,755 | INFO | routes.auth | auth.py:76 | User logged in successfully
2026-02-26 06:47:15,985 | ERROR | utils.exceptions | exceptions.py:28 | Unhandled server exception
Traceback (most recent call last):
  File "C:\Users\AA\Desktop\FastAPI\.venv\Lib\site-packages\starlette\middleware\errors.py", line 164, in __call__
    await self.app(scope, receive, _send)
  File "C:\Users\AA\Desktop\FastAPI\.venv\Lib\site-packages\starlette\middleware\cors.py", line 93, in __call__
    await self.simple_response(scope, receive, send, request_headers=headers)
  File "C:\Users\AA\Desktop\FastAPI\.venv\Lib\site-packages\starlette\middleware\cors.py", line 144, in simple_response
    await self.app(scope, receive, send)
  File "C:\Users\AA\Desktop\FastAPI\.venv\Lib\site-packages\starlette\middleware\exceptions.py", line 63, in __call__
    await wrap_app_handling_exceptions(self.app, conn)(scope, receive, send)
  File "C:\Users\AA\Desktop\FastAPI\.venv\Lib\site-packages\starlette\_exception_handler.py", line 53, in wrapped_app
    raise exc
  File "C:\Users\AA\Desktop\FastAPI\.venv\Lib\site-packages\starlette\_exception_handler.py", line 42, in wrapped_app
    await app(scope, receive, sender)
  File "C:\Users\AA\Desktop\FastAPI\.venv\Lib\site-packages\fastapi\middleware\asyncexitstack.py", line 18, in __call__
    await self.app(scope, receive, send)
  File "C:\Users\AA\Desktop\FastAPI\.venv\Lib\site-packages\starlette\routing.py", line 716, in __call__
    await self.middleware_stack(scope, receive, send)
  File "C:\Users\AA\Desktop\FastAPI\.venv\Lib\site-packages\starlette\routing.py", line 736, in app
    await route.handle(scope, receive, send)
  File "C:\Users\AA\Desktop\FastAPI\.venv\Lib\site-packages\starlette\routing.py", line 290, in handle
    await self.app(scope, receive, send)
  File "C:\Users\AA\Desktop\FastAPI\.venv\Lib\site-packages\fastapi\routing.py", line 115, in app
    await wrap_app_handling_exceptions(app, request)(scope, receive, send)
  File "C:\Users\AA\Desktop\FastAPI\.venv\Lib\site-packages\starlette\_exception_handler.py", line 53, in wrapped_app
    raise exc
  File "C:\Users\AA\Desktop\FastAPI\.venv\Lib\site-packages\starlette\_exception_handler.py", line 42, in wrapped_app
    await app(scope, receive, sender)
  File "C:\Users\AA\Desktop\FastAPI\.venv\Lib\site-packages\fastapi\routing.py", line 101, in app
    response = await f(request)
               ^^^^^^^^^^^^^^^^
  File "C:\Users\AA\Desktop\FastAPI\.venv\Lib\site-packages\fastapi\routing.py", line 355, in app
    raw_response = await run_endpoint_function(
                   ^^^^^^^^^^^^^^^^^^^^^^^^^^^^
  File "C:\Users\AA\Desktop\FastAPI\.venv\Lib\site-packages\fastapi\routing.py", line 243, in run_endpoint_function
    return await dependant.call(**values)
           ^^^^^^^^^^^^^^^^^^^^^^^^^^^^^^
  File "C:\Users\AA\Desktop\FastAPI\.venv\Lib\site-packages\slowapi\extension.py", line 734, in async_wrapper
    response = await func(*args, **kwargs)  # type: ignore
               ^^^^^^^^^^^^^^^^^^^^^^^^^^^
  File "C:\Users\AA\Desktop\FastAPI\backend\routes\classromm\classroom.py", line 37, in created_classroom
    classroom = create_classroom(db, classroom_data)
                ^^^^^^^^^^^^^^^^^^^^^^^^^^^^^^^^^^^^
  File "C:\Users\AA\Desktop\FastAPI\backend\crud\crud.py", line 129, in create_classroom
    new_classroom = Group(
                    ^^^^^^
  File "<string>", line 4, in __init__
  File "C:\Users\AA\Desktop\FastAPI\.venv\Lib\site-packages\sqlalchemy\orm\state.py", line 596, in _initialize_instance
    with util.safe_reraise():
         ^^^^^^^^^^^^^^^^^^^
  File "C:\Users\AA\Desktop\FastAPI\.venv\Lib\site-packages\sqlalchemy\util\langhelpers.py", line 224, in __exit__
    raise exc_value.with_traceback(exc_tb)
  File "C:\Users\AA\Desktop\FastAPI\.venv\Lib\site-packages\sqlalchemy\orm\state.py", line 594, in _initialize_instance
    manager.original_init(*mixed[1:], **kwargs)
  File "C:\Users\AA\Desktop\FastAPI\.venv\Lib\site-packages\sqlalchemy\orm\decl_base.py", line 2179, in _declarative_constructor
    raise TypeError(
TypeError: 'name' is an invalid keyword argument for Group
2026-02-26 06:48:36,486 | INFO | main | main.py:24 | Application startup
2026-02-26 06:48:52,139 | INFO | routes.classromm.classroom | classroom.py:41 | Classroom created successfully
2026-02-26 06:49:47,979 | ERROR | utils.exceptions | exceptions.py:28 | Unhandled server exception
Traceback (most recent call last):
  File "C:\Users\AA\Desktop\FastAPI\.venv\Lib\site-packages\starlette\middleware\errors.py", line 164, in __call__
    await self.app(scope, receive, _send)
  File "C:\Users\AA\Desktop\FastAPI\.venv\Lib\site-packages\starlette\middleware\cors.py", line 93, in __call__
    await self.simple_response(scope, receive, send, request_headers=headers)
  File "C:\Users\AA\Desktop\FastAPI\.venv\Lib\site-packages\starlette\middleware\cors.py", line 144, in simple_response
    await self.app(scope, receive, send)
  File "C:\Users\AA\Desktop\FastAPI\.venv\Lib\site-packages\starlette\middleware\exceptions.py", line 63, in __call__
    await wrap_app_handling_exceptions(self.app, conn)(scope, receive, send)
  File "C:\Users\AA\Desktop\FastAPI\.venv\Lib\site-packages\starlette\_exception_handler.py", line 53, in wrapped_app
    raise exc
  File "C:\Users\AA\Desktop\FastAPI\.venv\Lib\site-packages\starlette\_exception_handler.py", line 42, in wrapped_app
    await app(scope, receive, sender)
  File "C:\Users\AA\Desktop\FastAPI\.venv\Lib\site-packages\fastapi\middleware\asyncexitstack.py", line 18, in __call__
    await self.app(scope, receive, send)
  File "C:\Users\AA\Desktop\FastAPI\.venv\Lib\site-packages\starlette\routing.py", line 716, in __call__
    await self.middleware_stack(scope, receive, send)
  File "C:\Users\AA\Desktop\FastAPI\.venv\Lib\site-packages\starlette\routing.py", line 736, in app
    await route.handle(scope, receive, send)
  File "C:\Users\AA\Desktop\FastAPI\.venv\Lib\site-packages\starlette\routing.py", line 290, in handle
    await self.app(scope, receive, send)
  File "C:\Users\AA\Desktop\FastAPI\.venv\Lib\site-packages\fastapi\routing.py", line 115, in app
    await wrap_app_handling_exceptions(app, request)(scope, receive, send)
  File "C:\Users\AA\Desktop\FastAPI\.venv\Lib\site-packages\starlette\_exception_handler.py", line 53, in wrapped_app
    raise exc
  File "C:\Users\AA\Desktop\FastAPI\.venv\Lib\site-packages\starlette\_exception_handler.py", line 42, in wrapped_app
    await app(scope, receive, sender)
  File "C:\Users\AA\Desktop\FastAPI\.venv\Lib\site-packages\fastapi\routing.py", line 101, in app
    response = await f(request)
               ^^^^^^^^^^^^^^^^
  File "C:\Users\AA\Desktop\FastAPI\.venv\Lib\site-packages\fastapi\routing.py", line 355, in app
    raw_response = await run_endpoint_function(
                   ^^^^^^^^^^^^^^^^^^^^^^^^^^^^
  File "C:\Users\AA\Desktop\FastAPI\.venv\Lib\site-packages\fastapi\routing.py", line 243, in run_endpoint_function
    return await dependant.call(**values)
           ^^^^^^^^^^^^^^^^^^^^^^^^^^^^^^
  File "C:\Users\AA\Desktop\FastAPI\.venv\Lib\site-packages\slowapi\extension.py", line 734, in async_wrapper
    response = await func(*args, **kwargs)  # type: ignore
               ^^^^^^^^^^^^^^^^^^^^^^^^^^^
  File "C:\Users\AA\Desktop\FastAPI\backend\routes\classromm\classroom.py", line 55, in join_classroom
    classroom, error_msg = join_classroom(db, classroom_data)
    ^^^^^^^^^^^^^^^^^^^^
TypeError: cannot unpack non-iterable coroutine object
2026-02-26 06:50:35,633 | INFO | main | main.py:24 | Application startup
2026-02-26 06:50:47,970 | INFO | main | main.py:24 | Application startup
2026-02-26 06:51:52,875 | INFO | main | main.py:24 | Application startup
2026-02-26 06:52:02,207 | INFO | main | main.py:24 | Application startup
2026-02-26 06:53:18,008 | INFO | main | main.py:24 | Application startup
2026-02-26 06:53:29,722 | INFO | main | main.py:24 | Application startup
2026-02-26 06:57:22,740 | ERROR | utils.exceptions | exceptions.py:28 | Unhandled server exception
Traceback (most recent call last):
  File "C:\Users\AA\Desktop\FastAPI\.venv\Lib\site-packages\starlette\middleware\errors.py", line 164, in __call__
    await self.app(scope, receive, _send)
  File "C:\Users\AA\Desktop\FastAPI\.venv\Lib\site-packages\starlette\middleware\cors.py", line 93, in __call__
    await self.simple_response(scope, receive, send, request_headers=headers)
  File "C:\Users\AA\Desktop\FastAPI\.venv\Lib\site-packages\starlette\middleware\cors.py", line 144, in simple_response
    await self.app(scope, receive, send)
  File "C:\Users\AA\Desktop\FastAPI\.venv\Lib\site-packages\starlette\middleware\exceptions.py", line 63, in __call__
    await wrap_app_handling_exceptions(self.app, conn)(scope, receive, send)
  File "C:\Users\AA\Desktop\FastAPI\.venv\Lib\site-packages\starlette\_exception_handler.py", line 53, in wrapped_app
    raise exc
  File "C:\Users\AA\Desktop\FastAPI\.venv\Lib\site-packages\starlette\_exception_handler.py", line 42, in wrapped_app
    await app(scope, receive, sender)
  File "C:\Users\AA\Desktop\FastAPI\.venv\Lib\site-packages\fastapi\middleware\asyncexitstack.py", line 18, in __call__
    await self.app(scope, receive, send)
  File "C:\Users\AA\Desktop\FastAPI\.venv\Lib\site-packages\starlette\routing.py", line 716, in __call__
    await self.middleware_stack(scope, receive, send)
  File "C:\Users\AA\Desktop\FastAPI\.venv\Lib\site-packages\starlette\routing.py", line 736, in app
    await route.handle(scope, receive, send)
  File "C:\Users\AA\Desktop\FastAPI\.venv\Lib\site-packages\starlette\routing.py", line 290, in handle
    await self.app(scope, receive, send)
  File "C:\Users\AA\Desktop\FastAPI\.venv\Lib\site-packages\fastapi\routing.py", line 115, in app
    await wrap_app_handling_exceptions(app, request)(scope, receive, send)
  File "C:\Users\AA\Desktop\FastAPI\.venv\Lib\site-packages\starlette\_exception_handler.py", line 53, in wrapped_app
    raise exc
  File "C:\Users\AA\Desktop\FastAPI\.venv\Lib\site-packages\starlette\_exception_handler.py", line 42, in wrapped_app
    await app(scope, receive, sender)
  File "C:\Users\AA\Desktop\FastAPI\.venv\Lib\site-packages\fastapi\routing.py", line 101, in app
    response = await f(request)
               ^^^^^^^^^^^^^^^^
  File "C:\Users\AA\Desktop\FastAPI\.venv\Lib\site-packages\fastapi\routing.py", line 355, in app
    raw_response = await run_endpoint_function(
                   ^^^^^^^^^^^^^^^^^^^^^^^^^^^^
  File "C:\Users\AA\Desktop\FastAPI\.venv\Lib\site-packages\fastapi\routing.py", line 243, in run_endpoint_function
    return await dependant.call(**values)
           ^^^^^^^^^^^^^^^^^^^^^^^^^^^^^^
  File "C:\Users\AA\Desktop\FastAPI\.venv\Lib\site-packages\slowapi\extension.py", line 734, in async_wrapper
    response = await func(*args, **kwargs)  # type: ignore
               ^^^^^^^^^^^^^^^^^^^^^^^^^^^
  File "C:\Users\AA\Desktop\FastAPI\backend\routes\classromm\classroom.py", line 55, in joined_classroom
    classroom, error_msg = join_classroom(db, classroom_data)
                           ^^^^^^^^^^^^^^^^^^^^^^^^^^^^^^^^^^
  File "C:\Users\AA\Desktop\FastAPI\backend\crud\crud.py", line 155, in join_classroom
    classroom = db.query(Group).filter(Group.code == classroom_data.code).first()
                                       ^^^^^^^^^^
AttributeError: type object 'Group' has no attribute 'code'
2026-02-26 06:57:58,931 | INFO | main | main.py:24 | Application startup
2026-02-26 06:58:08,005 | INFO | main | main.py:24 | Application startup
2026-02-26 06:58:16,205 | ERROR | utils.exceptions | exceptions.py:28 | Unhandled server exception
Traceback (most recent call last):
  File "C:\Users\AA\Desktop\FastAPI\.venv\Lib\site-packages\starlette\middleware\errors.py", line 164, in __call__
    await self.app(scope, receive, _send)
  File "C:\Users\AA\Desktop\FastAPI\.venv\Lib\site-packages\starlette\middleware\cors.py", line 93, in __call__
    await self.simple_response(scope, receive, send, request_headers=headers)
  File "C:\Users\AA\Desktop\FastAPI\.venv\Lib\site-packages\starlette\middleware\cors.py", line 144, in simple_response
    await self.app(scope, receive, send)
  File "C:\Users\AA\Desktop\FastAPI\.venv\Lib\site-packages\starlette\middleware\exceptions.py", line 63, in __call__
    await wrap_app_handling_exceptions(self.app, conn)(scope, receive, send)
  File "C:\Users\AA\Desktop\FastAPI\.venv\Lib\site-packages\starlette\_exception_handler.py", line 53, in wrapped_app
    raise exc
  File "C:\Users\AA\Desktop\FastAPI\.venv\Lib\site-packages\starlette\_exception_handler.py", line 42, in wrapped_app
    await app(scope, receive, sender)
  File "C:\Users\AA\Desktop\FastAPI\.venv\Lib\site-packages\fastapi\middleware\asyncexitstack.py", line 18, in __call__
    await self.app(scope, receive, send)
  File "C:\Users\AA\Desktop\FastAPI\.venv\Lib\site-packages\starlette\routing.py", line 716, in __call__
    await self.middleware_stack(scope, receive, send)
  File "C:\Users\AA\Desktop\FastAPI\.venv\Lib\site-packages\starlette\routing.py", line 736, in app
    await route.handle(scope, receive, send)
  File "C:\Users\AA\Desktop\FastAPI\.venv\Lib\site-packages\starlette\routing.py", line 290, in handle
    await self.app(scope, receive, send)
  File "C:\Users\AA\Desktop\FastAPI\.venv\Lib\site-packages\fastapi\routing.py", line 115, in app
    await wrap_app_handling_exceptions(app, request)(scope, receive, send)
  File "C:\Users\AA\Desktop\FastAPI\.venv\Lib\site-packages\starlette\_exception_handler.py", line 53, in wrapped_app
    raise exc
  File "C:\Users\AA\Desktop\FastAPI\.venv\Lib\site-packages\starlette\_exception_handler.py", line 42, in wrapped_app
    await app(scope, receive, sender)
  File "C:\Users\AA\Desktop\FastAPI\.venv\Lib\site-packages\fastapi\routing.py", line 101, in app
    response = await f(request)
               ^^^^^^^^^^^^^^^^
  File "C:\Users\AA\Desktop\FastAPI\.venv\Lib\site-packages\fastapi\routing.py", line 355, in app
    raw_response = await run_endpoint_function(
                   ^^^^^^^^^^^^^^^^^^^^^^^^^^^^
  File "C:\Users\AA\Desktop\FastAPI\.venv\Lib\site-packages\fastapi\routing.py", line 243, in run_endpoint_function
    return await dependant.call(**values)
           ^^^^^^^^^^^^^^^^^^^^^^^^^^^^^^
  File "C:\Users\AA\Desktop\FastAPI\.venv\Lib\site-packages\slowapi\extension.py", line 734, in async_wrapper
    response = await func(*args, **kwargs)  # type: ignore
               ^^^^^^^^^^^^^^^^^^^^^^^^^^^
  File "C:\Users\AA\Desktop\FastAPI\backend\routes\classromm\classroom.py", line 55, in joined_classroom
    classroom, error_msg = join_classroom(db, classroom_data)
    ^^^^^^^^^^^^^^^^^^^^
TypeError: cannot unpack non-iterable GroupMembers object
2026-02-26 06:58:57,496 | INFO | main | main.py:24 | Application startup
2026-02-26 06:59:19,181 | ERROR | utils.exceptions | exceptions.py:28 | Unhandled server exception
Traceback (most recent call last):
  File "C:\Users\AA\Desktop\FastAPI\.venv\Lib\site-packages\starlette\middleware\errors.py", line 164, in __call__
    await self.app(scope, receive, _send)
  File "C:\Users\AA\Desktop\FastAPI\.venv\Lib\site-packages\starlette\middleware\cors.py", line 93, in __call__
    await self.simple_response(scope, receive, send, request_headers=headers)
  File "C:\Users\AA\Desktop\FastAPI\.venv\Lib\site-packages\starlette\middleware\cors.py", line 144, in simple_response
    await self.app(scope, receive, send)
  File "C:\Users\AA\Desktop\FastAPI\.venv\Lib\site-packages\starlette\middleware\exceptions.py", line 63, in __call__
    await wrap_app_handling_exceptions(self.app, conn)(scope, receive, send)
  File "C:\Users\AA\Desktop\FastAPI\.venv\Lib\site-packages\starlette\_exception_handler.py", line 53, in wrapped_app
    raise exc
  File "C:\Users\AA\Desktop\FastAPI\.venv\Lib\site-packages\starlette\_exception_handler.py", line 42, in wrapped_app
    await app(scope, receive, sender)
  File "C:\Users\AA\Desktop\FastAPI\.venv\Lib\site-packages\fastapi\middleware\asyncexitstack.py", line 18, in __call__
    await self.app(scope, receive, send)
  File "C:\Users\AA\Desktop\FastAPI\.venv\Lib\site-packages\starlette\routing.py", line 716, in __call__
    await self.middleware_stack(scope, receive, send)
  File "C:\Users\AA\Desktop\FastAPI\.venv\Lib\site-packages\starlette\routing.py", line 736, in app
    await route.handle(scope, receive, send)
  File "C:\Users\AA\Desktop\FastAPI\.venv\Lib\site-packages\starlette\routing.py", line 290, in handle
    await self.app(scope, receive, send)
  File "C:\Users\AA\Desktop\FastAPI\.venv\Lib\site-packages\fastapi\routing.py", line 115, in app
    await wrap_app_handling_exceptions(app, request)(scope, receive, send)
  File "C:\Users\AA\Desktop\FastAPI\.venv\Lib\site-packages\starlette\_exception_handler.py", line 53, in wrapped_app
    raise exc
  File "C:\Users\AA\Desktop\FastAPI\.venv\Lib\site-packages\starlette\_exception_handler.py", line 42, in wrapped_app
    await app(scope, receive, sender)
  File "C:\Users\AA\Desktop\FastAPI\.venv\Lib\site-packages\fastapi\routing.py", line 101, in app
    response = await f(request)
               ^^^^^^^^^^^^^^^^
  File "C:\Users\AA\Desktop\FastAPI\.venv\Lib\site-packages\fastapi\routing.py", line 355, in app
    raw_response = await run_endpoint_function(
                   ^^^^^^^^^^^^^^^^^^^^^^^^^^^^
  File "C:\Users\AA\Desktop\FastAPI\.venv\Lib\site-packages\fastapi\routing.py", line 243, in run_endpoint_function
    return await dependant.call(**values)
           ^^^^^^^^^^^^^^^^^^^^^^^^^^^^^^
  File "C:\Users\AA\Desktop\FastAPI\.venv\Lib\site-packages\slowapi\extension.py", line 734, in async_wrapper
    response = await func(*args, **kwargs)  # type: ignore
               ^^^^^^^^^^^^^^^^^^^^^^^^^^^
  File "C:\Users\AA\Desktop\FastAPI\backend\routes\classromm\classroom.py", line 55, in joined_classroom
    classroom, error_msg = await join_classroom(db, classroom_data)
                           ^^^^^^^^^^^^^^^^^^^^^^^^^^^^^^^^^^^^^^^^
TypeError: object tuple can't be used in 'await' expression
2026-02-26 07:00:05,373 | INFO | main | main.py:24 | Application startup
2026-02-26 07:00:14,828 | INFO | main | main.py:24 | Application startup
2026-02-26 07:01:11,862 | INFO | routes.classromm.classroom | classroom.py:41 | Classroom created successfully
2026-02-26 08:52:46,643 | INFO | main | main.py:24 | Application startup
2026-02-26 08:53:07,263 | INFO | main | main.py:24 | Application startup
2026-02-26 08:53:12,451 | INFO | main | main.py:24 | Application startup
2026-02-26 08:53:17,432 | INFO | main | main.py:24 | Application startup
2026-02-26 08:53:22,183 | INFO | main | main.py:24 | Application startup
2026-02-26 08:53:41,282 | INFO | main | main.py:24 | Application startup
2026-02-26 08:53:47,607 | INFO | main | main.py:24 | Application startup
2026-02-26 08:53:55,115 | INFO | main | main.py:24 | Application startup
2026-02-26 09:10:41,001 | INFO | main | main.py:24 | Application startup
2026-02-26 09:10:46,707 | INFO | main | main.py:24 | Application startup
2026-02-26 09:11:07,137 | INFO | main | main.py:24 | Application startup
2026-02-26 09:11:12,157 | INFO | main | main.py:24 | Application startup
2026-02-26 09:11:22,460 | INFO | main | main.py:24 | Application startup
2026-02-26 09:11:46,250 | INFO | main | main.py:24 | Application startup
2026-02-26 09:11:51,271 | INFO | main | main.py:24 | Application startup
2026-02-26 09:11:56,163 | INFO | main | main.py:24 | Application startup
2026-02-26 09:49:57,908 | CRITICAL | utils.exceptions | exceptions.py:12 | Database unavailable: (mysql.connector.errors.OperationalError) MySQL Connection not available.
[SQL: SELECT users.id AS users_id, users.admin_secret_key AS users_admin_secret_key, users.name AS users_name, users.email AS users_email, users.password AS users_password, users.otp_secret AS users_otp_secret, users.modified_at AS users_modified_at, users.created_at AS users_created_at 
FROM users 
WHERE users.email = %(email_1)s 
 LIMIT %(param_1)s]
[parameters: [{}]]
(Background on this error at: https://sqlalche.me/e/20/e3q8)
Traceback (most recent call last):
  File "C:\Users\AA\Desktop\FastAPI\.venv\Lib\site-packages\sqlalchemy\engine\base.py", line 1815, in _execute_context
    context = constructor(
              ^^^^^^^^^^^^
  File "C:\Users\AA\Desktop\FastAPI\.venv\Lib\site-packages\sqlalchemy\engine\default.py", line 1438, in _init_compiled
    self.cursor = self.create_cursor()
                  ^^^^^^^^^^^^^^^^^^^^
  File "C:\Users\AA\Desktop\FastAPI\.venv\Lib\site-packages\sqlalchemy\engine\default.py", line 1777, in create_cursor
    return self.create_default_cursor()
           ^^^^^^^^^^^^^^^^^^^^^^^^^^^^
  File "C:\Users\AA\Desktop\FastAPI\.venv\Lib\site-packages\sqlalchemy\dialects\mysql\mysqlconnector.py", line 88, in create_default_cursor
    return self._dbapi_connection.cursor(buffered=True)
           ^^^^^^^^^^^^^^^^^^^^^^^^^^^^^^^^^^^^^^^^^^^^
  File "C:\Users\AA\Desktop\FastAPI\.venv\Lib\site-packages\sqlalchemy\pool\base.py", line 1486, in cursor
    return self.dbapi_connection.cursor(*args, **kwargs)
           ^^^^^^^^^^^^^^^^^^^^^^^^^^^^^^^^^^^^^^^^^^^^^
  File "C:\Users\AA\Desktop\FastAPI\.venv\Lib\site-packages\mysql\connector\connection_cext.py", line 841, in cursor
    raise OperationalError("MySQL Connection not available.")
mysql.connector.errors.OperationalError: MySQL Connection not available.

The above exception was the direct cause of the following exception:

Traceback (most recent call last):
  File "C:\Users\AA\Desktop\FastAPI\.venv\Lib\site-packages\starlette\_exception_handler.py", line 42, in wrapped_app
    await app(scope, receive, sender)
  File "C:\Users\AA\Desktop\FastAPI\.venv\Lib\site-packages\fastapi\routing.py", line 101, in app
    response = await f(request)
               ^^^^^^^^^^^^^^^^
  File "C:\Users\AA\Desktop\FastAPI\.venv\Lib\site-packages\fastapi\routing.py", line 355, in app
    raw_response = await run_endpoint_function(
                   ^^^^^^^^^^^^^^^^^^^^^^^^^^^^
  File "C:\Users\AA\Desktop\FastAPI\.venv\Lib\site-packages\fastapi\routing.py", line 243, in run_endpoint_function
    return await dependant.call(**values)
           ^^^^^^^^^^^^^^^^^^^^^^^^^^^^^^
  File "C:\Users\AA\Desktop\FastAPI\.venv\Lib\site-packages\slowapi\extension.py", line 734, in async_wrapper
    response = await func(*args, **kwargs)  # type: ignore
               ^^^^^^^^^^^^^^^^^^^^^^^^^^^
  File "C:\Users\AA\Desktop\FastAPI\backend\routes\auth.py", line 61, in login
    logined_user = login_user(db, user_data)
                   ^^^^^^^^^^^^^^^^^^^^^^^^^
  File "C:\Users\AA\Desktop\FastAPI\backend\crud\crud.py", line 49, in login_user
    user = db.query(User).filter(User.email == login_data.email).first()
           ^^^^^^^^^^^^^^^^^^^^^^^^^^^^^^^^^^^^^^^^^^^^^^^^^^^^^^^^^^^^^
  File "C:\Users\AA\Desktop\FastAPI\.venv\Lib\site-packages\sqlalchemy\orm\query.py", line 2759, in first
    return self.limit(1)._iter().first()  # type: ignore
           ^^^^^^^^^^^^^^^^^^^^^
  File "C:\Users\AA\Desktop\FastAPI\.venv\Lib\site-packages\sqlalchemy\orm\query.py", line 2857, in _iter
    result: Union[ScalarResult[_T], Result[_T]] = self.session.execute(
                                                  ^^^^^^^^^^^^^^^^^^^^^
  File "C:\Users\AA\Desktop\FastAPI\.venv\Lib\site-packages\sqlalchemy\orm\session.py", line 2351, in execute
    return self._execute_internal(
           ^^^^^^^^^^^^^^^^^^^^^^^
  File "C:\Users\AA\Desktop\FastAPI\.venv\Lib\site-packages\sqlalchemy\orm\session.py", line 2249, in _execute_internal
    result: Result[Any] = compile_state_cls.orm_execute_statement(
                          ^^^^^^^^^^^^^^^^^^^^^^^^^^^^^^^^^^^^^^^^
  File "C:\Users\AA\Desktop\FastAPI\.venv\Lib\site-packages\sqlalchemy\orm\context.py", line 306, in orm_execute_statement
    result = conn.execute(
             ^^^^^^^^^^^^^
  File "C:\Users\AA\Desktop\FastAPI\.venv\Lib\site-packages\sqlalchemy\engine\base.py", line 1419, in execute
    return meth(
           ^^^^^
  File "C:\Users\AA\Desktop\FastAPI\.venv\Lib\site-packages\sqlalchemy\sql\elements.py", line 527, in _execute_on_connection
    return connection._execute_clauseelement(
           ^^^^^^^^^^^^^^^^^^^^^^^^^^^^^^^^^^
  File "C:\Users\AA\Desktop\FastAPI\.venv\Lib\site-packages\sqlalchemy\engine\base.py", line 1641, in _execute_clauseelement
    ret = self._execute_context(
          ^^^^^^^^^^^^^^^^^^^^^^
  File "C:\Users\AA\Desktop\FastAPI\.venv\Lib\site-packages\sqlalchemy\engine\base.py", line 1821, in _execute_context
    self._handle_dbapi_exception(
  File "C:\Users\AA\Desktop\FastAPI\.venv\Lib\site-packages\sqlalchemy\engine\base.py", line 2363, in _handle_dbapi_exception
    raise sqlalchemy_exception.with_traceback(exc_info[2]) from e
  File "C:\Users\AA\Desktop\FastAPI\.venv\Lib\site-packages\sqlalchemy\engine\base.py", line 1815, in _execute_context
    context = constructor(
              ^^^^^^^^^^^^
  File "C:\Users\AA\Desktop\FastAPI\.venv\Lib\site-packages\sqlalchemy\engine\default.py", line 1438, in _init_compiled
    self.cursor = self.create_cursor()
                  ^^^^^^^^^^^^^^^^^^^^
  File "C:\Users\AA\Desktop\FastAPI\.venv\Lib\site-packages\sqlalchemy\engine\default.py", line 1777, in create_cursor
    return self.create_default_cursor()
           ^^^^^^^^^^^^^^^^^^^^^^^^^^^^
  File "C:\Users\AA\Desktop\FastAPI\.venv\Lib\site-packages\sqlalchemy\dialects\mysql\mysqlconnector.py", line 88, in create_default_cursor
    return self._dbapi_connection.cursor(buffered=True)
           ^^^^^^^^^^^^^^^^^^^^^^^^^^^^^^^^^^^^^^^^^^^^
  File "C:\Users\AA\Desktop\FastAPI\.venv\Lib\site-packages\sqlalchemy\pool\base.py", line 1486, in cursor
    return self.dbapi_connection.cursor(*args, **kwargs)
           ^^^^^^^^^^^^^^^^^^^^^^^^^^^^^^^^^^^^^^^^^^^^^
  File "C:\Users\AA\Desktop\FastAPI\.venv\Lib\site-packages\mysql\connector\connection_cext.py", line 841, in cursor
    raise OperationalError("MySQL Connection not available.")
sqlalchemy.exc.OperationalError: (mysql.connector.errors.OperationalError) MySQL Connection not available.
[SQL: SELECT users.id AS users_id, users.admin_secret_key AS users_admin_secret_key, users.name AS users_name, users.email AS users_email, users.password AS users_password, users.otp_secret AS users_otp_secret, users.modified_at AS users_modified_at, users.created_at AS users_created_at 
FROM users 
WHERE users.email = %(email_1)s 
 LIMIT %(param_1)s]
[parameters: [{}]]
(Background on this error at: https://sqlalche.me/e/20/e3q8)
2026-02-26 09:50:24,842 | INFO | routes.auth | auth.py:76 | User logged in successfully
2026-02-26 09:53:20,025 | INFO | main | main.py:24 | Application startup
2026-02-26 09:53:26,776 | INFO | main | main.py:24 | Application startup
2026-02-26 09:53:31,532 | INFO | main | main.py:24 | Application startup
2026-02-26 09:53:36,333 | INFO | main | main.py:24 | Application startup
2026-02-26 09:55:54,773 | INFO | main | main.py:24 | Application startup
2026-02-26 09:56:16,055 | INFO | main | main.py:24 | Application startup
2026-02-26 09:56:22,536 | INFO | main | main.py:24 | Application startup
2026-02-26 09:56:27,830 | INFO | main | main.py:24 | Application startup
2026-02-26 09:56:37,448 | INFO | main | main.py:24 | Application startup
2026-02-26 09:56:51,458 | INFO | main | main.py:24 | Application startup
2026-02-26 09:56:59,707 | INFO | main | main.py:24 | Application startup
2026-02-26 09:57:06,846 | INFO | main | main.py:24 | Application startup
2026-02-26 09:57:11,785 | INFO | main | main.py:24 | Application startup
2026-02-26 09:57:19,729 | INFO | main | main.py:24 | Application startup
2026-02-26 09:57:26,031 | INFO | main | main.py:24 | Application startup
2026-02-26 09:57:31,208 | INFO | main | main.py:24 | Application startup
2026-02-26 09:57:36,309 | INFO | main | main.py:24 | Application startup
2026-02-26 09:57:46,888 | INFO | main | main.py:24 | Application startup
2026-02-26 09:57:52,251 | INFO | main | main.py:24 | Application startup
2026-02-26 09:58:28,092 | INFO | main | main.py:24 | Application startup
2026-02-26 09:58:40,280 | INFO | main | main.py:24 | Application startup
2026-02-26 09:58:45,256 | INFO | main | main.py:24 | Application startup
2026-02-26 10:01:39,960 | INFO | routes.auth | auth.py:46 | User registered successfully
2026-02-26 10:02:11,314 | INFO | routes.auth | auth.py:46 | User registered successfully
2026-02-26 10:02:34,953 | INFO | routes.auth | auth.py:76 | User logged in successfully
2026-02-26 10:04:23,548 | ERROR | utils.exceptions | exceptions.py:28 | Unhandled server exception
Traceback (most recent call last):
  File "C:\Users\AA\Desktop\FastAPI\.venv\Lib\site-packages\starlette\middleware\errors.py", line 164, in __call__
    await self.app(scope, receive, _send)
  File "C:\Users\AA\Desktop\FastAPI\.venv\Lib\site-packages\starlette\middleware\cors.py", line 93, in __call__
    await self.simple_response(scope, receive, send, request_headers=headers)
  File "C:\Users\AA\Desktop\FastAPI\.venv\Lib\site-packages\starlette\middleware\cors.py", line 144, in simple_response
    await self.app(scope, receive, send)
  File "C:\Users\AA\Desktop\FastAPI\.venv\Lib\site-packages\starlette\middleware\exceptions.py", line 63, in __call__
    await wrap_app_handling_exceptions(self.app, conn)(scope, receive, send)
  File "C:\Users\AA\Desktop\FastAPI\.venv\Lib\site-packages\starlette\_exception_handler.py", line 53, in wrapped_app
    raise exc
  File "C:\Users\AA\Desktop\FastAPI\.venv\Lib\site-packages\starlette\_exception_handler.py", line 42, in wrapped_app
    await app(scope, receive, sender)
  File "C:\Users\AA\Desktop\FastAPI\.venv\Lib\site-packages\fastapi\middleware\asyncexitstack.py", line 18, in __call__
    await self.app(scope, receive, send)
  File "C:\Users\AA\Desktop\FastAPI\.venv\Lib\site-packages\starlette\routing.py", line 716, in __call__
    await self.middleware_stack(scope, receive, send)
  File "C:\Users\AA\Desktop\FastAPI\.venv\Lib\site-packages\starlette\routing.py", line 736, in app
    await route.handle(scope, receive, send)
  File "C:\Users\AA\Desktop\FastAPI\.venv\Lib\site-packages\starlette\routing.py", line 290, in handle
    await self.app(scope, receive, send)
  File "C:\Users\AA\Desktop\FastAPI\.venv\Lib\site-packages\fastapi\routing.py", line 115, in app
    await wrap_app_handling_exceptions(app, request)(scope, receive, send)
  File "C:\Users\AA\Desktop\FastAPI\.venv\Lib\site-packages\starlette\_exception_handler.py", line 53, in wrapped_app
    raise exc
  File "C:\Users\AA\Desktop\FastAPI\.venv\Lib\site-packages\starlette\_exception_handler.py", line 42, in wrapped_app
    await app(scope, receive, sender)
  File "C:\Users\AA\Desktop\FastAPI\.venv\Lib\site-packages\fastapi\routing.py", line 101, in app
    response = await f(request)
               ^^^^^^^^^^^^^^^^
  File "C:\Users\AA\Desktop\FastAPI\.venv\Lib\site-packages\fastapi\routing.py", line 355, in app
    raw_response = await run_endpoint_function(
                   ^^^^^^^^^^^^^^^^^^^^^^^^^^^^
  File "C:\Users\AA\Desktop\FastAPI\.venv\Lib\site-packages\fastapi\routing.py", line 243, in run_endpoint_function
    return await dependant.call(**values)
           ^^^^^^^^^^^^^^^^^^^^^^^^^^^^^^
  File "C:\Users\AA\Desktop\FastAPI\.venv\Lib\site-packages\slowapi\extension.py", line 734, in async_wrapper
    response = await func(*args, **kwargs)  # type: ignore
               ^^^^^^^^^^^^^^^^^^^^^^^^^^^
  File "C:\Users\AA\Desktop\FastAPI\backend\routes\classromm\classroom.py", line 55, in joined_classroom
    classroom, error_msg = join_classroom(db, classroom_data)
    ^^^^^^^^^^^^^^^^^^^^
TypeError: cannot unpack non-iterable GroupMembers object
2026-02-26 10:05:25,363 | INFO | main | main.py:24 | Application startup
2026-02-26 10:05:30,343 | INFO | main | main.py:24 | Application startup
2026-02-26 10:07:50,416 | INFO | routes.auth | auth.py:76 | User logged in successfully
2026-02-26 10:14:05,788 | INFO | routes.auth | auth.py:76 | User logged in successfully
2026-02-26 10:21:59,335 | INFO | routes.classromm.classroom | classroom.py:59 | User joined classroom successfully
2026-02-26 10:23:07,543 | INFO | main | main.py:24 | Application startup
2026-02-26 10:25:19,252 | INFO | main | main.py:24 | Application startup
2026-02-26 10:25:24,096 | INFO | main | main.py:24 | Application startup
2026-02-26 10:25:29,173 | INFO | main | main.py:24 | Application startup
2026-02-26 10:25:34,805 | INFO | main | main.py:24 | Application startup
2026-02-26 10:25:39,908 | INFO | main | main.py:24 | Application startup
2026-02-26 10:36:02,572 | INFO | main | main.py:24 | Application startup
2026-02-26 10:36:16,427 | INFO | main | main.py:24 | Application startup
2026-02-26 10:38:06,490 | INFO | main | main.py:24 | Application startup
2026-02-26 10:41:52,896 | INFO | main | main.py:24 | Application startup
2026-02-26 10:48:32,212 | INFO | routes.auth | auth.py:46 | User registered successfully
2026-02-26 10:48:44,357 | INFO | routes.auth | auth.py:76 | User logged in successfully
2026-02-26 10:50:16,324 | INFO | routes.classromm.classroom | classroom.py:41 | Classroom created successfully
2026-02-26 10:50:16,324 | ERROR | utils.exceptions | exceptions.py:28 | Unhandled server exception
Traceback (most recent call last):
  File "C:\Users\AA\Desktop\FastAPI\.venv\Lib\site-packages\starlette\middleware\errors.py", line 164, in __call__
    await self.app(scope, receive, _send)
  File "C:\Users\AA\Desktop\FastAPI\.venv\Lib\site-packages\starlette\middleware\cors.py", line 93, in __call__
    await self.simple_response(scope, receive, send, request_headers=headers)
  File "C:\Users\AA\Desktop\FastAPI\.venv\Lib\site-packages\starlette\middleware\cors.py", line 144, in simple_response
    await self.app(scope, receive, send)
  File "C:\Users\AA\Desktop\FastAPI\.venv\Lib\site-packages\starlette\middleware\exceptions.py", line 63, in __call__
    await wrap_app_handling_exceptions(self.app, conn)(scope, receive, send)
  File "C:\Users\AA\Desktop\FastAPI\.venv\Lib\site-packages\starlette\_exception_handler.py", line 53, in wrapped_app
    raise exc
  File "C:\Users\AA\Desktop\FastAPI\.venv\Lib\site-packages\starlette\_exception_handler.py", line 42, in wrapped_app
    await app(scope, receive, sender)
  File "C:\Users\AA\Desktop\FastAPI\.venv\Lib\site-packages\fastapi\middleware\asyncexitstack.py", line 18, in __call__
    await self.app(scope, receive, send)
  File "C:\Users\AA\Desktop\FastAPI\.venv\Lib\site-packages\starlette\routing.py", line 716, in __call__
    await self.middleware_stack(scope, receive, send)
  File "C:\Users\AA\Desktop\FastAPI\.venv\Lib\site-packages\starlette\routing.py", line 736, in app
    await route.handle(scope, receive, send)
  File "C:\Users\AA\Desktop\FastAPI\.venv\Lib\site-packages\starlette\routing.py", line 290, in handle
    await self.app(scope, receive, send)
  File "C:\Users\AA\Desktop\FastAPI\.venv\Lib\site-packages\fastapi\routing.py", line 115, in app
    await wrap_app_handling_exceptions(app, request)(scope, receive, send)
  File "C:\Users\AA\Desktop\FastAPI\.venv\Lib\site-packages\starlette\_exception_handler.py", line 53, in wrapped_app
    raise exc
  File "C:\Users\AA\Desktop\FastAPI\.venv\Lib\site-packages\starlette\_exception_handler.py", line 42, in wrapped_app
    await app(scope, receive, sender)
  File "C:\Users\AA\Desktop\FastAPI\.venv\Lib\site-packages\fastapi\routing.py", line 101, in app
    response = await f(request)
               ^^^^^^^^^^^^^^^^
  File "C:\Users\AA\Desktop\FastAPI\.venv\Lib\site-packages\fastapi\routing.py", line 355, in app
    raw_response = await run_endpoint_function(
                   ^^^^^^^^^^^^^^^^^^^^^^^^^^^^
  File "C:\Users\AA\Desktop\FastAPI\.venv\Lib\site-packages\fastapi\routing.py", line 243, in run_endpoint_function
    return await dependant.call(**values)
           ^^^^^^^^^^^^^^^^^^^^^^^^^^^^^^
  File "C:\Users\AA\Desktop\FastAPI\.venv\Lib\site-packages\slowapi\extension.py", line 734, in async_wrapper
    response = await func(*args, **kwargs)  # type: ignore
               ^^^^^^^^^^^^^^^^^^^^^^^^^^^
  File "C:\Users\AA\Desktop\FastAPI\backend\routes\classromm\classroom.py", line 42, in created_classroom
    return success_response(message="Classroom created successfully", data={"classroom_id": classroom.id},
                                                                                           ^^^^^^^^^^^^
AttributeError: 'tuple' object has no attribute 'id'
2026-02-26 10:51:26,031 | INFO | main | main.py:24 | Application startup
2026-02-26 10:56:32,278 | INFO | main | main.py:24 | Application startup
2026-02-26 10:56:46,969 | INFO | routes.classromm.classroom | classroom.py:41 | Classroom created successfully
2026-02-26 10:56:46,969 | ERROR | utils.exceptions | exceptions.py:28 | Unhandled server exception
Traceback (most recent call last):
  File "C:\Users\AA\Desktop\FastAPI\.venv\Lib\site-packages\starlette\middleware\errors.py", line 164, in __call__
    await self.app(scope, receive, _send)
  File "C:\Users\AA\Desktop\FastAPI\.venv\Lib\site-packages\starlette\middleware\cors.py", line 93, in __call__
    await self.simple_response(scope, receive, send, request_headers=headers)
  File "C:\Users\AA\Desktop\FastAPI\.venv\Lib\site-packages\starlette\middleware\cors.py", line 144, in simple_response
    await self.app(scope, receive, send)
  File "C:\Users\AA\Desktop\FastAPI\.venv\Lib\site-packages\starlette\middleware\exceptions.py", line 63, in __call__
    await wrap_app_handling_exceptions(self.app, conn)(scope, receive, send)
  File "C:\Users\AA\Desktop\FastAPI\.venv\Lib\site-packages\starlette\_exception_handler.py", line 53, in wrapped_app
    raise exc
  File "C:\Users\AA\Desktop\FastAPI\.venv\Lib\site-packages\starlette\_exception_handler.py", line 42, in wrapped_app
    await app(scope, receive, sender)
  File "C:\Users\AA\Desktop\FastAPI\.venv\Lib\site-packages\fastapi\middleware\asyncexitstack.py", line 18, in __call__
    await self.app(scope, receive, send)
  File "C:\Users\AA\Desktop\FastAPI\.venv\Lib\site-packages\starlette\routing.py", line 716, in __call__
    await self.middleware_stack(scope, receive, send)
  File "C:\Users\AA\Desktop\FastAPI\.venv\Lib\site-packages\starlette\routing.py", line 736, in app
    await route.handle(scope, receive, send)
  File "C:\Users\AA\Desktop\FastAPI\.venv\Lib\site-packages\starlette\routing.py", line 290, in handle
    await self.app(scope, receive, send)
  File "C:\Users\AA\Desktop\FastAPI\.venv\Lib\site-packages\fastapi\routing.py", line 115, in app
    await wrap_app_handling_exceptions(app, request)(scope, receive, send)
  File "C:\Users\AA\Desktop\FastAPI\.venv\Lib\site-packages\starlette\_exception_handler.py", line 53, in wrapped_app
    raise exc
  File "C:\Users\AA\Desktop\FastAPI\.venv\Lib\site-packages\starlette\_exception_handler.py", line 42, in wrapped_app
    await app(scope, receive, sender)
  File "C:\Users\AA\Desktop\FastAPI\.venv\Lib\site-packages\fastapi\routing.py", line 101, in app
    response = await f(request)
               ^^^^^^^^^^^^^^^^
  File "C:\Users\AA\Desktop\FastAPI\.venv\Lib\site-packages\fastapi\routing.py", line 355, in app
    raw_response = await run_endpoint_function(
                   ^^^^^^^^^^^^^^^^^^^^^^^^^^^^
  File "C:\Users\AA\Desktop\FastAPI\.venv\Lib\site-packages\fastapi\routing.py", line 243, in run_endpoint_function
    return await dependant.call(**values)
           ^^^^^^^^^^^^^^^^^^^^^^^^^^^^^^
  File "C:\Users\AA\Desktop\FastAPI\.venv\Lib\site-packages\slowapi\extension.py", line 734, in async_wrapper
    response = await func(*args, **kwargs)  # type: ignore
               ^^^^^^^^^^^^^^^^^^^^^^^^^^^
  File "C:\Users\AA\Desktop\FastAPI\backend\routes\classromm\classroom.py", line 42, in created_classroom
    return success_response(message="Classroom created successfully", data={"classroom_id": classroom.id},
                                                                                           ^^^^^^^^^^^^
AttributeError: 'tuple' object has no attribute 'id'
2026-02-26 10:58:29,369 | INFO | main | main.py:24 | Application startup
2026-02-26 10:58:35,799 | INFO | main | main.py:24 | Application startup
2026-02-26 10:58:44,767 | INFO | main | main.py:24 | Application startup
2026-02-26 11:02:00,740 | INFO | routes.auth | auth.py:46 | User registered successfully
2026-02-26 11:02:23,357 | INFO | routes.auth | auth.py:76 | User logged in successfully
2026-02-26 11:02:52,324 | INFO | routes.classromm.classroom | classroom.py:59 | User joined classroom successfully
2026-02-26 11:09:41,517 | INFO | routes.auth | auth.py:76 | User logged in successfully
2026-02-27 08:46:35,074 | INFO | main | main.py:24 | Application startup
2026-02-27 08:47:32,449 | INFO | routes.auth | auth.py:76 | User logged in successfully
2026-02-27 08:49:24,129 | INFO | routes.auth | auth.py:76 | User logged in successfully
2026-02-27 09:38:06,030 | INFO | routes.auth | auth.py:76 | User logged in successfully
2026-02-27 09:44:25,370 | INFO | routes.auth | auth.py:76 | User logged in successfully
2026-02-27 09:57:12,854 | INFO | main | main.py:24 | Application startup
2026-02-27 09:57:20,251 | INFO | main | main.py:24 | Application startup
2026-02-27 09:57:30,719 | INFO | main | main.py:24 | Application startup
2026-02-27 09:57:41,014 | INFO | main | main.py:24 | Application startup
2026-02-27 09:57:47,898 | INFO | main | main.py:24 | Application startup
2026-02-27 10:02:34,966 | INFO | main | main.py:24 | Application startup
2026-02-27 10:02:55,451 | INFO | main | main.py:24 | Application startup
2026-02-27 10:03:03,559 | INFO | main | main.py:24 | Application startup
2026-02-27 10:03:10,940 | INFO | main | main.py:24 | Application startup
2026-02-27 10:05:44,519 | INFO | main | main.py:24 | Application startup
2026-02-27 10:05:52,018 | INFO | main | main.py:24 | Application startup
2026-02-27 10:09:07,836 | INFO | main | main.py:24 | Application startup
2026-02-27 10:09:36,065 | INFO | main | main.py:24 | Application startup
2026-02-27 10:10:02,745 | INFO | main | main.py:24 | Application startup
2026-02-27 10:10:09,981 | INFO | main | main.py:24 | Application startup
2026-02-27 10:18:44,147 | INFO | main | main.py:24 | Application startup
2026-02-27 10:18:51,150 | INFO | main | main.py:24 | Application startup
2026-02-27 10:19:09,946 | INFO | main | main.py:24 | Application startup
2026-02-27 10:19:35,598 | INFO | main | main.py:24 | Application startup
2026-02-27 10:24:21,892 | INFO | main | main.py:25 | Application startup
2026-02-27 10:24:29,889 | INFO | main | main.py:25 | Application startup
2026-02-27 10:26:02,592 | INFO | main | main.py:25 | Application startup
2026-02-27 10:26:10,718 | INFO | main | main.py:25 | Application startup
2026-02-27 10:26:20,081 | INFO | main | main.py:25 | Application startup
2026-02-27 10:26:27,394 | INFO | main | main.py:25 | Application startup
2026-02-27 10:27:30,132 | INFO | main | main.py:25 | Application startup
2026-02-27 10:27:44,235 | INFO | main | main.py:25 | Application startup
2026-02-27 10:27:54,518 | INFO | main | main.py:25 | Application startup
2026-02-27 10:28:11,132 | INFO | main | main.py:25 | Application startup
2026-02-27 10:28:19,539 | INFO | main | main.py:25 | Application startup
2026-02-27 10:28:27,991 | INFO | main | main.py:25 | Application startup
2026-02-27 10:39:45,639 | INFO | routes.auth | auth.py:76 | User logged in successfully
2026-02-27 10:41:13,645 | INFO | routes.auth | auth.py:76 | User logged in successfully
2026-02-27 10:49:32,674 | INFO | main | main.py:25 | Application startup
2026-02-27 10:49:41,665 | INFO | main | main.py:25 | Application startup
2026-02-27 10:51:43,909 | INFO | main | main.py:25 | Application startup
2026-02-27 10:51:49,270 | ERROR | utils.exceptions | exceptions.py:20 | Database error: (mysql.connector.errors.ProgrammingError) 1054 (42S22): Unknown column 'group_members.is_online' in 'field list'
[SQL: SELECT group_members.id AS group_members_id, group_members.group_id AS group_members_group_id, group_members.user_id AS group_members_user_id, group_members.joined_at AS group_members_joined_at, group_members.is_online AS group_members_is_online 
FROM group_members 
WHERE group_members.user_id = %(user_id_1)s AND group_members.group_id = %(group_id_1)s 
 LIMIT %(param_1)s]
[parameters: {'user_id_1': 5, 'group_id_1': 3, 'param_1': 1}]
(Background on this error at: https://sqlalche.me/e/20/f405)
Traceback (most recent call last):
  File "C:\Users\AA\Desktop\FastAPI\.venv\Lib\site-packages\mysql\connector\connection_cext.py", line 772, in cmd_query
    self._cmysql.query(
_mysql_connector.MySQLInterfaceError: Unknown column 'group_members.is_online' in 'field list'

The above exception was the direct cause of the following exception:

Traceback (most recent call last):
  File "C:\Users\AA\Desktop\FastAPI\.venv\Lib\site-packages\sqlalchemy\engine\base.py", line 1967, in _exec_single_context
    self.dialect.do_execute(
  File "C:\Users\AA\Desktop\FastAPI\.venv\Lib\site-packages\sqlalchemy\engine\default.py", line 952, in do_execute
    cursor.execute(statement, parameters)
  File "C:\Users\AA\Desktop\FastAPI\.venv\Lib\site-packages\mysql\connector\cursor_cext.py", line 353, in execute
    self._connection.cmd_query(
  File "C:\Users\AA\Desktop\FastAPI\.venv\Lib\site-packages\mysql\connector\opentelemetry\context_propagation.py", line 97, in wrapper
    return method(cnx, *args, **kwargs)
           ^^^^^^^^^^^^^^^^^^^^^^^^^^^^
  File "C:\Users\AA\Desktop\FastAPI\.venv\Lib\site-packages\mysql\connector\connection_cext.py", line 781, in cmd_query
    raise get_mysql_exception(
mysql.connector.errors.ProgrammingError: 1054 (42S22): Unknown column 'group_members.is_online' in 'field list'

The above exception was the direct cause of the following exception:

Traceback (most recent call last):
  File "C:\Users\AA\Desktop\FastAPI\.venv\Lib\site-packages\starlette\_exception_handler.py", line 42, in wrapped_app
    await app(scope, receive, sender)
  File "C:\Users\AA\Desktop\FastAPI\.venv\Lib\site-packages\fastapi\routing.py", line 101, in app
    response = await f(request)
               ^^^^^^^^^^^^^^^^
  File "C:\Users\AA\Desktop\FastAPI\.venv\Lib\site-packages\fastapi\routing.py", line 355, in app
    raw_response = await run_endpoint_function(
                   ^^^^^^^^^^^^^^^^^^^^^^^^^^^^
  File "C:\Users\AA\Desktop\FastAPI\.venv\Lib\site-packages\fastapi\routing.py", line 243, in run_endpoint_function
    return await dependant.call(**values)
           ^^^^^^^^^^^^^^^^^^^^^^^^^^^^^^
  File "C:\Users\AA\Desktop\FastAPI\.venv\Lib\site-packages\slowapi\extension.py", line 734, in async_wrapper
    response = await func(*args, **kwargs)  # type: ignore
               ^^^^^^^^^^^^^^^^^^^^^^^^^^^
  File "C:\Users\AA\Desktop\FastAPI\backend\routes\classromm\classroom.py", line 55, in joined_classroom
    classroom, error_msg = join_classroom(db, classroom_data)
                           ^^^^^^^^^^^^^^^^^^^^^^^^^^^^^^^^^^
  File "C:\Users\AA\Desktop\FastAPI\backend\crud\crud.py", line 173, in join_classroom
    group_member = db.query(GroupMembers).filter(GroupMembers.user_id == user.user_id, GroupMembers.group_id == classroom.id).first()
                   ^^^^^^^^^^^^^^^^^^^^^^^^^^^^^^^^^^^^^^^^^^^^^^^^^^^^^^^^^^^^^^^^^^^^^^^^^^^^^^^^^^^^^^^^^^^^^^^^^^^^^^^^^^^^^^^^^^
  File "C:\Users\AA\Desktop\FastAPI\.venv\Lib\site-packages\sqlalchemy\orm\query.py", line 2759, in first
    return self.limit(1)._iter().first()  # type: ignore
           ^^^^^^^^^^^^^^^^^^^^^
  File "C:\Users\AA\Desktop\FastAPI\.venv\Lib\site-packages\sqlalchemy\orm\query.py", line 2857, in _iter
    result: Union[ScalarResult[_T], Result[_T]] = self.session.execute(
                                                  ^^^^^^^^^^^^^^^^^^^^^
  File "C:\Users\AA\Desktop\FastAPI\.venv\Lib\site-packages\sqlalchemy\orm\session.py", line 2351, in execute
    return self._execute_internal(
           ^^^^^^^^^^^^^^^^^^^^^^^
  File "C:\Users\AA\Desktop\FastAPI\.venv\Lib\site-packages\sqlalchemy\orm\session.py", line 2249, in _execute_internal
    result: Result[Any] = compile_state_cls.orm_execute_statement(
                          ^^^^^^^^^^^^^^^^^^^^^^^^^^^^^^^^^^^^^^^^
  File "C:\Users\AA\Desktop\FastAPI\.venv\Lib\site-packages\sqlalchemy\orm\context.py", line 306, in orm_execute_statement
    result = conn.execute(
             ^^^^^^^^^^^^^
  File "C:\Users\AA\Desktop\FastAPI\.venv\Lib\site-packages\sqlalchemy\engine\base.py", line 1419, in execute
    return meth(
           ^^^^^
  File "C:\Users\AA\Desktop\FastAPI\.venv\Lib\site-packages\sqlalchemy\sql\elements.py", line 527, in _execute_on_connection
    return connection._execute_clauseelement(
           ^^^^^^^^^^^^^^^^^^^^^^^^^^^^^^^^^^
  File "C:\Users\AA\Desktop\FastAPI\.venv\Lib\site-packages\sqlalchemy\engine\base.py", line 1641, in _execute_clauseelement
    ret = self._execute_context(
          ^^^^^^^^^^^^^^^^^^^^^^
  File "C:\Users\AA\Desktop\FastAPI\.venv\Lib\site-packages\sqlalchemy\engine\base.py", line 1846, in _execute_context
    return self._exec_single_context(
           ^^^^^^^^^^^^^^^^^^^^^^^^^^
  File "C:\Users\AA\Desktop\FastAPI\.venv\Lib\site-packages\sqlalchemy\engine\base.py", line 1986, in _exec_single_context
    self._handle_dbapi_exception(
  File "C:\Users\AA\Desktop\FastAPI\.venv\Lib\site-packages\sqlalchemy\engine\base.py", line 2363, in _handle_dbapi_exception
    raise sqlalchemy_exception.with_traceback(exc_info[2]) from e
  File "C:\Users\AA\Desktop\FastAPI\.venv\Lib\site-packages\sqlalchemy\engine\base.py", line 1967, in _exec_single_context
    self.dialect.do_execute(
  File "C:\Users\AA\Desktop\FastAPI\.venv\Lib\site-packages\sqlalchemy\engine\default.py", line 952, in do_execute
    cursor.execute(statement, parameters)
  File "C:\Users\AA\Desktop\FastAPI\.venv\Lib\site-packages\mysql\connector\cursor_cext.py", line 353, in execute
    self._connection.cmd_query(
  File "C:\Users\AA\Desktop\FastAPI\.venv\Lib\site-packages\mysql\connector\opentelemetry\context_propagation.py", line 97, in wrapper
    return method(cnx, *args, **kwargs)
           ^^^^^^^^^^^^^^^^^^^^^^^^^^^^
  File "C:\Users\AA\Desktop\FastAPI\.venv\Lib\site-packages\mysql\connector\connection_cext.py", line 781, in cmd_query
    raise get_mysql_exception(
sqlalchemy.exc.ProgrammingError: (mysql.connector.errors.ProgrammingError) 1054 (42S22): Unknown column 'group_members.is_online' in 'field list'
[SQL: SELECT group_members.id AS group_members_id, group_members.group_id AS group_members_group_id, group_members.user_id AS group_members_user_id, group_members.joined_at AS group_members_joined_at, group_members.is_online AS group_members_is_online 
FROM group_members 
WHERE group_members.user_id = %(user_id_1)s AND group_members.group_id = %(group_id_1)s 
 LIMIT %(param_1)s]
[parameters: {'user_id_1': 5, 'group_id_1': 3, 'param_1': 1}]
(Background on this error at: https://sqlalche.me/e/20/f405)
2026-02-27 10:51:52,734 | ERROR | utils.exceptions | exceptions.py:20 | Database error: (mysql.connector.errors.ProgrammingError) 1054 (42S22): Unknown column 'group_members.is_online' in 'field list'
[SQL: SELECT group_members.id AS group_members_id, group_members.group_id AS group_members_group_id, group_members.user_id AS group_members_user_id, group_members.joined_at AS group_members_joined_at, group_members.is_online AS group_members_is_online 
FROM group_members 
WHERE group_members.user_id = %(user_id_1)s AND group_members.group_id = %(group_id_1)s 
 LIMIT %(param_1)s]
[parameters: {'user_id_1': 5, 'group_id_1': 3, 'param_1': 1}]
(Background on this error at: https://sqlalche.me/e/20/f405)
Traceback (most recent call last):
  File "C:\Users\AA\Desktop\FastAPI\.venv\Lib\site-packages\mysql\connector\connection_cext.py", line 772, in cmd_query
    self._cmysql.query(
_mysql_connector.MySQLInterfaceError: Unknown column 'group_members.is_online' in 'field list'

The above exception was the direct cause of the following exception:

Traceback (most recent call last):
  File "C:\Users\AA\Desktop\FastAPI\.venv\Lib\site-packages\sqlalchemy\engine\base.py", line 1967, in _exec_single_context
    self.dialect.do_execute(
  File "C:\Users\AA\Desktop\FastAPI\.venv\Lib\site-packages\sqlalchemy\engine\default.py", line 952, in do_execute
    cursor.execute(statement, parameters)
  File "C:\Users\AA\Desktop\FastAPI\.venv\Lib\site-packages\mysql\connector\cursor_cext.py", line 353, in execute
    self._connection.cmd_query(
  File "C:\Users\AA\Desktop\FastAPI\.venv\Lib\site-packages\mysql\connector\opentelemetry\context_propagation.py", line 97, in wrapper
    return method(cnx, *args, **kwargs)
           ^^^^^^^^^^^^^^^^^^^^^^^^^^^^
  File "C:\Users\AA\Desktop\FastAPI\.venv\Lib\site-packages\mysql\connector\connection_cext.py", line 781, in cmd_query
    raise get_mysql_exception(
mysql.connector.errors.ProgrammingError: 1054 (42S22): Unknown column 'group_members.is_online' in 'field list'

The above exception was the direct cause of the following exception:

Traceback (most recent call last):
  File "C:\Users\AA\Desktop\FastAPI\.venv\Lib\site-packages\starlette\_exception_handler.py", line 42, in wrapped_app
    await app(scope, receive, sender)
  File "C:\Users\AA\Desktop\FastAPI\.venv\Lib\site-packages\fastapi\routing.py", line 101, in app
    response = await f(request)
               ^^^^^^^^^^^^^^^^
  File "C:\Users\AA\Desktop\FastAPI\.venv\Lib\site-packages\fastapi\routing.py", line 355, in app
    raw_response = await run_endpoint_function(
                   ^^^^^^^^^^^^^^^^^^^^^^^^^^^^
  File "C:\Users\AA\Desktop\FastAPI\.venv\Lib\site-packages\fastapi\routing.py", line 243, in run_endpoint_function
    return await dependant.call(**values)
           ^^^^^^^^^^^^^^^^^^^^^^^^^^^^^^
  File "C:\Users\AA\Desktop\FastAPI\.venv\Lib\site-packages\slowapi\extension.py", line 734, in async_wrapper
    response = await func(*args, **kwargs)  # type: ignore
               ^^^^^^^^^^^^^^^^^^^^^^^^^^^
  File "C:\Users\AA\Desktop\FastAPI\backend\routes\classromm\classroom.py", line 55, in joined_classroom
    classroom, error_msg = join_classroom(db, classroom_data)
                           ^^^^^^^^^^^^^^^^^^^^^^^^^^^^^^^^^^
  File "C:\Users\AA\Desktop\FastAPI\backend\crud\crud.py", line 173, in join_classroom
    group_member = db.query(GroupMembers).filter(GroupMembers.user_id == user.user_id, GroupMembers.group_id == classroom.id).first()
                   ^^^^^^^^^^^^^^^^^^^^^^^^^^^^^^^^^^^^^^^^^^^^^^^^^^^^^^^^^^^^^^^^^^^^^^^^^^^^^^^^^^^^^^^^^^^^^^^^^^^^^^^^^^^^^^^^^^
  File "C:\Users\AA\Desktop\FastAPI\.venv\Lib\site-packages\sqlalchemy\orm\query.py", line 2759, in first
    return self.limit(1)._iter().first()  # type: ignore
           ^^^^^^^^^^^^^^^^^^^^^
  File "C:\Users\AA\Desktop\FastAPI\.venv\Lib\site-packages\sqlalchemy\orm\query.py", line 2857, in _iter
    result: Union[ScalarResult[_T], Result[_T]] = self.session.execute(
                                                  ^^^^^^^^^^^^^^^^^^^^^
  File "C:\Users\AA\Desktop\FastAPI\.venv\Lib\site-packages\sqlalchemy\orm\session.py", line 2351, in execute
    return self._execute_internal(
           ^^^^^^^^^^^^^^^^^^^^^^^
  File "C:\Users\AA\Desktop\FastAPI\.venv\Lib\site-packages\sqlalchemy\orm\session.py", line 2249, in _execute_internal
    result: Result[Any] = compile_state_cls.orm_execute_statement(
                          ^^^^^^^^^^^^^^^^^^^^^^^^^^^^^^^^^^^^^^^^
  File "C:\Users\AA\Desktop\FastAPI\.venv\Lib\site-packages\sqlalchemy\orm\context.py", line 306, in orm_execute_statement
    result = conn.execute(
             ^^^^^^^^^^^^^
  File "C:\Users\AA\Desktop\FastAPI\.venv\Lib\site-packages\sqlalchemy\engine\base.py", line 1419, in execute
    return meth(
           ^^^^^
  File "C:\Users\AA\Desktop\FastAPI\.venv\Lib\site-packages\sqlalchemy\sql\elements.py", line 527, in _execute_on_connection
    return connection._execute_clauseelement(
           ^^^^^^^^^^^^^^^^^^^^^^^^^^^^^^^^^^
  File "C:\Users\AA\Desktop\FastAPI\.venv\Lib\site-packages\sqlalchemy\engine\base.py", line 1641, in _execute_clauseelement
    ret = self._execute_context(
          ^^^^^^^^^^^^^^^^^^^^^^
  File "C:\Users\AA\Desktop\FastAPI\.venv\Lib\site-packages\sqlalchemy\engine\base.py", line 1846, in _execute_context
    return self._exec_single_context(
           ^^^^^^^^^^^^^^^^^^^^^^^^^^
  File "C:\Users\AA\Desktop\FastAPI\.venv\Lib\site-packages\sqlalchemy\engine\base.py", line 1986, in _exec_single_context
    self._handle_dbapi_exception(
  File "C:\Users\AA\Desktop\FastAPI\.venv\Lib\site-packages\sqlalchemy\engine\base.py", line 2363, in _handle_dbapi_exception
    raise sqlalchemy_exception.with_traceback(exc_info[2]) from e
  File "C:\Users\AA\Desktop\FastAPI\.venv\Lib\site-packages\sqlalchemy\engine\base.py", line 1967, in _exec_single_context
    self.dialect.do_execute(
  File "C:\Users\AA\Desktop\FastAPI\.venv\Lib\site-packages\sqlalchemy\engine\default.py", line 952, in do_execute
    cursor.execute(statement, parameters)
  File "C:\Users\AA\Desktop\FastAPI\.venv\Lib\site-packages\mysql\connector\cursor_cext.py", line 353, in execute
    self._connection.cmd_query(
  File "C:\Users\AA\Desktop\FastAPI\.venv\Lib\site-packages\mysql\connector\opentelemetry\context_propagation.py", line 97, in wrapper
    return method(cnx, *args, **kwargs)
           ^^^^^^^^^^^^^^^^^^^^^^^^^^^^
  File "C:\Users\AA\Desktop\FastAPI\.venv\Lib\site-packages\mysql\connector\connection_cext.py", line 781, in cmd_query
    raise get_mysql_exception(
sqlalchemy.exc.ProgrammingError: (mysql.connector.errors.ProgrammingError) 1054 (42S22): Unknown column 'group_members.is_online' in 'field list'
[SQL: SELECT group_members.id AS group_members_id, group_members.group_id AS group_members_group_id, group_members.user_id AS group_members_user_id, group_members.joined_at AS group_members_joined_at, group_members.is_online AS group_members_is_online 
FROM group_members 
WHERE group_members.user_id = %(user_id_1)s AND group_members.group_id = %(group_id_1)s 
 LIMIT %(param_1)s]
[parameters: {'user_id_1': 5, 'group_id_1': 3, 'param_1': 1}]
(Background on this error at: https://sqlalche.me/e/20/f405)
2026-02-27 10:53:02,291 | INFO | main | main.py:25 | Application startup
2026-02-27 10:53:09,604 | ERROR | utils.exceptions | exceptions.py:20 | Database error: (mysql.connector.errors.ProgrammingError) 1054 (42S22): Unknown column 'group_members.is_online' in 'field list'
[SQL: SELECT group_members.id AS group_members_id, group_members.group_id AS group_members_group_id, group_members.user_id AS group_members_user_id, group_members.joined_at AS group_members_joined_at, group_members.is_online AS group_members_is_online 
FROM group_members 
WHERE group_members.user_id = %(user_id_1)s AND group_members.group_id = %(group_id_1)s 
 LIMIT %(param_1)s]
[parameters: {'user_id_1': 5, 'group_id_1': 3, 'param_1': 1}]
(Background on this error at: https://sqlalche.me/e/20/f405)
Traceback (most recent call last):
  File "C:\Users\AA\Desktop\FastAPI\.venv\Lib\site-packages\mysql\connector\connection_cext.py", line 772, in cmd_query
    self._cmysql.query(
_mysql_connector.MySQLInterfaceError: Unknown column 'group_members.is_online' in 'field list'

The above exception was the direct cause of the following exception:

Traceback (most recent call last):
  File "C:\Users\AA\Desktop\FastAPI\.venv\Lib\site-packages\sqlalchemy\engine\base.py", line 1967, in _exec_single_context
    self.dialect.do_execute(
  File "C:\Users\AA\Desktop\FastAPI\.venv\Lib\site-packages\sqlalchemy\engine\default.py", line 952, in do_execute
    cursor.execute(statement, parameters)
  File "C:\Users\AA\Desktop\FastAPI\.venv\Lib\site-packages\mysql\connector\cursor_cext.py", line 353, in execute
    self._connection.cmd_query(
  File "C:\Users\AA\Desktop\FastAPI\.venv\Lib\site-packages\mysql\connector\opentelemetry\context_propagation.py", line 97, in wrapper
    return method(cnx, *args, **kwargs)
           ^^^^^^^^^^^^^^^^^^^^^^^^^^^^
  File "C:\Users\AA\Desktop\FastAPI\.venv\Lib\site-packages\mysql\connector\connection_cext.py", line 781, in cmd_query
    raise get_mysql_exception(
mysql.connector.errors.ProgrammingError: 1054 (42S22): Unknown column 'group_members.is_online' in 'field list'

The above exception was the direct cause of the following exception:

Traceback (most recent call last):
  File "C:\Users\AA\Desktop\FastAPI\.venv\Lib\site-packages\starlette\_exception_handler.py", line 42, in wrapped_app
    await app(scope, receive, sender)
  File "C:\Users\AA\Desktop\FastAPI\.venv\Lib\site-packages\fastapi\routing.py", line 101, in app
    response = await f(request)
               ^^^^^^^^^^^^^^^^
  File "C:\Users\AA\Desktop\FastAPI\.venv\Lib\site-packages\fastapi\routing.py", line 355, in app
    raw_response = await run_endpoint_function(
                   ^^^^^^^^^^^^^^^^^^^^^^^^^^^^
  File "C:\Users\AA\Desktop\FastAPI\.venv\Lib\site-packages\fastapi\routing.py", line 243, in run_endpoint_function
    return await dependant.call(**values)
           ^^^^^^^^^^^^^^^^^^^^^^^^^^^^^^
  File "C:\Users\AA\Desktop\FastAPI\.venv\Lib\site-packages\slowapi\extension.py", line 734, in async_wrapper
    response = await func(*args, **kwargs)  # type: ignore
               ^^^^^^^^^^^^^^^^^^^^^^^^^^^
  File "C:\Users\AA\Desktop\FastAPI\backend\routes\classromm\classroom.py", line 55, in joined_classroom
    classroom, error_msg = join_classroom(db, classroom_data)
                           ^^^^^^^^^^^^^^^^^^^^^^^^^^^^^^^^^^
  File "C:\Users\AA\Desktop\FastAPI\backend\crud\crud.py", line 173, in join_classroom
    group_member = db.query(GroupMembers).filter(GroupMembers.user_id == user.user_id, GroupMembers.group_id == classroom.id).first()
                   ^^^^^^^^^^^^^^^^^^^^^^^^^^^^^^^^^^^^^^^^^^^^^^^^^^^^^^^^^^^^^^^^^^^^^^^^^^^^^^^^^^^^^^^^^^^^^^^^^^^^^^^^^^^^^^^^^^
  File "C:\Users\AA\Desktop\FastAPI\.venv\Lib\site-packages\sqlalchemy\orm\query.py", line 2759, in first
    return self.limit(1)._iter().first()  # type: ignore
           ^^^^^^^^^^^^^^^^^^^^^
  File "C:\Users\AA\Desktop\FastAPI\.venv\Lib\site-packages\sqlalchemy\orm\query.py", line 2857, in _iter
    result: Union[ScalarResult[_T], Result[_T]] = self.session.execute(
                                                  ^^^^^^^^^^^^^^^^^^^^^
  File "C:\Users\AA\Desktop\FastAPI\.venv\Lib\site-packages\sqlalchemy\orm\session.py", line 2351, in execute
    return self._execute_internal(
           ^^^^^^^^^^^^^^^^^^^^^^^
  File "C:\Users\AA\Desktop\FastAPI\.venv\Lib\site-packages\sqlalchemy\orm\session.py", line 2249, in _execute_internal
    result: Result[Any] = compile_state_cls.orm_execute_statement(
                          ^^^^^^^^^^^^^^^^^^^^^^^^^^^^^^^^^^^^^^^^
  File "C:\Users\AA\Desktop\FastAPI\.venv\Lib\site-packages\sqlalchemy\orm\context.py", line 306, in orm_execute_statement
    result = conn.execute(
             ^^^^^^^^^^^^^
  File "C:\Users\AA\Desktop\FastAPI\.venv\Lib\site-packages\sqlalchemy\engine\base.py", line 1419, in execute
    return meth(
           ^^^^^
  File "C:\Users\AA\Desktop\FastAPI\.venv\Lib\site-packages\sqlalchemy\sql\elements.py", line 527, in _execute_on_connection
    return connection._execute_clauseelement(
           ^^^^^^^^^^^^^^^^^^^^^^^^^^^^^^^^^^
  File "C:\Users\AA\Desktop\FastAPI\.venv\Lib\site-packages\sqlalchemy\engine\base.py", line 1641, in _execute_clauseelement
    ret = self._execute_context(
          ^^^^^^^^^^^^^^^^^^^^^^
  File "C:\Users\AA\Desktop\FastAPI\.venv\Lib\site-packages\sqlalchemy\engine\base.py", line 1846, in _execute_context
    return self._exec_single_context(
           ^^^^^^^^^^^^^^^^^^^^^^^^^^
  File "C:\Users\AA\Desktop\FastAPI\.venv\Lib\site-packages\sqlalchemy\engine\base.py", line 1986, in _exec_single_context
    self._handle_dbapi_exception(
  File "C:\Users\AA\Desktop\FastAPI\.venv\Lib\site-packages\sqlalchemy\engine\base.py", line 2363, in _handle_dbapi_exception
    raise sqlalchemy_exception.with_traceback(exc_info[2]) from e
  File "C:\Users\AA\Desktop\FastAPI\.venv\Lib\site-packages\sqlalchemy\engine\base.py", line 1967, in _exec_single_context
    self.dialect.do_execute(
  File "C:\Users\AA\Desktop\FastAPI\.venv\Lib\site-packages\sqlalchemy\engine\default.py", line 952, in do_execute
    cursor.execute(statement, parameters)
  File "C:\Users\AA\Desktop\FastAPI\.venv\Lib\site-packages\mysql\connector\cursor_cext.py", line 353, in execute
    self._connection.cmd_query(
  File "C:\Users\AA\Desktop\FastAPI\.venv\Lib\site-packages\mysql\connector\opentelemetry\context_propagation.py", line 97, in wrapper
    return method(cnx, *args, **kwargs)
           ^^^^^^^^^^^^^^^^^^^^^^^^^^^^
  File "C:\Users\AA\Desktop\FastAPI\.venv\Lib\site-packages\mysql\connector\connection_cext.py", line 781, in cmd_query
    raise get_mysql_exception(
sqlalchemy.exc.ProgrammingError: (mysql.connector.errors.ProgrammingError) 1054 (42S22): Unknown column 'group_members.is_online' in 'field list'
[SQL: SELECT group_members.id AS group_members_id, group_members.group_id AS group_members_group_id, group_members.user_id AS group_members_user_id, group_members.joined_at AS group_members_joined_at, group_members.is_online AS group_members_is_online 
FROM group_members 
WHERE group_members.user_id = %(user_id_1)s AND group_members.group_id = %(group_id_1)s 
 LIMIT %(param_1)s]
[parameters: {'user_id_1': 5, 'group_id_1': 3, 'param_1': 1}]
(Background on this error at: https://sqlalche.me/e/20/f405)
2026-02-27 10:53:12,538 | ERROR | utils.exceptions | exceptions.py:20 | Database error: (mysql.connector.errors.ProgrammingError) 1054 (42S22): Unknown column 'group_members.is_online' in 'field list'
[SQL: SELECT group_members.id AS group_members_id, group_members.group_id AS group_members_group_id, group_members.user_id AS group_members_user_id, group_members.joined_at AS group_members_joined_at, group_members.is_online AS group_members_is_online 
FROM group_members 
WHERE group_members.user_id = %(user_id_1)s AND group_members.group_id = %(group_id_1)s 
 LIMIT %(param_1)s]
[parameters: {'user_id_1': 5, 'group_id_1': 3, 'param_1': 1}]
(Background on this error at: https://sqlalche.me/e/20/f405)
Traceback (most recent call last):
  File "C:\Users\AA\Desktop\FastAPI\.venv\Lib\site-packages\mysql\connector\connection_cext.py", line 772, in cmd_query
    self._cmysql.query(
_mysql_connector.MySQLInterfaceError: Unknown column 'group_members.is_online' in 'field list'

The above exception was the direct cause of the following exception:

Traceback (most recent call last):
  File "C:\Users\AA\Desktop\FastAPI\.venv\Lib\site-packages\sqlalchemy\engine\base.py", line 1967, in _exec_single_context
    self.dialect.do_execute(
  File "C:\Users\AA\Desktop\FastAPI\.venv\Lib\site-packages\sqlalchemy\engine\default.py", line 952, in do_execute
    cursor.execute(statement, parameters)
  File "C:\Users\AA\Desktop\FastAPI\.venv\Lib\site-packages\mysql\connector\cursor_cext.py", line 353, in execute
    self._connection.cmd_query(
  File "C:\Users\AA\Desktop\FastAPI\.venv\Lib\site-packages\mysql\connector\opentelemetry\context_propagation.py", line 97, in wrapper
    return method(cnx, *args, **kwargs)
           ^^^^^^^^^^^^^^^^^^^^^^^^^^^^
  File "C:\Users\AA\Desktop\FastAPI\.venv\Lib\site-packages\mysql\connector\connection_cext.py", line 781, in cmd_query
    raise get_mysql_exception(
mysql.connector.errors.ProgrammingError: 1054 (42S22): Unknown column 'group_members.is_online' in 'field list'

The above exception was the direct cause of the following exception:

Traceback (most recent call last):
  File "C:\Users\AA\Desktop\FastAPI\.venv\Lib\site-packages\starlette\_exception_handler.py", line 42, in wrapped_app
    await app(scope, receive, sender)
  File "C:\Users\AA\Desktop\FastAPI\.venv\Lib\site-packages\fastapi\routing.py", line 101, in app
    response = await f(request)
               ^^^^^^^^^^^^^^^^
  File "C:\Users\AA\Desktop\FastAPI\.venv\Lib\site-packages\fastapi\routing.py", line 355, in app
    raw_response = await run_endpoint_function(
                   ^^^^^^^^^^^^^^^^^^^^^^^^^^^^
  File "C:\Users\AA\Desktop\FastAPI\.venv\Lib\site-packages\fastapi\routing.py", line 243, in run_endpoint_function
    return await dependant.call(**values)
           ^^^^^^^^^^^^^^^^^^^^^^^^^^^^^^
  File "C:\Users\AA\Desktop\FastAPI\.venv\Lib\site-packages\slowapi\extension.py", line 734, in async_wrapper
    response = await func(*args, **kwargs)  # type: ignore
               ^^^^^^^^^^^^^^^^^^^^^^^^^^^
  File "C:\Users\AA\Desktop\FastAPI\backend\routes\classromm\classroom.py", line 55, in joined_classroom
    classroom, error_msg = join_classroom(db, classroom_data)
                           ^^^^^^^^^^^^^^^^^^^^^^^^^^^^^^^^^^
  File "C:\Users\AA\Desktop\FastAPI\backend\crud\crud.py", line 173, in join_classroom
    group_member = db.query(GroupMembers).filter(GroupMembers.user_id == user.user_id, GroupMembers.group_id == classroom.id).first()
                   ^^^^^^^^^^^^^^^^^^^^^^^^^^^^^^^^^^^^^^^^^^^^^^^^^^^^^^^^^^^^^^^^^^^^^^^^^^^^^^^^^^^^^^^^^^^^^^^^^^^^^^^^^^^^^^^^^^
  File "C:\Users\AA\Desktop\FastAPI\.venv\Lib\site-packages\sqlalchemy\orm\query.py", line 2759, in first
    return self.limit(1)._iter().first()  # type: ignore
           ^^^^^^^^^^^^^^^^^^^^^
  File "C:\Users\AA\Desktop\FastAPI\.venv\Lib\site-packages\sqlalchemy\orm\query.py", line 2857, in _iter
    result: Union[ScalarResult[_T], Result[_T]] = self.session.execute(
                                                  ^^^^^^^^^^^^^^^^^^^^^
  File "C:\Users\AA\Desktop\FastAPI\.venv\Lib\site-packages\sqlalchemy\orm\session.py", line 2351, in execute
    return self._execute_internal(
           ^^^^^^^^^^^^^^^^^^^^^^^
  File "C:\Users\AA\Desktop\FastAPI\.venv\Lib\site-packages\sqlalchemy\orm\session.py", line 2249, in _execute_internal
    result: Result[Any] = compile_state_cls.orm_execute_statement(
                          ^^^^^^^^^^^^^^^^^^^^^^^^^^^^^^^^^^^^^^^^
  File "C:\Users\AA\Desktop\FastAPI\.venv\Lib\site-packages\sqlalchemy\orm\context.py", line 306, in orm_execute_statement
    result = conn.execute(
             ^^^^^^^^^^^^^
  File "C:\Users\AA\Desktop\FastAPI\.venv\Lib\site-packages\sqlalchemy\engine\base.py", line 1419, in execute
    return meth(
           ^^^^^
  File "C:\Users\AA\Desktop\FastAPI\.venv\Lib\site-packages\sqlalchemy\sql\elements.py", line 527, in _execute_on_connection
    return connection._execute_clauseelement(
           ^^^^^^^^^^^^^^^^^^^^^^^^^^^^^^^^^^
  File "C:\Users\AA\Desktop\FastAPI\.venv\Lib\site-packages\sqlalchemy\engine\base.py", line 1641, in _execute_clauseelement
    ret = self._execute_context(
          ^^^^^^^^^^^^^^^^^^^^^^
  File "C:\Users\AA\Desktop\FastAPI\.venv\Lib\site-packages\sqlalchemy\engine\base.py", line 1846, in _execute_context
    return self._exec_single_context(
           ^^^^^^^^^^^^^^^^^^^^^^^^^^
  File "C:\Users\AA\Desktop\FastAPI\.venv\Lib\site-packages\sqlalchemy\engine\base.py", line 1986, in _exec_single_context
    self._handle_dbapi_exception(
  File "C:\Users\AA\Desktop\FastAPI\.venv\Lib\site-packages\sqlalchemy\engine\base.py", line 2363, in _handle_dbapi_exception
    raise sqlalchemy_exception.with_traceback(exc_info[2]) from e
  File "C:\Users\AA\Desktop\FastAPI\.venv\Lib\site-packages\sqlalchemy\engine\base.py", line 1967, in _exec_single_context
    self.dialect.do_execute(
  File "C:\Users\AA\Desktop\FastAPI\.venv\Lib\site-packages\sqlalchemy\engine\default.py", line 952, in do_execute
    cursor.execute(statement, parameters)
  File "C:\Users\AA\Desktop\FastAPI\.venv\Lib\site-packages\mysql\connector\cursor_cext.py", line 353, in execute
    self._connection.cmd_query(
  File "C:\Users\AA\Desktop\FastAPI\.venv\Lib\site-packages\mysql\connector\opentelemetry\context_propagation.py", line 97, in wrapper
    return method(cnx, *args, **kwargs)
           ^^^^^^^^^^^^^^^^^^^^^^^^^^^^
  File "C:\Users\AA\Desktop\FastAPI\.venv\Lib\site-packages\mysql\connector\connection_cext.py", line 781, in cmd_query
    raise get_mysql_exception(
sqlalchemy.exc.ProgrammingError: (mysql.connector.errors.ProgrammingError) 1054 (42S22): Unknown column 'group_members.is_online' in 'field list'
[SQL: SELECT group_members.id AS group_members_id, group_members.group_id AS group_members_group_id, group_members.user_id AS group_members_user_id, group_members.joined_at AS group_members_joined_at, group_members.is_online AS group_members_is_online 
FROM group_members 
WHERE group_members.user_id = %(user_id_1)s AND group_members.group_id = %(group_id_1)s 
 LIMIT %(param_1)s]
[parameters: {'user_id_1': 5, 'group_id_1': 3, 'param_1': 1}]
(Background on this error at: https://sqlalche.me/e/20/f405)
2026-02-27 10:56:53,658 | INFO | main | main.py:25 | Application startup
2026-02-27 10:57:03,027 | INFO | main | main.py:25 | Application startup
2026-02-27 10:57:10,787 | INFO | main | main.py:25 | Application startup
2026-02-27 10:57:18,963 | INFO | main | main.py:25 | Application startup
2026-02-27 11:03:34,982 | INFO | main | main.py:25 | Application startup
2026-02-27 11:03:42,433 | INFO | main | main.py:25 | Application startup
2026-02-27 11:06:14,924 | INFO | main | main.py:25 | Application startup
2026-02-27 11:06:22,394 | INFO | main | main.py:25 | Application startup
2026-02-27 11:07:22,533 | INFO | main | main.py:25 | Application startup
2026-02-27 11:07:30,623 | INFO | main | main.py:25 | Application startup
2026-02-27 11:07:38,100 | INFO | main | main.py:25 | Application startup
2026-02-27 11:07:45,701 | INFO | main | main.py:25 | Application startup
2026-02-27 11:08:20,817 | INFO | main | main.py:25 | Application startup
2026-02-27 11:08:30,053 | INFO | main | main.py:25 | Application startup
2026-02-27 11:08:39,473 | INFO | main | main.py:25 | Application startup
2026-02-27 11:08:56,055 | INFO | main | main.py:25 | Application startup
2026-02-27 11:09:04,274 | INFO | main | main.py:25 | Application startup
2026-02-27 11:09:14,715 | INFO | main | main.py:25 | Application startup
2026-02-27 11:09:46,931 | INFO | main | main.py:25 | Application startup
2026-02-27 11:09:56,183 | INFO | main | main.py:25 | Application startup
2026-02-27 11:16:44,798 | INFO | routes.auth | auth.py:76 | User logged in successfully
2026-02-27 11:19:10,924 | INFO | main | main.py:25 | Application startup
2026-02-27 11:19:19,152 | INFO | main | main.py:25 | Application startup
2026-02-27 11:19:27,296 | INFO | main | main.py:25 | Application startup
2026-02-27 11:19:36,842 | INFO | main | main.py:25 | Application startup
2026-02-27 11:19:44,703 | INFO | main | main.py:24 | Application startup
2026-02-27 11:20:06,496 | INFO | main | main.py:24 | Application startup
2026-02-27 11:20:13,369 | INFO | main | main.py:24 | Application startup
2026-02-27 11:20:34,230 | INFO | main | main.py:24 | Application startup
2026-02-27 11:20:42,483 | INFO | main | main.py:24 | Application startup
2026-02-27 11:23:50,705 | INFO | main | main.py:24 | Application startup
2026-02-27 11:25:09,509 | INFO | main | main.py:24 | Application startup
2026-02-27 11:27:08,167 | INFO | main | main.py:24 | Application startup
2026-02-27 11:27:17,612 | INFO | main | main.py:24 | Application startup
2026-02-27 11:27:24,987 | INFO | main | main.py:24 | Application startup
2026-02-27 11:27:52,246 | INFO | main | main.py:24 | Application startup
2026-02-27 11:27:59,493 | INFO | main | main.py:24 | Application startup
2026-02-27 11:30:06,858 | INFO | main | main.py:24 | Application startup
2026-02-27 11:30:15,115 | INFO | main | main.py:24 | Application startup
2026-02-27 11:30:58,640 | INFO | main | main.py:24 | Application startup
2026-02-27 11:33:05,132 | INFO | main | main.py:24 | Application startup
2026-02-27 11:37:45,609 | INFO | main | main.py:24 | Application startup
2026-02-27 11:38:24,799 | INFO | main | main.py:24 | Application startup
2026-02-27 11:38:33,572 | INFO | main | main.py:24 | Application startup
2026-02-27 11:38:41,708 | INFO | main | main.py:24 | Application startup
2026-02-27 11:39:14,541 | INFO | main | main.py:24 | Application startup
2026-02-27 11:39:24,722 | INFO | main | main.py:24 | Application startup
2026-02-27 11:39:32,119 | INFO | main | main.py:24 | Application startup
2026-02-27 11:45:52,807 | INFO | main | main.py:24 | Application startup
2026-02-27 11:45:58,486 | INFO | main | main.py:24 | Application startup
2026-02-27 11:46:04,360 | INFO | main | main.py:24 | Application startup
2026-02-27 11:48:16,630 | INFO | routes.auth | auth.py:46 | User registered successfully
2026-02-27 11:48:33,432 | INFO | routes.auth | auth.py:76 | User logged in successfully
2026-02-27 11:48:41,032 | INFO | routes.classromm.classroom | classroom.py:61 | User joined classroom successfully
2026-02-27 12:05:19,545 | INFO | routes.auth | auth.py:76 | User logged in successfully
2026-02-27 12:07:06,055 | INFO | routes.auth | auth.py:76 | User logged in successfully
2026-03-02 08:53:38,934 | INFO | main | main.py:24 | Application startup
2026-03-02 08:56:19,761 | INFO | routes.auth | auth.py:76 | User logged in successfully
2026-03-02 08:59:25,262 | INFO | routes.auth | auth.py:76 | User logged in successfully
2026-03-02 09:03:14,940 | INFO | routes.auth | auth.py:76 | User logged in successfully
2026-03-02 09:03:43,822 | INFO | routes.auth | auth.py:76 | User logged in successfully
2026-03-02 09:08:30,515 | INFO | main | main.py:24 | Application startup
2026-03-02 09:11:17,698 | INFO | main | main.py:24 | Application startup
2026-03-02 09:12:28,533 | INFO | main | main.py:24 | Application startup
2026-03-02 09:13:11,900 | INFO | main | main.py:24 | Application startup
2026-03-02 09:13:19,356 | INFO | main | main.py:24 | Application startup
2026-03-02 09:13:54,682 | INFO | routes.auth | auth.py:76 | User logged in successfully
2026-03-02 09:14:24,859 | INFO | routes.auth | auth.py:76 | User logged in successfully
2026-03-02 09:15:33,008 | INFO | routes.auth | auth.py:76 | User logged in successfully
2026-03-02 09:21:25,763 | INFO | main | main.py:24 | Application startup
2026-03-02 09:21:35,265 | INFO | main | main.py:24 | Application startup
2026-03-02 09:21:54,562 | INFO | main | main.py:24 | Application startup
2026-03-02 09:22:00,094 | INFO | main | main.py:24 | Application startup
2026-03-02 09:23:31,223 | INFO | main | main.py:24 | Application startup
2026-03-02 09:23:36,643 | INFO | main | main.py:24 | Application startup
2026-03-02 09:24:20,248 | INFO | main | main.py:24 | Application startup
2026-03-02 09:26:26,001 | INFO | routes.auth | auth.py:76 | User logged in successfully
2026-03-02 09:26:33,659 | INFO | routes.auth | auth.py:76 | User logged in successfully
2026-03-02 09:28:51,964 | INFO | routes.auth | auth.py:76 | User logged in successfully
2026-03-02 09:32:17,754 | INFO | main | main.py:24 | Application startup
2026-03-02 09:37:25,474 | INFO | routes.auth | auth.py:76 | User logged in successfully
2026-03-02 09:37:53,624 | INFO | routes.auth | auth.py:76 | User logged in successfully
2026-03-02 09:40:28,811 | INFO | routes.auth | auth.py:76 | User logged in successfully
2026-03-02 09:41:32,123 | INFO | main | main.py:24 | Application startup
2026-03-02 09:42:49,937 | INFO | main | main.py:24 | Application startup
2026-03-02 09:42:55,473 | INFO | main | main.py:24 | Application startup
2026-03-02 09:43:26,790 | INFO | main | main.py:24 | Application startup
2026-03-02 09:43:32,515 | INFO | main | main.py:24 | Application startup
2026-03-02 09:51:46,432 | INFO | main | main.py:24 | Application startup
2026-03-02 10:03:52,360 | INFO | routes.classromm.classroom | classroom.py:41 | Classroom created successfully
2026-03-02 10:11:01,387 | INFO | routes.classromm.classroom | classroom.py:41 | Classroom created successfully
2026-03-02 10:58:04,104 | INFO | main | main.py:24 | Application startup
2026-03-02 11:00:09,458 | INFO | main | main.py:24 | Application startup
2026-03-02 11:02:14,579 | INFO | main | main.py:24 | Application startup
2026-03-02 11:05:40,669 | INFO | main | main.py:24 | Application startup
2026-03-02 11:08:04,301 | INFO | main | main.py:24 | Application startup
2026-03-02 11:11:15,489 | INFO | main | main.py:24 | Application startup
2026-03-02 11:13:26,454 | INFO | main | main.py:25 | Application startup
2026-03-02 11:19:39,263 | CRITICAL | utils.exceptions | exceptions.py:12 | Database unavailable: (mysql.connector.errors.OperationalError) MySQL Connection not available.
[SQL: SELECT users.id AS users_id, users.admin_secret_key AS users_admin_secret_key, users.name AS users_name, users.email AS users_email, users.password AS users_password, users.otp_secret AS users_otp_secret, users.modified_at AS users_modified_at, users.created_at AS users_created_at 
FROM users 
WHERE users.email = %(email_1)s 
 LIMIT %(param_1)s]
[parameters: [{}]]
(Background on this error at: https://sqlalche.me/e/20/e3q8)
Traceback (most recent call last):
  File "C:\Users\AA\Desktop\FastAPI\.venv\Lib\site-packages\sqlalchemy\engine\base.py", line 1815, in _execute_context
    context = constructor(
              ^^^^^^^^^^^^
  File "C:\Users\AA\Desktop\FastAPI\.venv\Lib\site-packages\sqlalchemy\engine\default.py", line 1438, in _init_compiled
    self.cursor = self.create_cursor()
                  ^^^^^^^^^^^^^^^^^^^^
  File "C:\Users\AA\Desktop\FastAPI\.venv\Lib\site-packages\sqlalchemy\engine\default.py", line 1777, in create_cursor
    return self.create_default_cursor()
           ^^^^^^^^^^^^^^^^^^^^^^^^^^^^
  File "C:\Users\AA\Desktop\FastAPI\.venv\Lib\site-packages\sqlalchemy\dialects\mysql\mysqlconnector.py", line 88, in create_default_cursor
    return self._dbapi_connection.cursor(buffered=True)
           ^^^^^^^^^^^^^^^^^^^^^^^^^^^^^^^^^^^^^^^^^^^^
  File "C:\Users\AA\Desktop\FastAPI\.venv\Lib\site-packages\sqlalchemy\pool\base.py", line 1486, in cursor
    return self.dbapi_connection.cursor(*args, **kwargs)
           ^^^^^^^^^^^^^^^^^^^^^^^^^^^^^^^^^^^^^^^^^^^^^
  File "C:\Users\AA\Desktop\FastAPI\.venv\Lib\site-packages\mysql\connector\connection_cext.py", line 841, in cursor
    raise OperationalError("MySQL Connection not available.")
mysql.connector.errors.OperationalError: MySQL Connection not available.

The above exception was the direct cause of the following exception:

Traceback (most recent call last):
  File "C:\Users\AA\Desktop\FastAPI\.venv\Lib\site-packages\starlette\_exception_handler.py", line 42, in wrapped_app
    await app(scope, receive, sender)
  File "C:\Users\AA\Desktop\FastAPI\.venv\Lib\site-packages\fastapi\routing.py", line 101, in app
    response = await f(request)
               ^^^^^^^^^^^^^^^^
  File "C:\Users\AA\Desktop\FastAPI\.venv\Lib\site-packages\fastapi\routing.py", line 355, in app
    raw_response = await run_endpoint_function(
                   ^^^^^^^^^^^^^^^^^^^^^^^^^^^^
  File "C:\Users\AA\Desktop\FastAPI\.venv\Lib\site-packages\fastapi\routing.py", line 243, in run_endpoint_function
    return await dependant.call(**values)
           ^^^^^^^^^^^^^^^^^^^^^^^^^^^^^^
  File "C:\Users\AA\Desktop\FastAPI\.venv\Lib\site-packages\slowapi\extension.py", line 734, in async_wrapper
    response = await func(*args, **kwargs)  # type: ignore
               ^^^^^^^^^^^^^^^^^^^^^^^^^^^
  File "C:\Users\AA\Desktop\FastAPI\backend\routes\auth.py", line 61, in login
    logined_user = login_user(db, user_data)
                   ^^^^^^^^^^^^^^^^^^^^^^^^^
  File "C:\Users\AA\Desktop\FastAPI\backend\crud\crud.py", line 49, in login_user
    user = db.query(User).filter(User.email == login_data.email).first()
           ^^^^^^^^^^^^^^^^^^^^^^^^^^^^^^^^^^^^^^^^^^^^^^^^^^^^^^^^^^^^^
  File "C:\Users\AA\Desktop\FastAPI\.venv\Lib\site-packages\sqlalchemy\orm\query.py", line 2759, in first
    return self.limit(1)._iter().first()  # type: ignore
           ^^^^^^^^^^^^^^^^^^^^^
  File "C:\Users\AA\Desktop\FastAPI\.venv\Lib\site-packages\sqlalchemy\orm\query.py", line 2857, in _iter
    result: Union[ScalarResult[_T], Result[_T]] = self.session.execute(
                                                  ^^^^^^^^^^^^^^^^^^^^^
  File "C:\Users\AA\Desktop\FastAPI\.venv\Lib\site-packages\sqlalchemy\orm\session.py", line 2351, in execute
    return self._execute_internal(
           ^^^^^^^^^^^^^^^^^^^^^^^
  File "C:\Users\AA\Desktop\FastAPI\.venv\Lib\site-packages\sqlalchemy\orm\session.py", line 2249, in _execute_internal
    result: Result[Any] = compile_state_cls.orm_execute_statement(
                          ^^^^^^^^^^^^^^^^^^^^^^^^^^^^^^^^^^^^^^^^
  File "C:\Users\AA\Desktop\FastAPI\.venv\Lib\site-packages\sqlalchemy\orm\context.py", line 306, in orm_execute_statement
    result = conn.execute(
             ^^^^^^^^^^^^^
  File "C:\Users\AA\Desktop\FastAPI\.venv\Lib\site-packages\sqlalchemy\engine\base.py", line 1419, in execute
    return meth(
           ^^^^^
  File "C:\Users\AA\Desktop\FastAPI\.venv\Lib\site-packages\sqlalchemy\sql\elements.py", line 527, in _execute_on_connection
    return connection._execute_clauseelement(
           ^^^^^^^^^^^^^^^^^^^^^^^^^^^^^^^^^^
  File "C:\Users\AA\Desktop\FastAPI\.venv\Lib\site-packages\sqlalchemy\engine\base.py", line 1641, in _execute_clauseelement
    ret = self._execute_context(
          ^^^^^^^^^^^^^^^^^^^^^^
  File "C:\Users\AA\Desktop\FastAPI\.venv\Lib\site-packages\sqlalchemy\engine\base.py", line 1821, in _execute_context
    self._handle_dbapi_exception(
  File "C:\Users\AA\Desktop\FastAPI\.venv\Lib\site-packages\sqlalchemy\engine\base.py", line 2363, in _handle_dbapi_exception
    raise sqlalchemy_exception.with_traceback(exc_info[2]) from e
  File "C:\Users\AA\Desktop\FastAPI\.venv\Lib\site-packages\sqlalchemy\engine\base.py", line 1815, in _execute_context
    context = constructor(
              ^^^^^^^^^^^^
  File "C:\Users\AA\Desktop\FastAPI\.venv\Lib\site-packages\sqlalchemy\engine\default.py", line 1438, in _init_compiled
    self.cursor = self.create_cursor()
                  ^^^^^^^^^^^^^^^^^^^^
  File "C:\Users\AA\Desktop\FastAPI\.venv\Lib\site-packages\sqlalchemy\engine\default.py", line 1777, in create_cursor
    return self.create_default_cursor()
           ^^^^^^^^^^^^^^^^^^^^^^^^^^^^
  File "C:\Users\AA\Desktop\FastAPI\.venv\Lib\site-packages\sqlalchemy\dialects\mysql\mysqlconnector.py", line 88, in create_default_cursor
    return self._dbapi_connection.cursor(buffered=True)
           ^^^^^^^^^^^^^^^^^^^^^^^^^^^^^^^^^^^^^^^^^^^^
  File "C:\Users\AA\Desktop\FastAPI\.venv\Lib\site-packages\sqlalchemy\pool\base.py", line 1486, in cursor
    return self.dbapi_connection.cursor(*args, **kwargs)
           ^^^^^^^^^^^^^^^^^^^^^^^^^^^^^^^^^^^^^^^^^^^^^
  File "C:\Users\AA\Desktop\FastAPI\.venv\Lib\site-packages\mysql\connector\connection_cext.py", line 841, in cursor
    raise OperationalError("MySQL Connection not available.")
sqlalchemy.exc.OperationalError: (mysql.connector.errors.OperationalError) MySQL Connection not available.
[SQL: SELECT users.id AS users_id, users.admin_secret_key AS users_admin_secret_key, users.name AS users_name, users.email AS users_email, users.password AS users_password, users.otp_secret AS users_otp_secret, users.modified_at AS users_modified_at, users.created_at AS users_created_at 
FROM users 
WHERE users.email = %(email_1)s 
 LIMIT %(param_1)s]
[parameters: [{}]]
(Background on this error at: https://sqlalche.me/e/20/e3q8)
2026-03-02 11:19:54,312 | INFO | main | main.py:25 | Application startup
2026-03-02 11:20:04,449 | INFO | routes.auth | auth.py:76 | User logged in successfully
2026-03-02 11:20:22,015 | INFO | routes.auth | auth.py:76 | User logged in successfully
2026-03-02 11:22:06,699 | INFO | main | main.py:25 | Application startup
2026-03-02 11:25:00,068 | INFO | routes.auth | auth.py:76 | User logged in successfully
2026-03-02 11:26:30,763 | INFO | main | main.py:25 | Application startup
2026-03-02 11:26:41,745 | INFO | main | main.py:25 | Application startup
2026-03-02 11:26:56,792 | INFO | main | main.py:25 | Application startup
2026-03-02 11:27:02,242 | INFO | main | main.py:25 | Application startup
2026-03-02 11:27:10,383 | INFO | main | main.py:25 | Application startup
2026-03-02 11:27:16,482 | INFO | main | main.py:25 | Application startup
2026-03-02 11:27:22,852 | INFO | main | main.py:25 | Application startup
2026-03-02 11:27:27,542 | INFO | main | main.py:25 | Application startup
2026-03-02 11:27:33,212 | INFO | main | main.py:25 | Application startup
2026-03-02 11:28:37,870 | INFO | main | main.py:25 | Application startup
2026-03-02 11:29:46,986 | INFO | routes.auth | auth.py:76 | User logged in successfully
2026-03-02 11:30:02,570 | INFO | routes.auth | auth.py:76 | User logged in successfully
2026-03-02 11:30:24,793 | INFO | routes.auth | auth.py:76 | User logged in successfully
2026-03-02 11:37:34,364 | INFO | main | main.py:25 | Application startup
2026-03-02 11:43:11,675 | INFO | routes.auth | auth.py:76 | User logged in successfully
2026-03-02 11:43:39,122 | INFO | routes.auth | auth.py:76 | User logged in successfully
2026-03-02 11:44:12,627 | INFO | routes.auth | auth.py:76 | User logged in successfully
2026-03-02 11:50:57,375 | INFO | main | main.py:25 | Application startup
2026-03-02 11:51:07,087 | INFO | main | main.py:25 | Application startup
2026-03-02 11:54:03,022 | INFO | main | main.py:25 | Application startup
2026-03-02 11:54:55,404 | INFO | main | main.py:25 | Application startup
2026-03-03 09:38:00,792 | INFO | main | main.py:25 | Application startup
2026-03-03 09:41:16,577 | INFO | main | main.py:25 | Application startup
2026-03-03 09:43:04,483 | INFO | main | main.py:25 | Application startup
2026-03-03 09:43:24,897 | INFO | main | main.py:25 | Application startup
2026-03-03 09:50:38,397 | INFO | routes.auth | auth.py:76 | User logged in successfully
2026-03-03 09:51:57,722 | INFO | routes.auth | auth.py:76 | User logged in successfully
2026-03-03 09:55:36,765 | INFO | main | main.py:25 | Application startup
2026-03-03 10:00:04,986 | INFO | main | main.py:25 | Application startup
2026-03-03 10:00:16,144 | INFO | main | main.py:25 | Application startup
2026-03-03 10:00:21,465 | INFO | main | main.py:25 | Application startup
2026-03-03 10:00:28,019 | INFO | main | main.py:25 | Application startup
2026-03-03 10:00:33,364 | INFO | main | main.py:25 | Application startup
2026-03-03 10:00:42,668 | INFO | main | main.py:25 | Application startup
2026-03-03 10:00:50,039 | INFO | main | main.py:25 | Application startup
2026-03-03 10:00:57,539 | INFO | main | main.py:25 | Application startup
2026-03-03 10:01:03,253 | INFO | main | main.py:25 | Application startup
2026-03-03 10:01:08,538 | INFO | main | main.py:25 | Application startup
2026-03-03 10:02:56,307 | INFO | main | main.py:25 | Application startup
2026-03-03 10:03:00,135 | INFO | main | main.py:25 | Application startup
2026-03-03 10:03:05,645 | INFO | main | main.py:25 | Application startup
2026-03-03 10:03:10,868 | INFO | main | main.py:25 | Application startup
2026-03-03 10:09:50,487 | INFO | main | main.py:25 | Application startup
2026-03-03 10:10:19,790 | INFO | routes.auth | auth.py:76 | User logged in successfully
2026-03-03 10:17:07,533 | INFO | routes.auth | auth.py:76 | User logged in successfully
2026-03-03 10:22:48,294 | INFO | routes.auth | auth.py:76 | User logged in successfully
2026-03-03 10:26:36,838 | INFO | routes.auth | auth.py:76 | User logged in successfully
2026-03-03 10:30:41,042 | INFO | main | main.py:25 | Application startup
2026-03-03 10:46:14,516 | INFO | main | main.py:25 | Application startup
2026-03-03 10:47:44,715 | INFO | routes.auth | auth.py:76 | User logged in successfully
2026-03-03 10:48:03,563 | INFO | routes.auth | auth.py:76 | User logged in successfully
2026-03-03 10:51:56,818 | INFO | routes.auth | auth.py:76 | User logged in successfully
2026-03-03 10:56:46,155 | INFO | routes.auth | auth.py:76 | User logged in successfully
2026-03-03 10:57:54,389 | INFO | main | main.py:25 | Application startup
2026-03-03 11:24:28,605 | INFO | main | main.py:106 | default root
2026-03-03 11:24:28,611 | INFO | main | main.py:106 | default root
2026-03-03 11:24:28,619 | INFO | main | main.py:106 | default root
2026-03-03 11:24:28,625 | INFO | main | main.py:106 | default root
2026-03-03 11:24:28,630 | INFO | main | main.py:106 | default root
2026-03-03 11:24:28,636 | INFO | main | main.py:106 | default root
2026-03-03 11:24:28,641 | INFO | main | main.py:106 | default root
2026-03-03 11:24:28,646 | INFO | main | main.py:106 | default root
2026-03-03 11:24:28,654 | INFO | main | main.py:106 | default root
2026-03-03 11:24:28,654 | INFO | main | main.py:106 | default root
2026-03-03 11:24:28,665 | INFO | main | main.py:106 | default root
2026-03-03 11:24:28,671 | INFO | main | main.py:106 | default root
2026-03-03 11:24:28,671 | INFO | main | main.py:106 | default root
2026-03-03 11:24:28,681 | INFO | main | main.py:106 | default root
2026-03-03 11:24:28,687 | INFO | main | main.py:106 | default root
2026-03-03 11:24:28,695 | INFO | main | main.py:106 | default root
2026-03-03 11:24:28,697 | INFO | main | main.py:106 | default root
2026-03-03 11:24:28,705 | INFO | main | main.py:106 | default root
2026-03-03 11:24:28,705 | INFO | main | main.py:106 | default root
2026-03-03 11:24:28,713 | INFO | main | main.py:106 | default root
2026-03-03 11:24:28,720 | INFO | main | main.py:106 | default root
2026-03-03 11:24:28,726 | INFO | main | main.py:106 | default root
2026-03-03 11:24:28,730 | INFO | main | main.py:106 | default root
2026-03-03 11:24:28,736 | INFO | main | main.py:106 | default root
2026-03-03 11:24:28,736 | INFO | main | main.py:106 | default root
2026-03-03 11:24:28,746 | INFO | main | main.py:106 | default root
2026-03-03 11:24:28,752 | INFO | main | main.py:106 | default root
2026-03-03 11:24:28,756 | INFO | main | main.py:106 | default root
2026-03-03 11:24:28,761 | INFO | main | main.py:106 | default root
2026-03-03 11:24:28,763 | INFO | main | main.py:106 | default root
2026-03-03 11:24:28,771 | INFO | main | main.py:106 | default root
2026-03-03 11:24:28,775 | INFO | main | main.py:106 | default root
2026-03-03 11:24:28,778 | INFO | main | main.py:106 | default root
2026-03-03 11:24:28,787 | INFO | main | main.py:106 | default root
2026-03-03 11:24:28,791 | INFO | main | main.py:106 | default root
2026-03-03 11:24:28,795 | INFO | main | main.py:106 | default root
2026-03-03 11:24:28,797 | INFO | main | main.py:106 | default root
2026-03-03 11:24:28,806 | INFO | main | main.py:106 | default root
2026-03-03 11:24:28,809 | INFO | main | main.py:106 | default root
2026-03-03 11:24:28,815 | INFO | main | main.py:106 | default root
2026-03-03 11:24:28,820 | INFO | main | main.py:106 | default root
2026-03-03 11:24:28,826 | INFO | main | main.py:106 | default root
2026-03-03 11:24:28,826 | INFO | main | main.py:106 | default root
2026-03-03 11:24:28,834 | INFO | main | main.py:106 | default root
2026-03-03 11:24:28,838 | INFO | main | main.py:106 | default root
2026-03-03 11:24:28,842 | INFO | main | main.py:106 | default root
2026-03-03 11:24:28,846 | INFO | main | main.py:106 | default root
2026-03-03 11:24:28,854 | INFO | main | main.py:106 | default root
2026-03-03 11:24:28,858 | INFO | main | main.py:106 | default root
2026-03-03 11:24:28,864 | INFO | main | main.py:106 | default root
2026-03-03 11:24:28,871 | INFO | main | main.py:106 | default root
2026-03-03 11:24:28,874 | INFO | main | main.py:106 | default root
2026-03-03 11:24:28,879 | INFO | main | main.py:106 | default root
2026-03-03 11:24:28,885 | INFO | main | main.py:106 | default root
2026-03-03 11:24:28,890 | INFO | main | main.py:106 | default root
2026-03-03 11:24:28,896 | INFO | main | main.py:106 | default root
2026-03-03 11:24:28,901 | INFO | main | main.py:106 | default root
2026-03-03 11:24:28,906 | INFO | main | main.py:106 | default root
2026-03-03 11:24:28,910 | INFO | main | main.py:106 | default root
2026-03-03 11:24:28,914 | INFO | main | main.py:106 | default root
2026-03-03 11:24:28,917 | INFO | main | main.py:106 | default root
2026-03-03 11:24:28,925 | INFO | main | main.py:106 | default root
2026-03-03 11:24:28,929 | INFO | main | main.py:106 | default root
2026-03-03 11:24:28,932 | INFO | main | main.py:106 | default root
2026-03-03 11:24:28,934 | INFO | main | main.py:106 | default root
2026-03-03 11:24:28,941 | INFO | main | main.py:106 | default root
2026-03-03 11:24:28,947 | INFO | main | main.py:106 | default root
2026-03-03 11:24:28,947 | INFO | main | main.py:106 | default root
2026-03-03 11:24:28,955 | INFO | main | main.py:106 | default root
2026-03-03 11:24:28,960 | INFO | main | main.py:106 | default root
2026-03-03 11:24:28,963 | INFO | main | main.py:106 | default root
2026-03-03 11:24:28,969 | INFO | main | main.py:106 | default root
2026-03-03 11:24:28,971 | INFO | main | main.py:106 | default root
2026-03-03 11:24:28,979 | INFO | main | main.py:106 | default root
2026-03-03 11:24:28,987 | INFO | main | main.py:106 | default root
2026-03-03 11:24:28,991 | INFO | main | main.py:106 | default root
2026-03-03 11:24:28,995 | INFO | main | main.py:106 | default root
2026-03-03 11:24:28,997 | INFO | main | main.py:106 | default root
2026-03-03 11:24:29,008 | INFO | main | main.py:106 | default root
2026-03-03 11:24:29,012 | INFO | main | main.py:106 | default root
2026-03-03 11:24:29,020 | INFO | main | main.py:106 | default root
2026-03-03 11:24:29,024 | INFO | main | main.py:106 | default root
2026-03-03 11:24:29,028 | INFO | main | main.py:106 | default root
2026-03-03 11:24:29,035 | INFO | main | main.py:106 | default root
2026-03-03 11:24:29,050 | INFO | main | main.py:106 | default root
2026-03-03 11:24:29,064 | INFO | main | main.py:106 | default root
2026-03-03 11:24:29,072 | INFO | main | main.py:106 | default root
2026-03-03 11:24:29,076 | INFO | main | main.py:106 | default root
2026-03-03 11:24:29,084 | INFO | main | main.py:106 | default root
2026-03-03 11:24:29,091 | INFO | main | main.py:106 | default root
2026-03-03 11:24:29,096 | INFO | main | main.py:106 | default root
2026-03-03 11:24:29,101 | INFO | main | main.py:106 | default root
2026-03-03 11:24:29,106 | INFO | main | main.py:106 | default root
2026-03-03 11:24:29,109 | INFO | main | main.py:106 | default root
2026-03-03 11:24:29,114 | INFO | main | main.py:106 | default root
2026-03-03 11:24:29,118 | INFO | main | main.py:106 | default root
2026-03-03 11:24:29,118 | INFO | main | main.py:106 | default root
2026-03-03 11:24:29,118 | INFO | main | main.py:106 | default root
2026-03-03 11:24:29,132 | INFO | main | main.py:106 | default root
2026-03-03 11:24:29,132 | INFO | main | main.py:106 | default root
2026-03-03 11:24:29,139 | INFO | main | main.py:106 | default root
2026-03-03 11:24:29,139 | INFO | main | main.py:106 | default root
2026-03-03 11:24:29,153 | INFO | main | main.py:106 | default root
2026-03-03 11:24:29,156 | INFO | main | main.py:106 | default root
2026-03-03 11:24:29,161 | INFO | main | main.py:106 | default root
2026-03-03 11:24:29,166 | INFO | main | main.py:106 | default root
2026-03-03 11:24:29,172 | INFO | main | main.py:106 | default root
2026-03-03 11:24:29,176 | INFO | main | main.py:106 | default root
2026-03-03 11:24:29,180 | INFO | main | main.py:106 | default root
2026-03-03 11:24:29,186 | INFO | main | main.py:106 | default root
2026-03-03 11:24:29,188 | INFO | main | main.py:106 | default root
2026-03-03 11:24:29,194 | INFO | main | main.py:106 | default root
2026-03-03 11:24:29,197 | INFO | main | main.py:106 | default root
2026-03-03 11:24:29,205 | INFO | main | main.py:106 | default root
2026-03-03 11:24:29,209 | INFO | main | main.py:106 | default root
2026-03-03 11:24:29,213 | INFO | main | main.py:106 | default root
2026-03-03 11:24:29,220 | INFO | main | main.py:106 | default root
2026-03-03 11:24:29,224 | INFO | main | main.py:106 | default root
2026-03-03 11:24:29,228 | INFO | main | main.py:106 | default root
2026-03-03 11:24:29,231 | INFO | main | main.py:106 | default root
2026-03-03 11:24:29,237 | INFO | main | main.py:106 | default root
2026-03-03 11:24:29,241 | INFO | main | main.py:106 | default root
2026-03-03 11:24:29,246 | INFO | main | main.py:106 | default root
2026-03-03 11:24:29,253 | INFO | main | main.py:106 | default root
2026-03-03 11:24:29,258 | INFO | main | main.py:106 | default root
2026-03-03 11:24:29,261 | INFO | main | main.py:106 | default root
2026-03-03 11:24:29,267 | INFO | main | main.py:106 | default root
2026-03-03 11:24:29,269 | INFO | main | main.py:106 | default root
2026-03-03 11:24:29,269 | INFO | main | main.py:106 | default root
2026-03-03 11:24:29,278 | INFO | main | main.py:106 | default root
2026-03-03 11:24:29,286 | INFO | main | main.py:106 | default root
2026-03-03 11:24:29,290 | INFO | main | main.py:106 | default root
2026-03-03 11:24:29,294 | INFO | main | main.py:106 | default root
2026-03-03 11:24:29,298 | INFO | main | main.py:106 | default root
2026-03-03 11:24:29,302 | INFO | main | main.py:106 | default root
2026-03-03 11:24:29,307 | INFO | main | main.py:106 | default root
2026-03-03 11:24:29,310 | INFO | main | main.py:106 | default root
2026-03-03 11:24:29,316 | INFO | main | main.py:106 | default root
2026-03-03 11:24:29,320 | INFO | main | main.py:106 | default root
2026-03-03 11:24:29,324 | INFO | main | main.py:106 | default root
2026-03-03 11:24:29,329 | INFO | main | main.py:106 | default root
2026-03-03 11:24:29,333 | INFO | main | main.py:106 | default root
2026-03-03 11:24:29,343 | INFO | main | main.py:106 | default root
2026-03-03 11:24:29,351 | INFO | main | main.py:106 | default root
2026-03-03 11:24:29,360 | INFO | main | main.py:106 | default root
2026-03-03 11:24:29,366 | INFO | main | main.py:106 | default root
2026-03-03 11:24:29,368 | INFO | main | main.py:106 | default root
2026-03-03 11:24:29,381 | INFO | main | main.py:106 | default root
2026-03-03 11:24:29,385 | INFO | main | main.py:106 | default root
2026-03-03 11:24:29,401 | INFO | main | main.py:106 | default root
2026-03-03 11:24:29,403 | INFO | main | main.py:106 | default root
2026-03-03 11:24:29,412 | INFO | main | main.py:106 | default root
2026-03-03 11:24:29,417 | INFO | main | main.py:106 | default root
2026-03-03 11:24:29,426 | INFO | main | main.py:106 | default root
2026-03-03 11:24:29,434 | INFO | main | main.py:106 | default root
2026-03-03 11:24:29,434 | INFO | main | main.py:106 | default root
2026-03-03 11:24:29,442 | INFO | main | main.py:106 | default root
2026-03-03 11:24:29,451 | INFO | main | main.py:106 | default root
2026-03-03 11:24:29,455 | INFO | main | main.py:106 | default root
2026-03-03 11:24:29,464 | INFO | main | main.py:106 | default root
2026-03-03 11:24:29,469 | INFO | main | main.py:106 | default root
2026-03-03 11:24:29,473 | INFO | main | main.py:106 | default root
2026-03-03 11:24:29,477 | INFO | main | main.py:106 | default root
2026-03-03 11:24:29,481 | INFO | main | main.py:106 | default root
2026-03-03 11:24:29,487 | INFO | main | main.py:106 | default root
2026-03-03 11:24:29,493 | INFO | main | main.py:106 | default root
2026-03-03 11:24:29,499 | INFO | main | main.py:106 | default root
2026-03-03 11:24:29,504 | INFO | main | main.py:106 | default root
2026-03-03 11:24:29,505 | INFO | main | main.py:106 | default root
2026-03-03 11:24:29,514 | INFO | main | main.py:106 | default root
2026-03-03 11:24:29,520 | INFO | main | main.py:106 | default root
2026-03-03 11:24:29,525 | INFO | main | main.py:106 | default root
2026-03-03 11:24:29,529 | INFO | main | main.py:106 | default root
2026-03-03 11:24:29,531 | INFO | main | main.py:106 | default root
2026-03-03 11:24:29,539 | INFO | main | main.py:106 | default root
2026-03-03 11:24:29,543 | INFO | main | main.py:106 | default root
2026-03-03 11:24:29,546 | INFO | main | main.py:106 | default root
2026-03-03 11:24:29,550 | INFO | main | main.py:106 | default root
2026-03-03 11:24:29,554 | INFO | main | main.py:106 | default root
2026-03-03 11:24:29,557 | INFO | main | main.py:106 | default root
2026-03-03 11:24:29,564 | INFO | main | main.py:106 | default root
2026-03-03 11:24:29,568 | INFO | main | main.py:106 | default root
2026-03-03 11:24:29,572 | INFO | main | main.py:106 | default root
2026-03-03 11:24:29,572 | INFO | main | main.py:106 | default root
2026-03-03 11:24:29,580 | INFO | main | main.py:106 | default root
2026-03-03 11:24:29,582 | INFO | main | main.py:106 | default root
2026-03-03 11:24:29,589 | INFO | main | main.py:106 | default root
2026-03-03 11:24:29,593 | INFO | main | main.py:106 | default root
2026-03-03 11:24:29,597 | INFO | main | main.py:106 | default root
2026-03-03 11:24:29,602 | INFO | main | main.py:106 | default root
2026-03-03 11:24:29,606 | INFO | main | main.py:106 | default root
2026-03-03 11:24:29,610 | INFO | main | main.py:106 | default root
2026-03-03 11:24:29,615 | INFO | main | main.py:106 | default root
2026-03-03 11:24:29,622 | INFO | main | main.py:106 | default root
2026-03-03 11:24:29,625 | INFO | main | main.py:106 | default root
2026-03-03 11:24:29,630 | INFO | main | main.py:106 | default root
2026-03-03 11:24:29,635 | INFO | main | main.py:106 | default root
2026-03-03 11:24:29,639 | INFO | main | main.py:106 | default root
2026-03-03 11:24:29,643 | INFO | main | main.py:106 | default root
2026-03-03 11:24:29,647 | INFO | main | main.py:106 | default root
2026-03-03 11:24:29,653 | INFO | main | main.py:106 | default root
2026-03-03 11:24:29,658 | INFO | main | main.py:106 | default root
2026-03-03 11:24:29,662 | INFO | main | main.py:106 | default root
2026-03-03 11:24:29,666 | INFO | main | main.py:106 | default root
2026-03-03 11:24:29,670 | INFO | main | main.py:106 | default root
2026-03-03 11:24:29,674 | INFO | main | main.py:106 | default root
2026-03-03 11:24:29,679 | INFO | main | main.py:106 | default root
2026-03-03 11:24:29,686 | INFO | main | main.py:106 | default root
2026-03-03 11:24:29,686 | INFO | main | main.py:106 | default root
2026-03-03 11:24:29,693 | INFO | main | main.py:106 | default root
2026-03-03 11:24:29,697 | INFO | main | main.py:106 | default root
2026-03-03 11:24:29,702 | INFO | main | main.py:106 | default root
2026-03-03 11:24:29,706 | INFO | main | main.py:106 | default root
2026-03-03 11:24:29,710 | INFO | main | main.py:106 | default root
2026-03-03 11:24:29,714 | INFO | main | main.py:106 | default root
2026-03-03 11:24:29,716 | INFO | main | main.py:106 | default root
2026-03-03 11:24:29,724 | INFO | main | main.py:106 | default root
2026-03-03 11:24:29,724 | INFO | main | main.py:106 | default root
2026-03-03 11:24:29,724 | INFO | main | main.py:106 | default root
2026-03-03 11:24:29,733 | INFO | main | main.py:106 | default root
2026-03-03 11:24:29,733 | INFO | main | main.py:106 | default root
2026-03-03 11:24:29,741 | INFO | main | main.py:106 | default root
2026-03-03 11:24:29,741 | INFO | main | main.py:106 | default root
2026-03-03 11:24:29,750 | INFO | main | main.py:106 | default root
2026-03-03 11:24:29,750 | INFO | main | main.py:106 | default root
2026-03-03 11:24:29,758 | INFO | main | main.py:106 | default root
2026-03-03 11:24:29,762 | INFO | main | main.py:106 | default root
2026-03-03 11:24:29,766 | INFO | main | main.py:106 | default root
2026-03-03 11:24:29,770 | INFO | main | main.py:106 | default root
2026-03-03 11:24:29,775 | INFO | main | main.py:106 | default root
2026-03-03 11:24:29,775 | INFO | main | main.py:106 | default root
2026-03-03 11:24:29,782 | INFO | main | main.py:106 | default root
2026-03-03 11:24:29,782 | INFO | main | main.py:106 | default root
2026-03-03 11:24:29,790 | INFO | main | main.py:106 | default root
2026-03-03 11:24:29,790 | INFO | main | main.py:106 | default root
2026-03-03 11:24:29,798 | INFO | main | main.py:106 | default root
2026-03-03 11:24:29,801 | INFO | main | main.py:106 | default root
2026-03-03 11:24:29,809 | INFO | main | main.py:106 | default root
2026-03-03 11:24:29,810 | INFO | main | main.py:106 | default root
2026-03-03 11:24:29,816 | INFO | main | main.py:106 | default root
2026-03-03 11:24:29,816 | INFO | main | main.py:106 | default root
2026-03-03 11:24:29,823 | INFO | main | main.py:106 | default root
2026-03-03 11:24:29,823 | INFO | main | main.py:106 | default root
2026-03-03 11:24:29,832 | INFO | main | main.py:106 | default root
2026-03-03 11:24:29,837 | INFO | main | main.py:106 | default root
2026-03-03 11:24:29,840 | INFO | main | main.py:106 | default root
2026-03-03 11:24:29,843 | INFO | main | main.py:106 | default root
2026-03-03 11:24:29,848 | INFO | main | main.py:106 | default root
2026-03-03 11:24:29,848 | INFO | main | main.py:106 | default root
2026-03-03 11:24:29,856 | INFO | main | main.py:106 | default root
2026-03-03 11:24:29,863 | INFO | main | main.py:106 | default root
2026-03-03 11:24:29,865 | INFO | main | main.py:106 | default root
2026-03-03 11:24:29,865 | INFO | main | main.py:106 | default root
2026-03-03 11:24:29,873 | INFO | main | main.py:106 | default root
2026-03-03 11:24:29,877 | INFO | main | main.py:106 | default root
2026-03-03 11:24:29,881 | INFO | main | main.py:106 | default root
2026-03-03 11:24:29,881 | INFO | main | main.py:106 | default root
2026-03-03 11:24:29,892 | INFO | main | main.py:106 | default root
2026-03-03 11:24:29,898 | INFO | main | main.py:106 | default root
2026-03-03 11:24:29,905 | INFO | main | main.py:106 | default root
2026-03-03 11:24:29,911 | INFO | main | main.py:106 | default root
2026-03-03 11:24:29,916 | INFO | main | main.py:106 | default root
2026-03-03 11:24:29,920 | INFO | main | main.py:106 | default root
2026-03-03 11:24:29,921 | INFO | main | main.py:106 | default root
2026-03-03 11:24:29,921 | INFO | main | main.py:106 | default root
2026-03-03 11:24:29,931 | INFO | main | main.py:106 | default root
2026-03-03 11:24:29,938 | INFO | main | main.py:106 | default root
2026-03-03 11:24:29,938 | INFO | main | main.py:106 | default root
2026-03-03 11:24:29,948 | INFO | main | main.py:106 | default root
2026-03-03 11:24:29,953 | INFO | main | main.py:106 | default root
2026-03-03 11:24:29,956 | INFO | main | main.py:106 | default root
2026-03-03 11:24:29,960 | INFO | main | main.py:106 | default root
2026-03-03 11:24:29,965 | INFO | main | main.py:106 | default root
2026-03-03 11:24:29,969 | INFO | main | main.py:106 | default root
2026-03-03 11:24:29,972 | INFO | main | main.py:106 | default root
2026-03-03 11:24:29,976 | INFO | main | main.py:106 | default root
2026-03-03 11:24:29,980 | INFO | main | main.py:106 | default root
2026-03-03 11:24:29,984 | INFO | main | main.py:106 | default root
2026-03-03 11:24:29,986 | INFO | main | main.py:106 | default root
2026-03-03 11:24:29,993 | INFO | main | main.py:106 | default root
2026-03-03 11:24:30,001 | INFO | main | main.py:106 | default root
2026-03-03 11:24:30,006 | INFO | main | main.py:106 | default root
2026-03-03 11:24:30,016 | INFO | main | main.py:106 | default root
2026-03-03 11:24:30,026 | INFO | main | main.py:106 | default root
2026-03-03 11:24:30,034 | INFO | main | main.py:106 | default root
2026-03-03 11:24:30,037 | INFO | main | main.py:106 | default root
2026-03-03 11:24:30,043 | INFO | main | main.py:106 | default root
2026-03-03 11:24:30,051 | INFO | main | main.py:106 | default root
2026-03-03 11:24:30,051 | INFO | main | main.py:106 | default root
2026-03-03 11:24:30,059 | INFO | main | main.py:106 | default root
2026-03-03 11:24:30,064 | INFO | main | main.py:106 | default root
2026-03-03 11:24:30,067 | INFO | main | main.py:106 | default root
2026-03-03 11:24:30,075 | INFO | main | main.py:106 | default root
2026-03-03 11:24:30,080 | INFO | main | main.py:106 | default root
2026-03-03 11:24:30,085 | INFO | main | main.py:106 | default root
2026-03-03 11:24:30,089 | INFO | main | main.py:106 | default root
2026-03-03 11:24:30,093 | INFO | main | main.py:106 | default root
2026-03-03 11:24:30,099 | INFO | main | main.py:106 | default root
2026-03-03 11:24:30,104 | INFO | main | main.py:106 | default root
2026-03-03 11:24:30,108 | INFO | main | main.py:106 | default root
2026-03-03 11:24:30,112 | INFO | main | main.py:106 | default root
2026-03-03 11:24:30,116 | INFO | main | main.py:106 | default root
2026-03-03 11:24:30,122 | INFO | main | main.py:106 | default root
2026-03-03 11:24:30,126 | INFO | main | main.py:106 | default root
2026-03-03 11:24:30,130 | INFO | main | main.py:106 | default root
2026-03-03 11:24:30,134 | INFO | main | main.py:106 | default root
2026-03-03 11:24:30,138 | INFO | main | main.py:106 | default root
2026-03-03 11:24:30,140 | INFO | main | main.py:106 | default root
2026-03-03 11:24:30,140 | INFO | main | main.py:106 | default root
2026-03-03 11:24:30,151 | INFO | main | main.py:106 | default root
2026-03-03 11:24:30,151 | INFO | main | main.py:106 | default root
2026-03-03 11:24:30,157 | INFO | main | main.py:106 | default root
2026-03-03 11:24:30,157 | INFO | main | main.py:106 | default root
2026-03-03 11:24:30,165 | INFO | main | main.py:106 | default root
2026-03-03 11:24:30,165 | INFO | main | main.py:106 | default root
2026-03-03 11:24:30,173 | INFO | main | main.py:106 | default root
2026-03-03 11:24:30,173 | INFO | main | main.py:106 | default root
2026-03-03 11:24:30,181 | INFO | main | main.py:106 | default root
2026-03-03 11:24:30,181 | INFO | main | main.py:106 | default root
2026-03-03 11:24:30,190 | INFO | main | main.py:106 | default root
2026-03-03 11:24:30,192 | INFO | main | main.py:106 | default root
2026-03-03 11:24:30,198 | INFO | main | main.py:106 | default root
2026-03-03 11:24:30,201 | INFO | main | main.py:106 | default root
2026-03-03 11:24:30,206 | INFO | main | main.py:106 | default root
2026-03-03 11:24:30,210 | INFO | main | main.py:106 | default root
2026-03-03 11:24:30,214 | INFO | main | main.py:106 | default root
2026-03-03 11:24:30,214 | INFO | main | main.py:106 | default root
2026-03-03 11:24:30,223 | INFO | main | main.py:106 | default root
2026-03-03 11:24:30,224 | INFO | main | main.py:106 | default root
2026-03-03 11:24:30,233 | INFO | main | main.py:106 | default root
2026-03-03 11:24:30,233 | INFO | main | main.py:106 | default root
2026-03-03 11:24:30,241 | INFO | main | main.py:106 | default root
2026-03-03 11:24:30,241 | INFO | main | main.py:106 | default root
2026-03-03 11:24:30,249 | INFO | main | main.py:106 | default root
2026-03-03 11:24:30,249 | INFO | main | main.py:106 | default root
2026-03-03 11:24:30,257 | INFO | main | main.py:106 | default root
2026-03-03 11:24:30,257 | INFO | main | main.py:106 | default root
2026-03-03 11:24:30,266 | INFO | main | main.py:106 | default root
2026-03-03 11:24:30,266 | INFO | main | main.py:106 | default root
2026-03-03 11:24:30,274 | INFO | main | main.py:106 | default root
2026-03-03 11:24:30,274 | INFO | main | main.py:106 | default root
2026-03-03 11:24:30,282 | INFO | main | main.py:106 | default root
2026-03-03 11:24:30,282 | INFO | main | main.py:106 | default root
2026-03-03 11:24:30,282 | INFO | main | main.py:106 | default root
2026-03-03 11:24:30,290 | INFO | main | main.py:106 | default root
2026-03-03 11:24:30,297 | INFO | main | main.py:106 | default root
2026-03-03 11:24:30,298 | INFO | main | main.py:106 | default root
2026-03-03 11:24:30,298 | INFO | main | main.py:106 | default root
2026-03-03 11:24:30,307 | INFO | main | main.py:106 | default root
2026-03-03 11:24:30,309 | INFO | main | main.py:106 | default root
2026-03-03 11:24:30,315 | INFO | main | main.py:106 | default root
2026-03-03 11:24:30,315 | INFO | main | main.py:106 | default root
2026-03-03 11:24:30,323 | INFO | main | main.py:106 | default root
2026-03-03 11:24:30,323 | INFO | main | main.py:106 | default root
2026-03-03 11:24:30,331 | INFO | main | main.py:106 | default root
2026-03-03 11:24:30,331 | INFO | main | main.py:106 | default root
2026-03-03 11:24:30,339 | INFO | main | main.py:106 | default root
2026-03-03 11:24:30,339 | INFO | main | main.py:106 | default root
2026-03-03 11:24:30,347 | INFO | main | main.py:106 | default root
2026-03-03 11:24:30,350 | INFO | main | main.py:106 | default root
2026-03-03 11:24:30,354 | INFO | main | main.py:106 | default root
2026-03-03 11:24:30,358 | INFO | main | main.py:106 | default root
2026-03-03 11:24:30,358 | INFO | main | main.py:106 | default root
2026-03-03 11:24:30,365 | INFO | main | main.py:106 | default root
2026-03-03 11:24:30,373 | INFO | main | main.py:106 | default root
2026-03-03 11:24:30,373 | INFO | main | main.py:106 | default root
2026-03-03 11:24:30,385 | INFO | main | main.py:106 | default root
2026-03-03 11:24:30,389 | INFO | main | main.py:106 | default root
2026-03-03 11:24:30,389 | INFO | main | main.py:106 | default root
2026-03-03 11:24:30,397 | INFO | main | main.py:106 | default root
2026-03-03 11:24:30,403 | INFO | main | main.py:106 | default root
2026-03-03 11:24:30,405 | INFO | main | main.py:106 | default root
2026-03-03 11:24:30,414 | INFO | main | main.py:106 | default root
2026-03-03 11:24:30,421 | INFO | main | main.py:106 | default root
2026-03-03 11:24:30,421 | INFO | main | main.py:106 | default root
2026-03-03 11:24:30,430 | INFO | main | main.py:106 | default root
2026-03-03 11:24:30,436 | INFO | main | main.py:106 | default root
2026-03-03 11:24:30,437 | INFO | main | main.py:106 | default root
2026-03-03 11:24:30,445 | INFO | main | main.py:106 | default root
2026-03-03 11:24:30,452 | INFO | main | main.py:106 | default root
2026-03-03 11:24:30,456 | INFO | main | main.py:106 | default root
2026-03-03 11:24:30,461 | INFO | main | main.py:106 | default root
2026-03-03 11:24:30,463 | INFO | main | main.py:106 | default root
2026-03-03 11:24:30,469 | INFO | main | main.py:106 | default root
2026-03-03 11:24:30,469 | INFO | main | main.py:106 | default root
2026-03-03 11:24:30,477 | INFO | main | main.py:106 | default root
2026-03-03 11:24:30,485 | INFO | main | main.py:106 | default root
2026-03-03 11:24:30,489 | INFO | main | main.py:106 | default root
2026-03-03 11:24:30,493 | INFO | main | main.py:106 | default root
2026-03-03 11:24:30,498 | INFO | main | main.py:106 | default root
2026-03-03 11:24:30,501 | INFO | main | main.py:106 | default root
2026-03-03 11:24:30,507 | INFO | main | main.py:106 | default root
2026-03-03 11:24:30,511 | INFO | main | main.py:106 | default root
2026-03-03 11:27:09,010 | INFO | main | main.py:106 | default root
2026-03-03 11:27:09,019 | INFO | main | main.py:106 | default root
2026-03-03 11:27:09,056 | INFO | main | main.py:106 | default root
2026-03-03 11:27:09,061 | INFO | main | main.py:106 | default root
2026-03-03 11:27:09,135 | INFO | main | main.py:106 | default root
2026-03-03 11:27:09,144 | INFO | main | main.py:106 | default root
2026-03-03 11:27:25,103 | INFO | main | main.py:106 | default root
2026-03-03 11:27:25,112 | INFO | main | main.py:106 | default root
2026-03-03 11:27:31,898 | INFO | routes.auth | auth.py:76 | User logged in successfully
2026-03-03 11:27:34,006 | INFO | main | main.py:106 | default root
2026-03-03 11:27:34,013 | INFO | main | main.py:106 | default root
2026-03-03 11:27:34,028 | INFO | main | main.py:106 | default root
2026-03-03 11:27:34,038 | INFO | main | main.py:106 | default root
2026-03-03 11:27:34,051 | INFO | main | main.py:106 | default root
2026-03-03 11:27:34,057 | INFO | main | main.py:106 | default root
2026-03-03 11:27:34,071 | INFO | main | main.py:106 | default root
2026-03-03 11:27:34,071 | INFO | main | main.py:106 | default root
2026-03-03 11:27:34,089 | INFO | main | main.py:106 | default root
2026-03-03 11:27:34,096 | INFO | main | main.py:106 | default root
2026-03-03 11:27:34,112 | INFO | main | main.py:106 | default root
2026-03-03 11:27:34,120 | INFO | main | main.py:106 | default root
2026-03-03 11:27:34,130 | INFO | main | main.py:106 | default root
2026-03-03 11:27:34,141 | INFO | main | main.py:106 | default root
2026-03-03 11:27:34,154 | INFO | main | main.py:106 | default root
2026-03-03 11:27:34,154 | INFO | main | main.py:106 | default root
2026-03-03 11:27:34,173 | INFO | main | main.py:106 | default root
2026-03-03 11:27:34,176 | INFO | main | main.py:106 | default root
2026-03-03 11:27:34,183 | INFO | main | main.py:106 | default root
2026-03-03 11:27:34,197 | INFO | main | main.py:106 | default root
2026-03-03 11:27:34,206 | INFO | main | main.py:106 | default root
2026-03-03 11:27:34,212 | INFO | main | main.py:106 | default root
2026-03-03 11:27:34,228 | INFO | main | main.py:106 | default root
2026-03-03 11:27:34,240 | INFO | main | main.py:106 | default root
2026-03-03 11:27:34,257 | INFO | main | main.py:106 | default root
2026-03-03 11:27:34,269 | INFO | main | main.py:106 | default root
2026-03-03 11:27:34,281 | INFO | main | main.py:106 | default root
2026-03-03 11:27:34,295 | INFO | main | main.py:106 | default root
2026-03-03 11:27:34,313 | INFO | main | main.py:106 | default root
2026-03-03 11:27:34,322 | INFO | main | main.py:106 | default root
2026-03-03 11:27:34,329 | INFO | main | main.py:106 | default root
2026-03-03 11:27:34,343 | INFO | main | main.py:106 | default root
2026-03-03 11:27:34,357 | INFO | main | main.py:106 | default root
2026-03-03 11:27:34,365 | INFO | main | main.py:106 | default root
2026-03-03 11:27:34,381 | INFO | main | main.py:106 | default root
2026-03-03 11:27:34,385 | INFO | main | main.py:106 | default root
2026-03-03 11:27:34,398 | INFO | main | main.py:106 | default root
2026-03-03 11:27:34,400 | INFO | main | main.py:106 | default root
2026-03-03 11:27:34,413 | INFO | main | main.py:106 | default root
2026-03-03 11:27:34,416 | INFO | main | main.py:106 | default root
2026-03-03 11:27:34,430 | INFO | main | main.py:106 | default root
2026-03-03 11:27:34,430 | INFO | main | main.py:106 | default root
2026-03-03 11:27:34,452 | INFO | main | main.py:106 | default root
2026-03-03 11:27:34,456 | INFO | main | main.py:106 | default root
2026-03-03 11:27:34,470 | INFO | main | main.py:106 | default root
2026-03-03 11:27:34,474 | INFO | main | main.py:106 | default root
2026-03-03 11:27:34,483 | INFO | main | main.py:106 | default root
2026-03-03 11:27:34,504 | INFO | main | main.py:106 | default root
2026-03-03 11:27:34,527 | INFO | main | main.py:106 | default root
2026-03-03 11:27:34,533 | INFO | main | main.py:106 | default root
2026-03-03 11:27:34,546 | INFO | main | main.py:106 | default root
2026-03-03 11:27:34,552 | INFO | main | main.py:106 | default root
2026-03-03 11:27:34,565 | INFO | main | main.py:106 | default root
2026-03-03 11:27:34,565 | INFO | main | main.py:106 | default root
2026-03-03 11:27:34,585 | INFO | main | main.py:106 | default root
2026-03-03 11:27:34,591 | INFO | main | main.py:106 | default root
2026-03-03 11:27:34,602 | INFO | main | main.py:106 | default root
2026-03-03 11:27:34,602 | INFO | main | main.py:106 | default root
2026-03-03 11:27:34,617 | INFO | main | main.py:106 | default root
2026-03-03 11:27:34,617 | INFO | main | main.py:106 | default root
2026-03-03 11:27:34,636 | INFO | main | main.py:106 | default root
2026-03-03 11:27:34,636 | INFO | main | main.py:106 | default root
2026-03-03 11:27:34,652 | INFO | main | main.py:106 | default root
2026-03-03 11:27:34,652 | INFO | main | main.py:106 | default root
2026-03-03 11:27:34,665 | INFO | main | main.py:106 | default root
2026-03-03 11:27:34,665 | INFO | main | main.py:106 | default root
2026-03-03 11:27:34,680 | INFO | main | main.py:106 | default root
2026-03-03 11:27:34,680 | INFO | main | main.py:106 | default root
2026-03-03 11:27:34,703 | INFO | main | main.py:106 | default root
2026-03-03 11:27:34,703 | INFO | main | main.py:106 | default root
2026-03-03 11:27:34,714 | INFO | main | main.py:106 | default root
2026-03-03 11:27:34,714 | INFO | main | main.py:106 | default root
2026-03-03 11:27:34,736 | INFO | main | main.py:106 | default root
2026-03-03 11:27:34,736 | INFO | main | main.py:106 | default root
2026-03-03 11:27:34,752 | INFO | main | main.py:106 | default root
2026-03-03 11:27:34,752 | INFO | main | main.py:106 | default root
2026-03-03 11:27:34,769 | INFO | main | main.py:106 | default root
2026-03-03 11:27:34,769 | INFO | main | main.py:106 | default root
2026-03-03 11:27:34,780 | INFO | main | main.py:106 | default root
2026-03-03 11:27:34,780 | INFO | main | main.py:106 | default root
2026-03-03 11:27:34,801 | INFO | main | main.py:106 | default root
2026-03-03 11:27:34,801 | INFO | main | main.py:106 | default root
2026-03-03 11:27:34,814 | INFO | main | main.py:106 | default root
2026-03-03 11:27:34,814 | INFO | main | main.py:106 | default root
2026-03-03 11:27:34,833 | INFO | main | main.py:106 | default root
2026-03-03 11:27:34,833 | INFO | main | main.py:106 | default root
2026-03-03 11:27:34,850 | INFO | main | main.py:106 | default root
2026-03-03 11:27:34,898 | INFO | main | main.py:106 | default root
2026-03-03 11:27:34,917 | INFO | main | main.py:106 | default root
2026-03-03 11:27:34,917 | INFO | main | main.py:106 | default root
2026-03-03 11:27:34,937 | INFO | main | main.py:106 | default root
2026-03-03 11:27:34,942 | INFO | main | main.py:106 | default root
2026-03-03 11:27:34,952 | INFO | main | main.py:106 | default root
2026-03-03 11:27:34,952 | INFO | main | main.py:106 | default root
2026-03-03 11:27:34,962 | INFO | main | main.py:106 | default root
2026-03-03 11:27:34,970 | INFO | main | main.py:106 | default root
2026-03-03 11:27:34,979 | INFO | main | main.py:106 | default root
2026-03-03 11:27:34,985 | INFO | main | main.py:106 | default root
2026-03-03 11:27:35,001 | INFO | main | main.py:106 | default root
2026-03-03 11:27:35,001 | INFO | main | main.py:106 | default root
2026-03-03 11:27:35,016 | INFO | main | main.py:106 | default root
2026-03-03 11:27:35,025 | INFO | main | main.py:106 | default root
2026-03-03 11:27:35,034 | INFO | main | main.py:106 | default root
2026-03-03 11:27:35,034 | INFO | main | main.py:106 | default root
2026-03-03 11:27:35,051 | INFO | main | main.py:106 | default root
2026-03-03 11:27:35,053 | INFO | main | main.py:106 | default root
2026-03-03 11:27:35,062 | INFO | main | main.py:106 | default root
2026-03-03 11:27:35,071 | INFO | main | main.py:106 | default root
2026-03-03 11:27:35,081 | INFO | main | main.py:106 | default root
2026-03-03 11:27:35,081 | INFO | main | main.py:106 | default root
2026-03-03 11:27:35,095 | INFO | main | main.py:106 | default root
2026-03-03 11:27:35,098 | INFO | main | main.py:106 | default root
2026-03-03 11:27:35,114 | INFO | main | main.py:106 | default root
2026-03-03 11:27:35,115 | INFO | main | main.py:106 | default root
2026-03-03 11:27:35,131 | INFO | main | main.py:106 | default root
2026-03-03 11:27:35,131 | INFO | main | main.py:106 | default root
2026-03-03 11:27:35,145 | INFO | main | main.py:106 | default root
2026-03-03 11:27:35,153 | INFO | main | main.py:106 | default root
2026-03-03 11:27:35,162 | INFO | main | main.py:106 | default root
2026-03-03 11:27:35,167 | INFO | main | main.py:106 | default root
2026-03-03 11:27:35,180 | INFO | main | main.py:106 | default root
2026-03-03 11:27:35,180 | INFO | main | main.py:106 | default root
2026-03-03 11:27:35,186 | INFO | main | main.py:106 | default root
2026-03-03 11:27:35,198 | INFO | main | main.py:106 | default root
2026-03-03 11:27:35,200 | INFO | main | main.py:106 | default root
2026-03-03 11:27:35,212 | INFO | main | main.py:106 | default root
2026-03-03 11:27:35,217 | INFO | main | main.py:106 | default root
2026-03-03 11:27:35,228 | INFO | main | main.py:106 | default root
2026-03-03 11:27:35,237 | INFO | main | main.py:106 | default root
2026-03-03 11:27:35,240 | INFO | main | main.py:106 | default root
2026-03-03 11:27:35,245 | INFO | main | main.py:106 | default root
2026-03-03 11:27:35,255 | INFO | main | main.py:106 | default root
2026-03-03 11:27:35,262 | INFO | main | main.py:106 | default root
2026-03-03 11:27:35,273 | INFO | main | main.py:106 | default root
2026-03-03 11:27:35,287 | INFO | main | main.py:106 | default root
2026-03-03 11:27:35,287 | INFO | main | main.py:106 | default root
2026-03-03 11:27:35,298 | INFO | main | main.py:106 | default root
2026-03-03 11:27:35,304 | INFO | main | main.py:106 | default root
2026-03-03 11:27:35,312 | INFO | main | main.py:106 | default root
2026-03-03 11:27:35,312 | INFO | main | main.py:106 | default root
2026-03-03 11:27:35,326 | INFO | main | main.py:106 | default root
2026-03-03 11:27:35,335 | INFO | main | main.py:106 | default root
2026-03-03 11:27:35,345 | INFO | main | main.py:106 | default root
2026-03-03 11:27:35,348 | INFO | main | main.py:106 | default root
2026-03-03 11:27:35,362 | INFO | main | main.py:106 | default root
2026-03-03 11:27:35,366 | INFO | main | main.py:106 | default root
2026-03-03 11:27:35,378 | INFO | main | main.py:106 | default root
2026-03-03 11:27:35,384 | INFO | main | main.py:106 | default root
2026-03-03 11:27:35,395 | INFO | main | main.py:106 | default root
2026-03-03 11:27:35,395 | INFO | main | main.py:106 | default root
2026-03-03 11:27:35,401 | INFO | main | main.py:106 | default root
2026-03-03 11:27:35,409 | INFO | main | main.py:106 | default root
2026-03-03 11:27:35,417 | INFO | main | main.py:106 | default root
2026-03-03 11:27:35,417 | INFO | main | main.py:106 | default root
2026-03-03 11:27:35,436 | INFO | main | main.py:106 | default root
2026-03-03 11:27:35,440 | INFO | main | main.py:106 | default root
2026-03-03 11:27:35,445 | INFO | main | main.py:106 | default root
2026-03-03 11:27:35,454 | INFO | main | main.py:106 | default root
2026-03-03 11:27:35,466 | INFO | main | main.py:106 | default root
2026-03-03 11:27:35,469 | INFO | main | main.py:106 | default root
2026-03-03 11:27:35,481 | INFO | main | main.py:106 | default root
2026-03-03 11:27:35,486 | INFO | main | main.py:106 | default root
2026-03-03 11:27:35,495 | INFO | main | main.py:106 | default root
2026-03-03 11:27:35,498 | INFO | main | main.py:106 | default root
2026-03-03 11:27:35,503 | INFO | main | main.py:106 | default root
2026-03-03 11:27:35,512 | INFO | main | main.py:106 | default root
2026-03-03 11:27:35,523 | INFO | main | main.py:106 | default root
2026-03-03 11:27:35,529 | INFO | main | main.py:106 | default root
2026-03-03 11:27:35,530 | INFO | main | main.py:106 | default root
2026-03-03 11:27:35,539 | INFO | main | main.py:106 | default root
2026-03-03 11:27:35,554 | INFO | main | main.py:106 | default root
2026-03-03 11:27:35,559 | INFO | main | main.py:106 | default root
2026-03-03 11:27:35,568 | INFO | main | main.py:106 | default root
2026-03-03 11:27:35,568 | INFO | main | main.py:106 | default root
2026-03-03 11:27:35,580 | INFO | main | main.py:106 | default root
2026-03-03 11:27:35,589 | INFO | main | main.py:106 | default root
2026-03-03 11:27:35,595 | INFO | main | main.py:106 | default root
2026-03-03 11:27:35,607 | INFO | main | main.py:106 | default root
2026-03-03 11:27:35,630 | INFO | main | main.py:106 | default root
2026-03-03 11:27:35,636 | INFO | main | main.py:106 | default root
2026-03-03 11:27:35,645 | INFO | main | main.py:106 | default root
2026-03-03 11:27:35,653 | INFO | main | main.py:106 | default root
2026-03-03 11:27:35,661 | INFO | main | main.py:106 | default root
2026-03-03 11:27:35,664 | INFO | main | main.py:106 | default root
2026-03-03 11:27:35,675 | INFO | main | main.py:106 | default root
2026-03-03 11:27:35,678 | INFO | main | main.py:106 | default root
2026-03-03 11:27:35,691 | INFO | main | main.py:106 | default root
2026-03-03 11:27:35,691 | INFO | main | main.py:106 | default root
2026-03-03 11:27:35,708 | INFO | main | main.py:106 | default root
2026-03-03 11:27:35,708 | INFO | main | main.py:106 | default root
2026-03-03 11:27:35,716 | INFO | main | main.py:106 | default root
2026-03-03 11:27:35,723 | INFO | main | main.py:106 | default root
2026-03-03 11:27:35,737 | INFO | main | main.py:106 | default root
2026-03-03 11:27:35,737 | INFO | main | main.py:106 | default root
2026-03-03 11:27:35,747 | INFO | main | main.py:106 | default root
2026-03-03 11:27:35,755 | INFO | main | main.py:106 | default root
2026-03-03 11:27:35,764 | INFO | main | main.py:106 | default root
2026-03-03 11:27:35,764 | INFO | main | main.py:106 | default root
2026-03-03 11:27:35,778 | INFO | main | main.py:106 | default root
2026-03-03 11:27:35,785 | INFO | main | main.py:106 | default root
2026-03-03 11:27:35,795 | INFO | main | main.py:106 | default root
2026-03-03 11:27:35,795 | INFO | main | main.py:106 | default root
2026-03-03 11:27:35,803 | INFO | main | main.py:106 | default root
2026-03-03 11:27:35,817 | INFO | main | main.py:106 | default root
2026-03-03 11:27:35,827 | INFO | main | main.py:106 | default root
2026-03-03 11:27:35,828 | INFO | main | main.py:106 | default root
2026-03-03 11:27:35,835 | INFO | main | main.py:106 | default root
2026-03-03 11:27:35,845 | INFO | main | main.py:106 | default root
2026-03-03 11:27:35,854 | INFO | main | main.py:106 | default root
2026-03-03 11:27:35,854 | INFO | main | main.py:106 | default root
2026-03-03 11:27:35,864 | INFO | main | main.py:106 | default root
2026-03-03 11:27:35,864 | INFO | main | main.py:106 | default root
2026-03-03 11:27:35,882 | INFO | main | main.py:106 | default root
2026-03-03 11:27:35,882 | INFO | main | main.py:106 | default root
2026-03-03 11:27:35,897 | INFO | main | main.py:106 | default root
2026-03-03 11:27:35,902 | INFO | main | main.py:106 | default root
2026-03-03 11:27:35,905 | INFO | main | main.py:106 | default root
2026-03-03 11:27:35,914 | INFO | main | main.py:106 | default root
2026-03-03 11:27:35,923 | INFO | main | main.py:106 | default root
2026-03-03 11:27:35,930 | INFO | main | main.py:106 | default root
2026-03-03 11:27:35,938 | INFO | main | main.py:106 | default root
2026-03-03 11:27:35,938 | INFO | main | main.py:106 | default root
2026-03-03 11:27:35,953 | INFO | main | main.py:106 | default root
2026-03-03 11:27:35,961 | INFO | main | main.py:106 | default root
2026-03-03 11:27:35,969 | INFO | main | main.py:106 | default root
2026-03-03 11:27:35,969 | INFO | main | main.py:106 | default root
2026-03-03 11:27:35,980 | INFO | main | main.py:106 | default root
2026-03-03 11:27:35,980 | INFO | main | main.py:106 | default root
2026-03-03 11:27:35,994 | INFO | main | main.py:106 | default root
2026-03-03 11:27:36,000 | INFO | main | main.py:106 | default root
2026-03-03 11:27:36,012 | INFO | main | main.py:106 | default root
2026-03-03 11:27:36,017 | INFO | main | main.py:106 | default root
2026-03-03 11:27:36,026 | INFO | main | main.py:106 | default root
2026-03-03 11:27:36,039 | INFO | main | main.py:106 | default root
2026-03-03 11:27:36,051 | INFO | main | main.py:106 | default root
2026-03-03 11:27:36,058 | INFO | main | main.py:106 | default root
2026-03-03 11:27:36,068 | INFO | main | main.py:106 | default root
2026-03-03 11:27:36,082 | INFO | main | main.py:106 | default root
2026-03-03 11:27:36,101 | INFO | main | main.py:106 | default root
2026-03-03 11:27:36,106 | INFO | main | main.py:106 | default root
2026-03-03 11:27:36,114 | INFO | main | main.py:106 | default root
2026-03-03 11:27:36,114 | INFO | main | main.py:106 | default root
2026-03-03 11:27:36,136 | INFO | main | main.py:106 | default root
2026-03-03 11:27:36,136 | INFO | main | main.py:106 | default root
2026-03-03 11:27:36,161 | INFO | main | main.py:106 | default root
2026-03-03 11:27:36,161 | INFO | main | main.py:106 | default root
2026-03-03 11:27:36,177 | INFO | main | main.py:106 | default root
2026-03-03 11:27:36,180 | INFO | main | main.py:106 | default root
2026-03-03 11:27:36,193 | INFO | main | main.py:106 | default root
2026-03-03 11:27:36,194 | INFO | main | main.py:106 | default root
2026-03-03 11:27:36,201 | INFO | main | main.py:106 | default root
2026-03-03 11:27:36,212 | INFO | main | main.py:106 | default root
2026-03-03 11:27:36,279 | INFO | main | main.py:106 | default root
2026-03-03 11:27:36,283 | INFO | main | main.py:106 | default root
2026-03-03 11:27:36,296 | INFO | main | main.py:106 | default root
2026-03-03 11:27:36,300 | INFO | main | main.py:106 | default root
2026-03-03 11:27:36,308 | INFO | main | main.py:106 | default root
2026-03-03 11:27:36,316 | INFO | main | main.py:106 | default root
2026-03-03 11:27:36,328 | INFO | main | main.py:106 | default root
2026-03-03 11:27:36,331 | INFO | main | main.py:106 | default root
2026-03-03 11:27:36,331 | INFO | main | main.py:106 | default root
2026-03-03 11:27:36,345 | INFO | main | main.py:106 | default root
2026-03-03 11:27:36,347 | INFO | main | main.py:106 | default root
2026-03-03 11:27:36,359 | INFO | main | main.py:106 | default root
2026-03-03 11:27:36,366 | INFO | main | main.py:106 | default root
2026-03-03 11:27:36,374 | INFO | main | main.py:106 | default root
2026-03-03 11:27:36,383 | INFO | main | main.py:106 | default root
2026-03-03 11:27:36,383 | INFO | main | main.py:106 | default root
2026-03-03 11:27:36,400 | INFO | main | main.py:106 | default root
2026-03-03 11:27:36,402 | INFO | main | main.py:106 | default root
2026-03-03 11:27:36,412 | INFO | main | main.py:106 | default root
2026-03-03 11:27:36,414 | INFO | main | main.py:106 | default root
2026-03-03 11:27:36,424 | INFO | main | main.py:106 | default root
2026-03-03 11:27:36,432 | INFO | main | main.py:106 | default root
2026-03-03 11:27:36,440 | INFO | main | main.py:106 | default root
2026-03-03 11:27:36,440 | INFO | main | main.py:106 | default root
2026-03-03 11:27:36,448 | INFO | main | main.py:106 | default root
2026-03-03 11:27:36,456 | INFO | main | main.py:106 | default root
2026-03-03 11:27:36,469 | INFO | main | main.py:106 | default root
2026-03-03 11:27:36,473 | INFO | main | main.py:106 | default root
2026-03-03 11:27:36,480 | INFO | main | main.py:106 | default root
2026-03-03 11:27:36,486 | INFO | main | main.py:106 | default root
2026-03-03 11:27:36,499 | INFO | main | main.py:106 | default root
2026-03-03 11:27:36,502 | INFO | main | main.py:106 | default root
2026-03-03 11:27:36,507 | INFO | main | main.py:106 | default root
2026-03-03 11:27:36,515 | INFO | main | main.py:106 | default root
2026-03-03 11:27:36,528 | INFO | main | main.py:106 | default root
2026-03-03 11:27:36,532 | INFO | main | main.py:106 | default root
2026-03-03 11:27:36,536 | INFO | main | main.py:106 | default root
2026-03-03 11:27:36,545 | INFO | main | main.py:106 | default root
2026-03-03 11:27:36,547 | INFO | main | main.py:106 | default root
2026-03-03 11:27:36,556 | INFO | main | main.py:106 | default root
2026-03-03 11:27:36,563 | INFO | main | main.py:106 | default root
2026-03-03 11:27:36,563 | INFO | main | main.py:106 | default root
2026-03-03 11:27:36,577 | INFO | main | main.py:106 | default root
2026-03-03 11:27:36,585 | INFO | main | main.py:106 | default root
2026-03-03 11:27:36,594 | INFO | main | main.py:106 | default root
2026-03-03 11:27:36,597 | INFO | main | main.py:106 | default root
2026-03-03 11:27:36,597 | INFO | main | main.py:106 | default root
2026-03-03 11:27:36,610 | INFO | main | main.py:106 | default root
2026-03-03 11:27:36,624 | INFO | main | main.py:106 | default root
2026-03-03 11:27:36,628 | INFO | main | main.py:106 | default root
2026-03-03 11:27:36,637 | INFO | main | main.py:106 | default root
2026-03-03 11:27:36,640 | INFO | main | main.py:106 | default root
2026-03-03 11:27:36,649 | INFO | main | main.py:106 | default root
2026-03-03 11:27:36,656 | INFO | main | main.py:106 | default root
2026-03-03 11:27:36,661 | INFO | main | main.py:106 | default root
2026-03-03 11:27:36,668 | INFO | main | main.py:106 | default root
2026-03-03 11:27:36,677 | INFO | main | main.py:106 | default root
2026-03-03 11:27:36,680 | INFO | main | main.py:106 | default root
2026-03-03 11:27:36,692 | INFO | main | main.py:106 | default root
2026-03-03 11:27:36,698 | INFO | main | main.py:106 | default root
2026-03-03 11:27:36,698 | INFO | main | main.py:106 | default root
2026-03-03 11:27:36,711 | INFO | main | main.py:106 | default root
2026-03-03 11:27:36,723 | INFO | main | main.py:106 | default root
2026-03-03 11:27:36,727 | INFO | main | main.py:106 | default root
2026-03-03 11:27:36,732 | INFO | main | main.py:106 | default root
2026-03-03 11:27:36,740 | INFO | main | main.py:106 | default root
2026-03-03 11:27:36,748 | INFO | main | main.py:106 | default root
2026-03-03 11:27:36,754 | INFO | main | main.py:106 | default root
2026-03-03 11:27:36,761 | INFO | main | main.py:106 | default root
2026-03-03 11:27:36,771 | INFO | main | main.py:106 | default root
2026-03-03 11:27:36,778 | INFO | main | main.py:106 | default root
2026-03-03 11:27:36,781 | INFO | main | main.py:106 | default root
2026-03-03 11:27:36,781 | INFO | main | main.py:106 | default root
2026-03-03 11:27:36,797 | INFO | main | main.py:106 | default root
2026-03-03 11:27:36,797 | INFO | main | main.py:106 | default root
2026-03-03 11:27:36,797 | INFO | main | main.py:106 | default root
2026-03-03 11:27:36,813 | INFO | main | main.py:106 | default root
2026-03-03 11:27:36,813 | INFO | main | main.py:106 | default root
2026-03-03 11:27:36,832 | INFO | main | main.py:106 | default root
2026-03-03 11:27:36,836 | INFO | main | main.py:106 | default root
2026-03-03 11:27:36,846 | INFO | main | main.py:106 | default root
2026-03-03 11:27:36,850 | INFO | main | main.py:106 | default root
2026-03-03 11:27:36,861 | INFO | main | main.py:106 | default root
2026-03-03 11:27:36,864 | INFO | main | main.py:106 | default root
2026-03-03 11:27:36,878 | INFO | main | main.py:106 | default root
2026-03-03 11:27:36,886 | INFO | main | main.py:106 | default root
2026-03-03 11:27:36,888 | INFO | main | main.py:106 | default root
2026-03-03 11:27:36,897 | INFO | main | main.py:106 | default root
2026-03-03 11:27:36,897 | INFO | main | main.py:106 | default root
2026-03-03 11:27:36,911 | INFO | main | main.py:106 | default root
2026-03-03 11:27:36,915 | INFO | main | main.py:106 | default root
2026-03-03 11:27:36,915 | INFO | main | main.py:106 | default root
2026-03-03 11:27:36,930 | INFO | main | main.py:106 | default root
2026-03-03 11:27:36,930 | INFO | main | main.py:106 | default root
2026-03-03 11:27:36,948 | INFO | main | main.py:106 | default root
2026-03-03 11:27:36,950 | INFO | main | main.py:106 | default root
2026-03-03 11:27:36,960 | INFO | main | main.py:106 | default root
2026-03-03 11:27:36,963 | INFO | main | main.py:106 | default root
2026-03-03 11:27:36,977 | INFO | main | main.py:106 | default root
2026-03-03 11:27:36,980 | INFO | main | main.py:106 | default root
2026-03-03 11:27:36,990 | INFO | main | main.py:106 | default root
2026-03-03 11:27:36,998 | INFO | main | main.py:106 | default root
2026-03-03 11:27:37,007 | INFO | main | main.py:106 | default root
2026-03-03 11:27:37,012 | INFO | main | main.py:106 | default root
2026-03-03 11:27:37,020 | INFO | main | main.py:106 | default root
2026-03-03 11:27:37,023 | INFO | main | main.py:106 | default root
2026-03-03 11:27:37,031 | INFO | main | main.py:106 | default root
2026-03-03 11:27:37,031 | INFO | main | main.py:106 | default root
2026-03-03 11:27:37,046 | INFO | main | main.py:106 | default root
2026-03-03 11:27:37,047 | INFO | main | main.py:106 | default root
2026-03-03 11:27:37,058 | INFO | main | main.py:106 | default root
2026-03-03 11:27:37,060 | INFO | main | main.py:106 | default root
2026-03-03 11:27:37,073 | INFO | main | main.py:106 | default root
2026-03-03 11:27:37,081 | INFO | main | main.py:106 | default root
2026-03-03 11:27:37,088 | INFO | main | main.py:106 | default root
2026-03-03 11:27:37,088 | INFO | main | main.py:106 | default root
2026-03-03 11:27:37,096 | INFO | main | main.py:106 | default root
2026-03-03 11:27:37,096 | INFO | main | main.py:106 | default root
2026-03-03 11:27:37,122 | INFO | main | main.py:106 | default root
2026-03-03 11:27:37,127 | INFO | main | main.py:106 | default root
2026-03-03 11:27:37,135 | INFO | main | main.py:106 | default root
2026-03-03 11:27:37,135 | INFO | main | main.py:106 | default root
2026-03-03 11:27:37,147 | INFO | main | main.py:106 | default root
2026-03-03 11:27:37,147 | INFO | main | main.py:106 | default root
2026-03-03 11:27:37,161 | INFO | main | main.py:106 | default root
2026-03-03 11:27:37,164 | INFO | main | main.py:106 | default root
2026-03-03 11:27:37,177 | INFO | main | main.py:106 | default root
2026-03-03 11:27:37,180 | INFO | main | main.py:106 | default root
2026-03-03 11:27:37,191 | INFO | main | main.py:106 | default root
2026-03-03 11:27:37,195 | INFO | main | main.py:106 | default root
2026-03-03 11:27:37,207 | INFO | main | main.py:106 | default root
2026-03-03 11:27:37,207 | INFO | main | main.py:106 | default root
2026-03-03 11:27:37,216 | INFO | main | main.py:106 | default root
2026-03-03 11:27:37,216 | INFO | main | main.py:106 | default root
2026-03-03 11:27:37,230 | INFO | main | main.py:106 | default root
2026-03-03 11:27:37,230 | INFO | main | main.py:106 | default root
2026-03-03 11:27:37,246 | INFO | main | main.py:106 | default root
2026-03-03 11:27:37,248 | INFO | main | main.py:106 | default root
2026-03-03 11:27:37,250 | INFO | main | main.py:106 | default root
2026-03-03 11:27:37,260 | INFO | main | main.py:106 | default root
2026-03-03 11:27:37,266 | INFO | main | main.py:106 | default root
2026-03-03 11:27:37,277 | INFO | main | main.py:106 | default root
2026-03-03 11:27:37,283 | INFO | main | main.py:106 | default root
2026-03-03 11:27:37,283 | INFO | main | main.py:106 | default root
2026-03-03 11:27:37,293 | INFO | main | main.py:106 | default root
2026-03-03 11:27:37,303 | INFO | main | main.py:106 | default root
2026-03-03 11:27:37,312 | INFO | main | main.py:106 | default root
2026-03-03 11:27:37,319 | INFO | main | main.py:106 | default root
2026-03-03 11:27:37,327 | INFO | main | main.py:106 | default root
2026-03-03 11:27:37,330 | INFO | main | main.py:106 | default root
2026-03-03 11:27:37,332 | INFO | main | main.py:106 | default root
2026-03-03 11:27:37,332 | INFO | main | main.py:106 | default root
2026-03-03 11:27:37,347 | INFO | main | main.py:106 | default root
2026-03-03 11:27:37,347 | INFO | main | main.py:106 | default root
2026-03-03 11:27:37,363 | INFO | main | main.py:106 | default root
2026-03-03 11:27:37,363 | INFO | main | main.py:106 | default root
2026-03-03 11:27:37,375 | INFO | main | main.py:106 | default root
2026-03-03 11:27:37,379 | INFO | main | main.py:106 | default root
2026-03-03 11:27:37,389 | INFO | main | main.py:106 | default root
2026-03-03 11:27:37,396 | INFO | main | main.py:106 | default root
2026-03-03 11:27:37,417 | INFO | main | main.py:106 | default root
2026-03-03 11:27:37,422 | INFO | main | main.py:106 | default root
2026-03-03 11:27:37,430 | INFO | main | main.py:106 | default root
2026-03-03 11:27:37,430 | INFO | main | main.py:106 | default root
2026-03-03 11:27:37,450 | INFO | main | main.py:106 | default root
2026-03-03 11:27:37,457 | INFO | main | main.py:106 | default root
2026-03-03 11:27:37,467 | INFO | main | main.py:106 | default root
2026-03-03 11:27:37,467 | INFO | main | main.py:106 | default root
2026-03-03 11:27:37,480 | INFO | main | main.py:106 | default root
2026-03-03 11:27:37,480 | INFO | main | main.py:106 | default root
2026-03-03 11:27:37,493 | INFO | main | main.py:106 | default root
2026-03-03 11:27:37,496 | INFO | main | main.py:106 | default root
2026-03-03 11:27:37,507 | INFO | main | main.py:106 | default root
2026-03-03 11:27:37,510 | INFO | main | main.py:106 | default root
2026-03-03 11:27:37,516 | INFO | main | main.py:106 | default root
2026-03-03 11:27:37,523 | INFO | main | main.py:106 | default root
2026-03-03 11:27:37,535 | INFO | main | main.py:106 | default root
2026-03-03 11:27:37,539 | INFO | main | main.py:106 | default root
2026-03-03 11:27:37,551 | INFO | main | main.py:106 | default root
2026-03-03 11:27:37,555 | INFO | main | main.py:106 | default root
2026-03-03 11:27:37,564 | INFO | main | main.py:106 | default root
2026-03-03 11:27:37,564 | INFO | main | main.py:106 | default root
2026-03-03 11:27:37,580 | INFO | main | main.py:106 | default root
2026-03-03 11:27:37,635 | INFO | main | main.py:106 | default root
2026-03-03 11:27:37,650 | INFO | main | main.py:106 | default root
2026-03-03 11:27:37,651 | INFO | main | main.py:106 | default root
2026-03-03 11:27:37,660 | INFO | main | main.py:106 | default root
2026-03-03 11:27:37,660 | INFO | main | main.py:106 | default root
2026-03-03 11:27:37,676 | INFO | main | main.py:106 | default root
2026-03-03 11:27:37,686 | INFO | main | main.py:106 | default root
2026-03-03 11:27:37,695 | INFO | main | main.py:106 | default root
2026-03-03 11:27:37,698 | INFO | main | main.py:106 | default root
2026-03-03 11:27:37,698 | INFO | main | main.py:106 | default root
2026-03-03 11:27:37,712 | INFO | main | main.py:106 | default root
2026-03-03 11:27:37,712 | INFO | main | main.py:106 | default root
2026-03-03 11:27:37,712 | INFO | main | main.py:106 | default root
2026-03-03 11:27:37,730 | INFO | main | main.py:106 | default root
2026-03-03 11:27:37,730 | INFO | main | main.py:106 | default root
2026-03-03 11:27:37,747 | INFO | main | main.py:106 | default root
2026-03-03 11:27:37,750 | INFO | main | main.py:106 | default root
2026-03-03 11:27:37,758 | INFO | main | main.py:106 | default root
2026-03-03 11:27:37,763 | INFO | main | main.py:106 | default root
2026-03-03 11:27:37,773 | INFO | main | main.py:106 | default root
2026-03-03 11:27:37,779 | INFO | main | main.py:106 | default root
2026-03-03 11:27:37,791 | INFO | main | main.py:106 | default root
2026-03-03 11:27:37,795 | INFO | main | main.py:106 | default root
2026-03-03 11:27:37,796 | INFO | main | main.py:106 | default root
2026-03-03 11:27:37,796 | INFO | main | main.py:106 | default root
2026-03-03 11:27:37,813 | INFO | main | main.py:106 | default root
2026-03-03 11:27:37,813 | INFO | main | main.py:106 | default root
2026-03-03 11:27:37,830 | INFO | main | main.py:106 | default root
2026-03-03 11:27:37,830 | INFO | main | main.py:106 | default root
2026-03-03 11:27:37,830 | INFO | main | main.py:106 | default root
2026-03-03 11:27:37,846 | INFO | main | main.py:106 | default root
2026-03-03 11:27:37,846 | INFO | main | main.py:106 | default root
2026-03-03 11:27:37,858 | INFO | main | main.py:106 | default root
2026-03-03 11:27:37,863 | INFO | main | main.py:106 | default root
2026-03-03 11:27:37,874 | INFO | main | main.py:106 | default root
2026-03-03 11:27:37,882 | INFO | main | main.py:106 | default root
2026-03-03 11:27:37,882 | INFO | main | main.py:106 | default root
2026-03-03 11:27:37,890 | INFO | main | main.py:106 | default root
2026-03-03 11:27:37,899 | INFO | main | main.py:106 | default root
2026-03-03 11:27:37,899 | INFO | main | main.py:106 | default root
2026-03-03 11:27:37,910 | INFO | main | main.py:106 | default root
2026-03-03 11:27:37,922 | INFO | main | main.py:106 | default root
2026-03-03 11:27:37,927 | INFO | main | main.py:106 | default root
2026-03-03 11:27:37,934 | INFO | main | main.py:106 | default root
2026-03-03 11:27:37,942 | INFO | main | main.py:106 | default root
2026-03-03 11:27:37,950 | INFO | main | main.py:106 | default root
2026-03-03 11:27:37,950 | INFO | main | main.py:106 | default root
2026-03-03 11:27:37,963 | INFO | main | main.py:106 | default root
2026-03-03 11:27:37,963 | INFO | main | main.py:106 | default root
2026-03-03 11:27:37,976 | INFO | main | main.py:106 | default root
2026-03-03 11:27:37,981 | INFO | main | main.py:106 | default root
2026-03-03 11:27:37,981 | INFO | main | main.py:106 | default root
2026-03-03 11:27:37,993 | INFO | main | main.py:106 | default root
2026-03-03 11:27:37,996 | INFO | main | main.py:106 | default root
2026-03-03 11:27:38,007 | INFO | main | main.py:106 | default root
2026-03-03 11:27:38,017 | INFO | main | main.py:106 | default root
2026-03-03 11:27:38,022 | INFO | main | main.py:106 | default root
2026-03-03 11:27:38,029 | INFO | main | main.py:106 | default root
2026-03-03 11:27:38,035 | INFO | main | main.py:106 | default root
2026-03-03 11:27:38,043 | INFO | main | main.py:106 | default root
2026-03-03 11:27:38,046 | INFO | main | main.py:106 | default root
2026-03-03 11:27:38,050 | INFO | main | main.py:106 | default root
2026-03-03 11:27:38,060 | INFO | main | main.py:106 | default root
2026-03-03 11:27:38,082 | INFO | main | main.py:106 | default root
2026-03-03 11:27:38,086 | INFO | main | main.py:106 | default root
2026-03-03 11:27:38,096 | INFO | main | main.py:106 | default root
2026-03-03 11:27:38,096 | INFO | main | main.py:106 | default root
2026-03-03 11:27:38,117 | INFO | main | main.py:106 | default root
2026-03-03 11:27:38,122 | INFO | main | main.py:106 | default root
2026-03-03 11:27:38,130 | INFO | main | main.py:106 | default root
2026-03-03 11:27:38,130 | INFO | main | main.py:106 | default root
2026-03-03 11:27:38,145 | INFO | main | main.py:106 | default root
2026-03-03 11:27:38,154 | INFO | main | main.py:106 | default root
2026-03-03 11:27:38,164 | INFO | main | main.py:106 | default root
2026-03-03 11:27:38,176 | INFO | main | main.py:106 | default root
2026-03-03 11:27:38,189 | INFO | main | main.py:106 | default root
2026-03-03 11:27:38,198 | INFO | main | main.py:106 | default root
2026-03-03 11:27:38,212 | INFO | main | main.py:106 | default root
2026-03-03 11:27:38,212 | INFO | main | main.py:106 | default root
2026-03-03 11:27:38,240 | INFO | main | main.py:106 | default root
2026-03-03 11:27:38,246 | INFO | main | main.py:106 | default root
2026-03-03 11:27:38,257 | INFO | main | main.py:106 | default root
2026-03-03 11:27:38,260 | INFO | main | main.py:106 | default root
2026-03-03 11:27:38,272 | INFO | main | main.py:106 | default root
2026-03-03 11:27:38,282 | INFO | main | main.py:106 | default root
2026-03-03 11:27:38,297 | INFO | main | main.py:106 | default root
2026-03-03 11:27:38,297 | INFO | main | main.py:106 | default root
2026-03-03 11:27:38,297 | INFO | main | main.py:106 | default root
2026-03-03 11:27:38,311 | INFO | main | main.py:106 | default root
2026-03-03 11:27:38,317 | INFO | main | main.py:106 | default root
2026-03-03 11:27:38,317 | INFO | main | main.py:106 | default root
2026-03-03 11:27:38,331 | INFO | main | main.py:106 | default root
2026-03-03 11:27:38,331 | INFO | main | main.py:106 | default root
2026-03-03 11:27:38,343 | INFO | main | main.py:106 | default root
2026-03-03 11:27:38,343 | INFO | main | main.py:106 | default root
2026-03-03 11:27:38,360 | INFO | main | main.py:106 | default root
2026-03-03 11:27:38,361 | INFO | main | main.py:106 | default root
2026-03-03 11:27:38,373 | INFO | main | main.py:106 | default root
2026-03-03 11:27:38,381 | INFO | main | main.py:106 | default root
2026-03-03 11:27:38,384 | INFO | main | main.py:106 | default root
2026-03-03 11:27:38,394 | INFO | main | main.py:106 | default root
2026-03-03 11:27:38,396 | INFO | main | main.py:106 | default root
2026-03-03 11:27:38,408 | INFO | main | main.py:106 | default root
2026-03-03 11:27:38,410 | INFO | main | main.py:106 | default root
2026-03-03 11:27:38,410 | INFO | main | main.py:106 | default root
2026-03-03 11:27:38,427 | INFO | main | main.py:106 | default root
2026-03-03 11:27:38,427 | INFO | main | main.py:106 | default root
2026-03-03 11:27:38,440 | INFO | main | main.py:106 | default root
2026-03-03 11:27:38,443 | INFO | main | main.py:106 | default root
2026-03-03 11:27:38,450 | INFO | main | main.py:106 | default root
2026-03-03 11:27:38,455 | INFO | main | main.py:106 | default root
2026-03-03 11:27:38,463 | INFO | main | main.py:106 | default root
2026-03-03 11:27:38,469 | INFO | main | main.py:106 | default root
2026-03-03 11:27:38,479 | INFO | main | main.py:106 | default root
2026-03-03 11:27:38,486 | INFO | main | main.py:106 | default root
2026-03-03 11:27:38,488 | INFO | main | main.py:106 | default root
2026-03-03 11:27:38,498 | INFO | main | main.py:106 | default root
2026-03-03 11:27:38,501 | INFO | main | main.py:106 | default root
2026-03-03 11:27:38,511 | INFO | main | main.py:106 | default root
2026-03-03 11:27:38,514 | INFO | main | main.py:106 | default root
2026-03-03 11:27:38,514 | INFO | main | main.py:106 | default root
2026-03-03 11:27:38,532 | INFO | main | main.py:106 | default root
2026-03-03 11:27:38,536 | INFO | main | main.py:106 | default root
2026-03-03 11:27:38,543 | INFO | main | main.py:106 | default root
2026-03-03 11:27:38,543 | INFO | main | main.py:106 | default root
2026-03-03 11:27:38,557 | INFO | main | main.py:106 | default root
2026-03-03 11:27:38,561 | INFO | main | main.py:106 | default root
2026-03-03 11:27:38,561 | INFO | main | main.py:106 | default root
2026-03-03 11:27:38,573 | INFO | main | main.py:106 | default root
2026-03-03 11:27:38,577 | INFO | main | main.py:106 | default root
2026-03-03 11:27:38,577 | INFO | main | main.py:106 | default root
2026-03-03 11:27:38,598 | INFO | main | main.py:106 | default root
2026-03-03 11:27:38,604 | INFO | main | main.py:106 | default root
2026-03-03 11:27:38,612 | INFO | main | main.py:106 | default root
2026-03-03 11:27:38,612 | INFO | main | main.py:106 | default root
2026-03-03 11:27:38,627 | INFO | main | main.py:106 | default root
2026-03-03 11:27:38,627 | INFO | main | main.py:106 | default root
2026-03-03 11:27:38,627 | INFO | main | main.py:106 | default root
2026-03-03 11:27:38,643 | INFO | main | main.py:106 | default root
2026-03-03 11:27:38,652 | INFO | main | main.py:106 | default root
2026-03-03 11:27:38,656 | INFO | main | main.py:106 | default root
2026-03-03 11:27:38,661 | INFO | main | main.py:106 | default root
2026-03-03 11:27:38,661 | INFO | main | main.py:106 | default root
2026-03-03 11:27:38,677 | INFO | main | main.py:106 | default root
2026-03-03 11:27:38,677 | INFO | main | main.py:106 | default root
2026-03-03 11:27:38,690 | INFO | main | main.py:106 | default root
2026-03-03 11:27:38,693 | INFO | main | main.py:106 | default root
2026-03-03 11:27:38,696 | INFO | main | main.py:106 | default root
2026-03-03 11:27:38,709 | INFO | main | main.py:106 | default root
2026-03-03 11:27:38,720 | INFO | main | main.py:106 | default root
2026-03-03 11:27:38,724 | INFO | main | main.py:106 | default root
2026-03-03 11:27:38,730 | INFO | main | main.py:106 | default root
2026-03-03 11:27:38,730 | INFO | main | main.py:106 | default root
2026-03-03 11:27:38,743 | INFO | main | main.py:106 | default root
2026-03-03 11:27:38,743 | INFO | main | main.py:106 | default root
2026-03-03 11:27:38,743 | INFO | main | main.py:106 | default root
2026-03-03 11:27:38,761 | INFO | main | main.py:106 | default root
2026-03-03 11:27:38,769 | INFO | main | main.py:106 | default root
2026-03-03 11:27:38,773 | INFO | main | main.py:106 | default root
2026-03-03 11:27:38,777 | INFO | main | main.py:106 | default root
2026-03-03 11:27:38,777 | INFO | main | main.py:106 | default root
2026-03-03 11:27:38,793 | INFO | main | main.py:106 | default root
2026-03-03 11:27:38,793 | INFO | main | main.py:106 | default root
2026-03-03 11:27:38,806 | INFO | main | main.py:106 | default root
2026-03-03 11:27:38,810 | INFO | main | main.py:106 | default root
2026-03-03 11:27:38,819 | INFO | main | main.py:106 | default root
2026-03-03 11:27:38,820 | INFO | main | main.py:106 | default root
2026-03-03 11:27:38,835 | INFO | main | main.py:106 | default root
2026-03-03 11:27:38,835 | INFO | main | main.py:106 | default root
2026-03-03 11:27:38,844 | INFO | main | main.py:106 | default root
2026-03-03 11:27:38,844 | INFO | main | main.py:106 | default root
2026-03-03 11:27:38,860 | INFO | main | main.py:106 | default root
2026-03-03 11:27:38,861 | INFO | main | main.py:106 | default root
2026-03-03 11:27:38,861 | INFO | main | main.py:106 | default root
2026-03-03 11:27:38,875 | INFO | main | main.py:106 | default root
2026-03-03 11:27:38,877 | INFO | main | main.py:106 | default root
2026-03-03 11:27:38,877 | INFO | main | main.py:106 | default root
2026-03-03 11:27:38,893 | INFO | main | main.py:106 | default root
2026-03-03 11:27:38,893 | INFO | main | main.py:106 | default root
2026-03-03 11:27:38,907 | INFO | main | main.py:106 | default root
2026-03-03 11:27:38,910 | INFO | main | main.py:106 | default root
2026-03-03 11:27:38,910 | INFO | main | main.py:106 | default root
2026-03-03 11:27:38,922 | INFO | main | main.py:106 | default root
2026-03-03 11:27:38,930 | INFO | main | main.py:106 | default root
2026-03-03 11:27:38,930 | INFO | main | main.py:106 | default root
2026-03-03 11:27:38,944 | INFO | main | main.py:106 | default root
2026-03-03 11:27:38,993 | INFO | main | main.py:106 | default root
2026-03-03 11:27:39,011 | INFO | main | main.py:106 | default root
2026-03-03 11:27:39,011 | INFO | main | main.py:106 | default root
2026-03-03 11:27:39,023 | INFO | main | main.py:106 | default root
2026-03-03 11:27:39,028 | INFO | main | main.py:106 | default root
2026-03-03 11:27:39,041 | INFO | main | main.py:106 | default root
2026-03-03 11:27:39,045 | INFO | main | main.py:106 | default root
2026-03-03 11:27:39,054 | INFO | main | main.py:106 | default root
2026-03-03 11:27:39,059 | INFO | main | main.py:106 | default root
2026-03-03 11:27:39,069 | INFO | main | main.py:106 | default root
2026-03-03 11:27:39,078 | INFO | main | main.py:106 | default root
2026-03-03 11:27:39,088 | INFO | main | main.py:106 | default root
2026-03-03 11:27:39,092 | INFO | main | main.py:106 | default root
2026-03-03 11:27:39,100 | INFO | main | main.py:106 | default root
2026-03-03 11:27:39,105 | INFO | main | main.py:106 | default root
2026-03-03 11:27:39,112 | INFO | main | main.py:106 | default root
2026-03-03 11:27:39,112 | INFO | main | main.py:106 | default root
2026-03-03 11:27:39,128 | INFO | main | main.py:106 | default root
2026-03-03 11:27:39,128 | INFO | main | main.py:106 | default root
2026-03-03 11:27:39,142 | INFO | main | main.py:106 | default root
2026-03-03 11:27:39,145 | INFO | main | main.py:106 | default root
2026-03-03 11:27:39,150 | INFO | main | main.py:106 | default root
2026-03-03 11:27:39,158 | INFO | main | main.py:106 | default root
2026-03-03 11:27:39,162 | INFO | main | main.py:106 | default root
2026-03-03 11:27:39,173 | INFO | main | main.py:106 | default root
2026-03-03 11:27:39,182 | INFO | main | main.py:106 | default root
2026-03-03 11:27:39,188 | INFO | main | main.py:106 | default root
2026-03-03 11:27:39,198 | INFO | main | main.py:106 | default root
2026-03-03 11:27:39,204 | INFO | main | main.py:106 | default root
2026-03-03 11:27:39,212 | INFO | main | main.py:106 | default root
2026-03-03 11:27:39,220 | INFO | main | main.py:106 | default root
2026-03-03 11:27:39,229 | INFO | main | main.py:106 | default root
2026-03-03 11:27:39,229 | INFO | main | main.py:106 | default root
2026-03-03 11:27:39,229 | INFO | main | main.py:106 | default root
2026-03-03 11:27:39,244 | INFO | main | main.py:106 | default root
2026-03-03 11:27:39,244 | INFO | main | main.py:106 | default root
2026-03-03 11:27:39,257 | INFO | main | main.py:106 | default root
2026-03-03 11:27:39,262 | INFO | main | main.py:106 | default root
2026-03-03 11:27:39,262 | INFO | main | main.py:106 | default root
2026-03-03 11:27:39,278 | INFO | main | main.py:106 | default root
2026-03-03 11:27:39,278 | INFO | main | main.py:106 | default root
2026-03-03 11:27:39,292 | INFO | main | main.py:106 | default root
2026-03-03 11:27:39,294 | INFO | main | main.py:106 | default root
2026-03-03 11:27:39,294 | INFO | main | main.py:106 | default root
2026-03-03 11:27:39,309 | INFO | main | main.py:106 | default root
2026-03-03 11:27:39,311 | INFO | main | main.py:106 | default root
2026-03-03 11:27:39,317 | INFO | main | main.py:106 | default root
2026-03-03 11:27:39,328 | INFO | main | main.py:106 | default root
2026-03-03 11:27:39,328 | INFO | main | main.py:106 | default root
2026-03-03 11:27:39,337 | INFO | main | main.py:106 | default root
2026-03-03 11:27:39,345 | INFO | main | main.py:106 | default root
2026-03-03 11:27:39,345 | INFO | main | main.py:106 | default root
2026-03-03 11:27:39,345 | INFO | main | main.py:106 | default root
2026-03-03 11:27:39,361 | INFO | main | main.py:106 | default root
2026-03-03 11:27:39,361 | INFO | main | main.py:106 | default root
2026-03-03 11:27:39,375 | INFO | main | main.py:106 | default root
2026-03-03 11:27:39,379 | INFO | main | main.py:106 | default root
2026-03-03 11:27:39,390 | INFO | main | main.py:106 | default root
2026-03-03 11:27:39,392 | INFO | main | main.py:106 | default root
2026-03-03 11:27:39,396 | INFO | main | main.py:106 | default root
2026-03-03 11:27:39,406 | INFO | main | main.py:106 | default root
2026-03-03 11:27:39,411 | INFO | main | main.py:106 | default root
2026-03-03 11:27:39,411 | INFO | main | main.py:106 | default root
2026-03-03 11:27:39,425 | INFO | main | main.py:106 | default root
2026-03-03 11:27:39,429 | INFO | main | main.py:106 | default root
2026-03-03 11:27:39,438 | INFO | main | main.py:106 | default root
2026-03-03 11:27:39,442 | INFO | main | main.py:106 | default root
2026-03-03 11:27:39,444 | INFO | main | main.py:106 | default root
2026-03-03 11:27:39,453 | INFO | main | main.py:106 | default root
2026-03-03 11:27:39,461 | INFO | main | main.py:106 | default root
2026-03-03 11:27:39,461 | INFO | main | main.py:106 | default root
2026-03-03 11:27:39,461 | INFO | main | main.py:106 | default root
2026-03-03 11:27:39,479 | INFO | main | main.py:106 | default root
2026-03-03 11:27:39,487 | INFO | main | main.py:106 | default root
2026-03-03 11:27:39,492 | INFO | main | main.py:106 | default root
2026-03-03 11:27:39,500 | INFO | main | main.py:106 | default root
2026-03-03 11:27:39,508 | INFO | main | main.py:106 | default root
2026-03-03 11:27:39,516 | INFO | main | main.py:106 | default root
2026-03-03 11:27:39,516 | INFO | main | main.py:106 | default root
2026-03-03 11:27:39,528 | INFO | main | main.py:106 | default root
2026-03-03 11:27:39,528 | INFO | main | main.py:106 | default root
2026-03-03 11:27:39,542 | INFO | main | main.py:106 | default root
2026-03-03 11:27:39,544 | INFO | main | main.py:106 | default root
2026-03-03 11:27:39,544 | INFO | main | main.py:106 | default root
2026-03-03 11:27:39,558 | INFO | main | main.py:106 | default root
2026-03-03 11:27:39,562 | INFO | main | main.py:106 | default root
2026-03-03 11:27:39,562 | INFO | main | main.py:106 | default root
2026-03-03 11:27:39,579 | INFO | main | main.py:106 | default root
2026-03-03 11:27:39,579 | INFO | main | main.py:106 | default root
2026-03-03 11:27:39,592 | INFO | main | main.py:106 | default root
2026-03-03 11:27:39,595 | INFO | main | main.py:106 | default root
2026-03-03 11:27:39,604 | INFO | main | main.py:106 | default root
2026-03-03 11:27:39,609 | INFO | main | main.py:106 | default root
2026-03-03 11:27:39,612 | INFO | main | main.py:106 | default root
2026-03-03 11:27:39,620 | INFO | main | main.py:106 | default root
2026-03-03 11:27:39,628 | INFO | main | main.py:106 | default root
2026-03-03 11:27:39,628 | INFO | main | main.py:106 | default root
2026-03-03 11:27:39,636 | INFO | main | main.py:106 | default root
2026-03-03 11:27:39,646 | INFO | main | main.py:106 | default root
2026-03-03 11:27:39,653 | INFO | main | main.py:106 | default root
2026-03-03 11:27:39,658 | INFO | main | main.py:106 | default root
2026-03-03 11:27:39,667 | INFO | main | main.py:106 | default root
2026-03-03 11:27:39,671 | INFO | main | main.py:106 | default root
2026-03-03 11:27:39,678 | INFO | main | main.py:106 | default root
2026-03-03 11:27:39,684 | INFO | main | main.py:106 | default root
2026-03-03 11:27:39,699 | INFO | main | main.py:106 | default root
2026-03-03 11:27:39,703 | INFO | main | main.py:106 | default root
2026-03-03 11:27:39,717 | INFO | main | main.py:106 | default root
2026-03-03 11:27:39,721 | INFO | main | main.py:106 | default root
2026-03-03 11:27:39,730 | INFO | main | main.py:106 | default root
2026-03-03 11:27:39,734 | INFO | main | main.py:106 | default root
2026-03-03 11:27:39,744 | INFO | main | main.py:106 | default root
2026-03-03 11:27:39,747 | INFO | main | main.py:106 | default root
2026-03-03 11:27:39,755 | INFO | main | main.py:106 | default root
2026-03-03 11:27:39,761 | INFO | main | main.py:106 | default root
2026-03-03 11:27:39,761 | INFO | main | main.py:106 | default root
2026-03-03 11:27:39,775 | INFO | main | main.py:106 | default root
2026-03-03 11:27:39,777 | INFO | main | main.py:106 | default root
2026-03-03 11:27:39,787 | INFO | main | main.py:106 | default root
2026-03-03 11:27:39,795 | INFO | main | main.py:106 | default root
2026-03-03 11:27:39,803 | INFO | main | main.py:106 | default root
2026-03-03 11:27:39,812 | INFO | main | main.py:106 | default root
2026-03-03 11:27:39,823 | INFO | main | main.py:106 | default root
2026-03-03 11:27:39,828 | INFO | main | main.py:106 | default root
2026-03-03 11:27:39,828 | INFO | main | main.py:106 | default root
2026-03-03 11:27:39,844 | INFO | main | main.py:106 | default root
2026-03-03 11:27:39,844 | INFO | main | main.py:106 | default root
2026-03-03 11:27:39,858 | INFO | main | main.py:106 | default root
2026-03-03 11:27:39,861 | INFO | main | main.py:106 | default root
2026-03-03 11:27:39,861 | INFO | main | main.py:106 | default root
2026-03-03 11:27:39,873 | INFO | main | main.py:106 | default root
2026-03-03 11:27:39,878 | INFO | main | main.py:106 | default root
2026-03-03 11:27:39,878 | INFO | main | main.py:106 | default root
2026-03-03 11:27:39,894 | INFO | main | main.py:106 | default root
2026-03-03 11:27:39,894 | INFO | main | main.py:106 | default root
2026-03-03 11:27:39,905 | INFO | main | main.py:106 | default root
2026-03-03 11:27:39,911 | INFO | main | main.py:106 | default root
2026-03-03 11:27:39,911 | INFO | main | main.py:106 | default root
2026-03-03 11:27:39,920 | INFO | main | main.py:106 | default root
2026-03-03 11:27:39,928 | INFO | main | main.py:106 | default root
2026-03-03 11:27:39,928 | INFO | main | main.py:106 | default root
2026-03-03 11:27:39,941 | INFO | main | main.py:106 | default root
2026-03-03 11:27:39,946 | INFO | main | main.py:106 | default root
2026-03-03 11:27:39,964 | INFO | main | main.py:106 | default root
2026-03-03 11:27:39,970 | INFO | main | main.py:106 | default root
2026-03-03 11:27:39,977 | INFO | main | main.py:106 | default root
2026-03-03 11:27:39,980 | INFO | main | main.py:106 | default root
2026-03-03 11:27:39,991 | INFO | main | main.py:106 | default root
2026-03-03 11:27:39,994 | INFO | main | main.py:106 | default root
2026-03-03 11:27:39,994 | INFO | main | main.py:106 | default root
2026-03-03 11:27:40,008 | INFO | main | main.py:106 | default root
2026-03-03 11:27:40,011 | INFO | main | main.py:106 | default root
2026-03-03 11:27:40,011 | INFO | main | main.py:106 | default root
2026-03-03 11:27:40,030 | INFO | main | main.py:106 | default root
2026-03-03 11:27:40,038 | INFO | main | main.py:106 | default root
2026-03-03 11:27:40,044 | INFO | main | main.py:106 | default root
2026-03-03 11:27:40,044 | INFO | main | main.py:106 | default root
2026-03-03 11:27:40,061 | INFO | main | main.py:106 | default root
2026-03-03 11:27:40,061 | INFO | main | main.py:106 | default root
2026-03-03 11:27:40,071 | INFO | main | main.py:106 | default root
2026-03-03 11:27:40,078 | INFO | main | main.py:106 | default root
2026-03-03 11:27:40,094 | INFO | main | main.py:106 | default root
2026-03-03 11:27:40,105 | INFO | main | main.py:106 | default root
2026-03-03 11:27:40,127 | INFO | main | main.py:106 | default root
2026-03-03 11:27:40,128 | INFO | main | main.py:106 | default root
2026-03-03 11:27:40,145 | INFO | main | main.py:106 | default root
2026-03-03 11:27:40,152 | INFO | main | main.py:106 | default root
2026-03-03 11:27:40,161 | INFO | main | main.py:106 | default root
2026-03-03 11:27:40,161 | INFO | main | main.py:106 | default root
2026-03-03 11:27:40,178 | INFO | main | main.py:106 | default root
2026-03-03 11:27:40,178 | INFO | main | main.py:106 | default root
2026-03-03 11:27:40,191 | INFO | main | main.py:106 | default root
2026-03-03 11:27:40,203 | INFO | main | main.py:106 | default root
2026-03-03 11:27:40,211 | INFO | main | main.py:106 | default root
2026-03-03 11:27:40,211 | INFO | main | main.py:106 | default root
2026-03-03 11:27:40,227 | INFO | main | main.py:106 | default root
2026-03-03 11:27:40,227 | INFO | main | main.py:106 | default root
2026-03-03 11:27:40,239 | INFO | main | main.py:106 | default root
2026-03-03 11:27:40,241 | INFO | main | main.py:106 | default root
2026-03-03 11:27:40,245 | INFO | main | main.py:106 | default root
2026-03-03 11:27:40,255 | INFO | main | main.py:106 | default root
2026-03-03 11:27:40,261 | INFO | main | main.py:106 | default root
2026-03-03 11:27:40,261 | INFO | main | main.py:106 | default root
2026-03-03 11:27:40,276 | INFO | main | main.py:106 | default root
2026-03-03 11:27:40,284 | INFO | main | main.py:106 | default root
2026-03-03 11:27:40,286 | INFO | main | main.py:106 | default root
2026-03-03 11:27:40,295 | INFO | main | main.py:106 | default root
2026-03-03 11:27:40,305 | INFO | main | main.py:106 | default root
2026-03-03 11:27:40,364 | INFO | main | main.py:106 | default root
2026-03-03 11:27:40,382 | INFO | main | main.py:106 | default root
2026-03-03 11:27:40,391 | INFO | main | main.py:106 | default root
2026-03-03 11:27:40,400 | INFO | main | main.py:106 | default root
2026-03-03 11:27:40,408 | INFO | main | main.py:106 | default root
2026-03-03 11:27:40,409 | INFO | main | main.py:106 | default root
2026-03-03 11:27:40,420 | INFO | main | main.py:106 | default root
2026-03-03 11:27:40,425 | INFO | main | main.py:106 | default root
2026-03-03 11:27:40,433 | INFO | main | main.py:106 | default root
2026-03-03 11:27:40,442 | INFO | main | main.py:106 | default root
2026-03-03 11:27:40,442 | INFO | main | main.py:106 | default root
2026-03-03 11:27:40,452 | INFO | main | main.py:106 | default root
2026-03-03 11:27:40,458 | INFO | main | main.py:106 | default root
2026-03-03 11:27:40,468 | INFO | main | main.py:106 | default root
2026-03-03 11:27:40,468 | INFO | main | main.py:106 | default root
2026-03-03 11:27:40,475 | INFO | main | main.py:106 | default root
2026-03-03 11:27:40,483 | INFO | main | main.py:106 | default root
2026-03-03 11:27:40,493 | INFO | main | main.py:106 | default root
2026-03-03 11:27:40,493 | INFO | main | main.py:106 | default root
2026-03-03 11:27:40,507 | INFO | main | main.py:106 | default root
2026-03-03 11:27:40,508 | INFO | main | main.py:106 | default root
2026-03-03 11:27:40,508 | INFO | main | main.py:106 | default root
2026-03-03 11:27:40,525 | INFO | main | main.py:106 | default root
2026-03-03 11:27:40,525 | INFO | main | main.py:106 | default root
2026-03-03 11:27:40,525 | INFO | main | main.py:106 | default root
2026-03-03 11:27:40,546 | INFO | main | main.py:106 | default root
2026-03-03 11:27:40,546 | INFO | main | main.py:106 | default root
2026-03-03 11:27:40,559 | INFO | main | main.py:106 | default root
2026-03-03 11:27:40,562 | INFO | main | main.py:106 | default root
2026-03-03 11:27:40,570 | INFO | main | main.py:106 | default root
2026-03-03 11:27:40,575 | INFO | main | main.py:106 | default root
2026-03-03 11:27:40,575 | INFO | main | main.py:106 | default root
2026-03-03 11:27:40,586 | INFO | main | main.py:106 | default root
2026-03-03 11:27:40,592 | INFO | main | main.py:106 | default root
2026-03-03 11:27:40,602 | INFO | main | main.py:106 | default root
2026-03-03 11:27:40,608 | INFO | main | main.py:106 | default root
2026-03-03 11:27:40,608 | INFO | main | main.py:106 | default root
2026-03-03 11:27:40,624 | INFO | main | main.py:106 | default root
2026-03-03 11:27:40,629 | INFO | main | main.py:106 | default root
2026-03-03 11:27:40,629 | INFO | main | main.py:106 | default root
2026-03-03 11:27:40,642 | INFO | main | main.py:106 | default root
2026-03-03 11:27:40,650 | INFO | main | main.py:106 | default root
2026-03-03 11:27:40,650 | INFO | main | main.py:106 | default root
2026-03-03 11:27:40,662 | INFO | main | main.py:106 | default root
2026-03-03 11:27:40,662 | INFO | main | main.py:106 | default root
2026-03-03 11:27:40,675 | INFO | main | main.py:106 | default root
2026-03-03 11:27:40,675 | INFO | main | main.py:106 | default root
2026-03-03 11:27:40,675 | INFO | main | main.py:106 | default root
2026-03-03 11:27:40,692 | INFO | main | main.py:106 | default root
2026-03-03 11:27:40,692 | INFO | main | main.py:106 | default root
2026-03-03 11:27:40,692 | INFO | main | main.py:106 | default root
2026-03-03 11:27:40,709 | INFO | main | main.py:106 | default root
2026-03-03 11:27:40,709 | INFO | main | main.py:106 | default root
2026-03-03 11:27:40,725 | INFO | main | main.py:106 | default root
2026-03-03 11:27:40,725 | INFO | main | main.py:106 | default root
2026-03-03 11:27:40,737 | INFO | main | main.py:106 | default root
2026-03-03 11:27:40,742 | INFO | main | main.py:106 | default root
2026-03-03 11:27:40,742 | INFO | main | main.py:106 | default root
2026-03-03 11:27:40,753 | INFO | main | main.py:106 | default root
2026-03-03 11:27:40,764 | INFO | main | main.py:106 | default root
2026-03-03 11:27:40,764 | INFO | main | main.py:106 | default root
2026-03-03 11:27:40,775 | INFO | main | main.py:106 | default root
2026-03-03 11:27:40,775 | INFO | main | main.py:106 | default root
2026-03-03 11:27:40,789 | INFO | main | main.py:106 | default root
2026-03-03 11:27:40,797 | INFO | main | main.py:106 | default root
2026-03-03 11:27:40,811 | INFO | main | main.py:106 | default root
2026-03-03 11:27:40,819 | INFO | main | main.py:106 | default root
2026-03-03 11:27:40,828 | INFO | main | main.py:106 | default root
2026-03-03 11:27:40,836 | INFO | main | main.py:106 | default root
2026-03-03 11:27:40,848 | INFO | main | main.py:106 | default root
2026-03-03 11:27:40,852 | INFO | main | main.py:106 | default root
2026-03-03 11:27:40,862 | INFO | main | main.py:106 | default root
2026-03-03 11:27:40,862 | INFO | main | main.py:106 | default root
2026-03-03 11:27:40,875 | INFO | main | main.py:106 | default root
2026-03-03 11:27:40,875 | INFO | main | main.py:106 | default root
2026-03-03 11:27:40,875 | INFO | main | main.py:106 | default root
2026-03-03 11:27:40,891 | INFO | main | main.py:106 | default root
2026-03-03 11:27:40,891 | INFO | main | main.py:106 | default root
2026-03-03 11:27:40,904 | INFO | main | main.py:106 | default root
2026-03-03 11:27:40,910 | INFO | main | main.py:106 | default root
2026-03-03 11:27:40,920 | INFO | main | main.py:106 | default root
2026-03-03 11:27:40,926 | INFO | main | main.py:106 | default root
2026-03-03 11:27:40,926 | INFO | main | main.py:106 | default root
2026-03-03 11:27:40,942 | INFO | main | main.py:106 | default root
2026-03-03 11:27:40,942 | INFO | main | main.py:106 | default root
2026-03-03 11:27:40,958 | INFO | main | main.py:106 | default root
2026-03-03 11:27:40,963 | INFO | main | main.py:106 | default root
2026-03-03 11:27:40,963 | INFO | main | main.py:106 | default root
2026-03-03 11:27:40,974 | INFO | main | main.py:106 | default root
2026-03-03 11:27:40,974 | INFO | main | main.py:106 | default root
2026-03-03 11:27:40,974 | INFO | main | main.py:106 | default root
2026-03-03 11:27:40,996 | INFO | main | main.py:106 | default root
2026-03-03 11:27:40,999 | INFO | main | main.py:106 | default root
2026-03-03 11:27:41,013 | INFO | main | main.py:106 | default root
2026-03-03 11:27:41,013 | INFO | main | main.py:106 | default root
2026-03-03 11:27:41,025 | INFO | main | main.py:106 | default root
2026-03-03 11:27:41,025 | INFO | main | main.py:106 | default root
2026-03-03 11:27:41,041 | INFO | main | main.py:106 | default root
2026-03-03 11:27:41,041 | INFO | main | main.py:106 | default root
2026-03-03 11:27:41,041 | INFO | main | main.py:106 | default root
2026-03-03 11:27:41,058 | INFO | main | main.py:106 | default root
2026-03-03 11:27:41,063 | INFO | main | main.py:106 | default root
2026-03-03 11:27:41,072 | INFO | main | main.py:106 | default root
2026-03-03 11:27:41,078 | INFO | main | main.py:106 | default root
2026-03-03 11:27:41,087 | INFO | main | main.py:106 | default root
2026-03-03 11:27:41,096 | INFO | main | main.py:106 | default root
2026-03-03 11:27:41,104 | INFO | main | main.py:106 | default root
2026-03-03 11:27:41,113 | INFO | main | main.py:106 | default root
2026-03-03 11:27:41,113 | INFO | main | main.py:106 | default root
2026-03-03 11:27:41,125 | INFO | main | main.py:106 | default root
2026-03-03 11:27:41,127 | INFO | main | main.py:106 | default root
2026-03-03 11:27:41,133 | INFO | main | main.py:106 | default root
2026-03-03 11:27:41,141 | INFO | main | main.py:106 | default root
2026-03-03 11:27:41,148 | INFO | main | main.py:106 | default root
2026-03-03 11:27:41,157 | INFO | main | main.py:106 | default root
2026-03-03 11:27:41,163 | INFO | main | main.py:106 | default root
2026-03-03 11:27:41,163 | INFO | main | main.py:106 | default root
2026-03-03 11:27:41,176 | INFO | main | main.py:106 | default root
2026-03-03 11:27:41,176 | INFO | main | main.py:106 | default root
2026-03-03 11:27:41,191 | INFO | main | main.py:106 | default root
2026-03-03 11:27:41,191 | INFO | main | main.py:106 | default root
2026-03-03 11:27:41,203 | INFO | main | main.py:106 | default root
2026-03-03 11:27:41,208 | INFO | main | main.py:106 | default root
2026-03-03 11:27:41,211 | INFO | main | main.py:106 | default root
2026-03-03 11:27:41,219 | INFO | main | main.py:106 | default root
2026-03-03 11:27:41,228 | INFO | main | main.py:106 | default root
2026-03-03 11:27:41,228 | INFO | main | main.py:106 | default root
2026-03-03 11:27:41,242 | INFO | main | main.py:106 | default root
2026-03-03 11:27:41,242 | INFO | main | main.py:106 | default root
2026-03-03 11:27:41,257 | INFO | main | main.py:106 | default root
2026-03-03 11:27:41,263 | INFO | main | main.py:106 | default root
2026-03-03 11:27:41,267 | INFO | main | main.py:106 | default root
2026-03-03 11:27:41,275 | INFO | main | main.py:106 | default root
2026-03-03 11:27:41,282 | INFO | main | main.py:106 | default root
2026-03-03 11:27:41,282 | INFO | main | main.py:106 | default root
2026-03-03 11:27:41,291 | INFO | main | main.py:106 | default root
2026-03-03 11:27:41,291 | INFO | main | main.py:106 | default root
2026-03-03 11:27:41,308 | INFO | main | main.py:106 | default root
2026-03-03 11:27:41,308 | INFO | main | main.py:106 | default root
2026-03-03 11:27:41,308 | INFO | main | main.py:106 | default root
2026-03-03 11:27:41,325 | INFO | main | main.py:106 | default root
2026-03-03 11:27:41,334 | INFO | main | main.py:106 | default root
2026-03-03 11:27:41,334 | INFO | main | main.py:106 | default root
2026-03-03 11:27:41,350 | INFO | main | main.py:106 | default root
2026-03-03 11:27:41,354 | INFO | main | main.py:106 | default root
2026-03-03 11:27:41,363 | INFO | main | main.py:106 | default root
2026-03-03 11:27:41,369 | INFO | main | main.py:106 | default root
2026-03-03 11:27:41,375 | INFO | main | main.py:106 | default root
2026-03-03 11:27:41,375 | INFO | main | main.py:106 | default root
2026-03-03 11:27:41,388 | INFO | main | main.py:106 | default root
2026-03-03 11:27:41,391 | INFO | main | main.py:106 | default root
2026-03-03 11:27:41,391 | INFO | main | main.py:106 | default root
2026-03-03 11:27:41,404 | INFO | main | main.py:106 | default root
2026-03-03 11:27:41,408 | INFO | main | main.py:106 | default root
2026-03-03 11:27:41,408 | INFO | main | main.py:106 | default root
2026-03-03 11:27:41,425 | INFO | main | main.py:106 | default root
2026-03-03 11:27:41,425 | INFO | main | main.py:106 | default root
2026-03-03 11:27:41,437 | INFO | main | main.py:106 | default root
2026-03-03 11:27:41,441 | INFO | main | main.py:106 | default root
2026-03-03 11:27:41,441 | INFO | main | main.py:106 | default root
2026-03-03 11:27:41,452 | INFO | main | main.py:106 | default root
2026-03-03 11:27:41,457 | INFO | main | main.py:106 | default root
2026-03-03 11:27:41,464 | INFO | main | main.py:106 | default root
2026-03-03 11:27:41,474 | INFO | main | main.py:106 | default root
2026-03-03 11:27:41,474 | INFO | main | main.py:106 | default root
2026-03-03 11:27:41,483 | INFO | main | main.py:106 | default root
2026-03-03 11:27:41,491 | INFO | main | main.py:106 | default root
2026-03-03 11:27:41,491 | INFO | main | main.py:106 | default root
2026-03-03 11:27:41,499 | INFO | main | main.py:106 | default root
2026-03-03 11:27:41,508 | INFO | main | main.py:106 | default root
2026-03-03 11:27:41,515 | INFO | main | main.py:106 | default root
2026-03-03 11:27:41,524 | INFO | main | main.py:106 | default root
2026-03-03 11:27:41,524 | INFO | main | main.py:106 | default root
2026-03-03 11:27:41,524 | INFO | main | main.py:106 | default root
2026-03-03 11:27:41,541 | INFO | main | main.py:106 | default root
2026-03-03 11:27:41,541 | INFO | main | main.py:106 | default root
2026-03-03 11:27:41,541 | INFO | main | main.py:106 | default root
2026-03-03 11:27:41,557 | INFO | main | main.py:106 | default root
2026-03-03 11:27:41,564 | INFO | main | main.py:106 | default root
2026-03-03 11:27:41,571 | INFO | main | main.py:106 | default root
2026-03-03 11:27:41,574 | INFO | main | main.py:106 | default root
2026-03-03 11:27:41,574 | INFO | main | main.py:106 | default root
2026-03-03 11:27:41,587 | INFO | main | main.py:106 | default root
2026-03-03 11:27:41,591 | INFO | main | main.py:106 | default root
2026-03-03 11:27:41,591 | INFO | main | main.py:106 | default root
2026-03-03 11:27:41,607 | INFO | main | main.py:106 | default root
2026-03-03 11:27:41,607 | INFO | main | main.py:106 | default root
2026-03-03 11:27:41,618 | INFO | main | main.py:106 | default root
2026-03-03 11:27:41,624 | INFO | main | main.py:106 | default root
2026-03-03 11:27:41,634 | INFO | main | main.py:106 | default root
2026-03-03 11:27:41,634 | INFO | main | main.py:106 | default root
2026-03-03 11:27:41,647 | INFO | main | main.py:106 | default root
2026-03-03 11:27:41,650 | INFO | main | main.py:106 | default root
2026-03-03 11:27:41,657 | INFO | main | main.py:106 | default root
2026-03-03 11:27:41,664 | INFO | main | main.py:106 | default root
2026-03-03 11:27:41,671 | INFO | main | main.py:106 | default root
2026-03-03 11:27:41,730 | INFO | main | main.py:106 | default root
2026-03-03 11:27:41,736 | INFO | main | main.py:106 | default root
2026-03-03 11:27:41,743 | INFO | main | main.py:106 | default root
2026-03-03 11:27:41,752 | INFO | main | main.py:106 | default root
2026-03-03 11:27:41,758 | INFO | main | main.py:106 | default root
2026-03-03 11:27:41,766 | INFO | main | main.py:106 | default root
2026-03-03 11:27:41,778 | INFO | main | main.py:106 | default root
2026-03-03 11:27:41,778 | INFO | main | main.py:106 | default root
2026-03-03 11:27:41,793 | INFO | main | main.py:106 | default root
2026-03-03 11:27:41,793 | INFO | main | main.py:106 | default root
2026-03-03 11:27:41,807 | INFO | main | main.py:106 | default root
2026-03-03 11:27:41,809 | INFO | main | main.py:106 | default root
2026-03-03 11:27:41,809 | INFO | main | main.py:106 | default root
2026-03-03 11:27:41,826 | INFO | main | main.py:106 | default root
2026-03-03 11:27:41,826 | INFO | main | main.py:106 | default root
2026-03-03 11:27:41,840 | INFO | main | main.py:106 | default root
2026-03-03 11:27:41,847 | INFO | main | main.py:106 | default root
2026-03-03 11:27:41,853 | INFO | main | main.py:106 | default root
2026-03-03 11:27:41,859 | INFO | main | main.py:106 | default root
2026-03-03 11:27:41,864 | INFO | main | main.py:106 | default root
2026-03-03 11:27:41,869 | INFO | main | main.py:106 | default root
2026-03-03 11:27:41,876 | INFO | main | main.py:106 | default root
2026-03-03 11:27:41,885 | INFO | main | main.py:106 | default root
2026-03-03 11:27:41,892 | INFO | main | main.py:106 | default root
2026-03-03 11:27:41,892 | INFO | main | main.py:106 | default root
2026-03-03 11:27:41,901 | INFO | main | main.py:106 | default root
2026-03-03 11:27:41,909 | INFO | main | main.py:106 | default root
2026-03-03 11:27:41,909 | INFO | main | main.py:106 | default root
2026-03-03 11:27:41,909 | INFO | main | main.py:106 | default root
2026-03-03 11:27:41,927 | INFO | main | main.py:106 | default root
2026-03-03 11:27:41,927 | INFO | main | main.py:106 | default root
2026-03-03 11:27:41,942 | INFO | main | main.py:106 | default root
2026-03-03 11:27:41,942 | INFO | main | main.py:106 | default root
2026-03-03 11:27:41,958 | INFO | main | main.py:106 | default root
2026-03-03 11:27:41,963 | INFO | main | main.py:106 | default root
2026-03-03 11:27:41,971 | INFO | main | main.py:106 | default root
2026-03-03 11:27:41,976 | INFO | main | main.py:106 | default root
2026-03-03 11:27:41,976 | INFO | main | main.py:106 | default root
2026-03-03 11:27:41,990 | INFO | main | main.py:106 | default root
2026-03-03 11:27:41,994 | INFO | main | main.py:106 | default root
2026-03-03 11:27:42,005 | INFO | main | main.py:106 | default root
2026-03-03 11:27:42,014 | INFO | main | main.py:106 | default root
2026-03-03 11:27:42,020 | INFO | main | main.py:106 | default root
2026-03-03 11:27:42,028 | INFO | main | main.py:106 | default root
2026-03-03 11:27:42,037 | INFO | main | main.py:106 | default root
2026-03-03 11:27:42,052 | INFO | main | main.py:106 | default root
2026-03-03 11:27:42,057 | INFO | main | main.py:106 | default root
2026-03-03 11:27:42,064 | INFO | main | main.py:106 | default root
2026-03-03 11:27:42,064 | INFO | main | main.py:106 | default root
2026-03-03 11:27:42,076 | INFO | main | main.py:106 | default root
2026-03-03 11:27:42,084 | INFO | main | main.py:106 | default root
2026-03-03 11:27:42,092 | INFO | main | main.py:106 | default root
2026-03-03 11:27:42,092 | INFO | main | main.py:106 | default root
2026-03-03 11:27:42,104 | INFO | main | main.py:106 | default root
2026-03-03 11:27:42,109 | INFO | main | main.py:106 | default root
2026-03-03 11:27:42,118 | INFO | main | main.py:106 | default root
2026-03-03 11:27:42,123 | INFO | main | main.py:106 | default root
2026-03-03 11:27:42,129 | INFO | main | main.py:106 | default root
2026-03-03 11:27:42,135 | INFO | main | main.py:106 | default root
2026-03-03 11:27:42,142 | INFO | main | main.py:106 | default root
2026-03-03 11:27:42,150 | INFO | main | main.py:106 | default root
2026-03-03 11:27:42,158 | INFO | main | main.py:106 | default root
2026-03-03 11:27:42,158 | INFO | main | main.py:106 | default root
2026-03-03 11:27:42,174 | INFO | main | main.py:106 | default root
2026-03-03 11:27:42,178 | INFO | main | main.py:106 | default root
2026-03-03 11:27:42,188 | INFO | main | main.py:106 | default root
2026-03-03 11:27:42,194 | INFO | main | main.py:106 | default root
2026-03-03 11:27:42,203 | INFO | main | main.py:106 | default root
2026-03-03 11:27:42,208 | INFO | main | main.py:106 | default root
2026-03-03 11:27:42,212 | INFO | main | main.py:106 | default root
2026-03-03 11:27:42,221 | INFO | main | main.py:106 | default root
2026-03-03 11:27:42,243 | INFO | main | main.py:106 | default root
2026-03-03 11:27:42,245 | INFO | main | main.py:106 | default root
2026-03-03 11:27:42,265 | INFO | main | main.py:106 | default root
2026-03-03 11:27:42,273 | INFO | main | main.py:106 | default root
2026-03-03 11:27:42,287 | INFO | main | main.py:106 | default root
2026-03-03 11:27:42,295 | INFO | main | main.py:106 | default root
2026-03-03 11:27:42,326 | INFO | main | main.py:106 | default root
2026-03-03 11:27:42,326 | INFO | main | main.py:106 | default root
2026-03-03 11:27:42,340 | INFO | main | main.py:106 | default root
2026-03-03 11:27:42,344 | INFO | main | main.py:106 | default root
2026-03-03 11:27:42,356 | INFO | main | main.py:106 | default root
2026-03-03 11:27:42,359 | INFO | main | main.py:106 | default root
2026-03-03 11:27:42,368 | INFO | main | main.py:106 | default root
2026-03-03 11:27:42,373 | INFO | main | main.py:106 | default root
2026-03-03 11:27:42,376 | INFO | main | main.py:106 | default root
2026-03-03 11:27:42,384 | INFO | main | main.py:106 | default root
2026-03-03 11:27:42,392 | INFO | main | main.py:106 | default root
2026-03-03 11:27:42,392 | INFO | main | main.py:106 | default root
2026-03-03 11:27:42,403 | INFO | main | main.py:106 | default root
2026-03-03 11:27:42,408 | INFO | main | main.py:106 | default root
2026-03-03 11:27:42,415 | INFO | main | main.py:106 | default root
2026-03-03 11:27:42,415 | INFO | main | main.py:106 | default root
2026-03-03 11:27:42,425 | INFO | main | main.py:106 | default root
2026-03-03 11:27:42,425 | INFO | main | main.py:106 | default root
2026-03-03 11:27:42,442 | INFO | main | main.py:106 | default root
2026-03-03 11:27:42,442 | INFO | main | main.py:106 | default root
2026-03-03 11:27:42,454 | INFO | main | main.py:106 | default root
2026-03-03 11:27:42,456 | INFO | main | main.py:106 | default root
2026-03-03 11:27:42,465 | INFO | main | main.py:106 | default root
2026-03-03 11:27:42,470 | INFO | main | main.py:106 | default root
2026-03-03 11:27:42,475 | INFO | main | main.py:106 | default root
2026-03-03 11:27:42,475 | INFO | main | main.py:106 | default root
2026-03-03 11:27:42,489 | INFO | main | main.py:106 | default root
2026-03-03 11:27:42,492 | INFO | main | main.py:106 | default root
2026-03-03 11:27:42,502 | INFO | main | main.py:106 | default root
2026-03-03 11:27:42,506 | INFO | main | main.py:106 | default root
2026-03-03 11:27:42,516 | INFO | main | main.py:106 | default root
2026-03-03 11:27:42,523 | INFO | main | main.py:106 | default root
2026-03-03 11:27:42,530 | INFO | main | main.py:106 | default root
2026-03-03 11:27:42,534 | INFO | main | main.py:106 | default root
2026-03-03 11:27:42,542 | INFO | main | main.py:106 | default root
2026-03-03 11:27:42,542 | INFO | main | main.py:106 | default root
2026-03-03 11:27:42,557 | INFO | main | main.py:106 | default root
2026-03-03 11:27:42,559 | INFO | main | main.py:106 | default root
2026-03-03 11:27:42,568 | INFO | main | main.py:106 | default root
2026-03-03 11:27:42,575 | INFO | main | main.py:106 | default root
2026-03-03 11:27:42,581 | INFO | main | main.py:106 | default root
2026-03-03 11:27:42,588 | INFO | main | main.py:106 | default root
2026-03-03 11:27:42,592 | INFO | main | main.py:106 | default root
2026-03-03 11:27:42,592 | INFO | main | main.py:106 | default root
2026-03-03 11:27:42,611 | INFO | main | main.py:106 | default root
2026-03-03 11:27:42,619 | INFO | main | main.py:106 | default root
2026-03-03 11:27:42,627 | INFO | main | main.py:106 | default root
2026-03-03 11:27:42,639 | INFO | main | main.py:106 | default root
2026-03-03 11:27:42,647 | INFO | main | main.py:106 | default root
2026-03-03 11:27:42,651 | INFO | main | main.py:106 | default root
2026-03-03 11:27:42,659 | INFO | main | main.py:106 | default root
2026-03-03 11:27:42,667 | INFO | main | main.py:106 | default root
2026-03-03 11:27:42,675 | INFO | main | main.py:106 | default root
2026-03-03 11:27:42,675 | INFO | main | main.py:106 | default root
2026-03-03 11:27:42,683 | INFO | main | main.py:106 | default root
2026-03-03 11:27:42,694 | INFO | main | main.py:106 | default root
2026-03-03 11:27:42,699 | INFO | main | main.py:106 | default root
2026-03-03 11:27:42,706 | INFO | main | main.py:106 | default root
2026-03-03 11:27:42,710 | INFO | main | main.py:106 | default root
2026-03-03 11:27:42,710 | INFO | main | main.py:106 | default root
2026-03-03 11:27:42,726 | INFO | main | main.py:106 | default root
2026-03-03 11:27:42,726 | INFO | main | main.py:106 | default root
2026-03-03 11:27:42,739 | INFO | main | main.py:106 | default root
2026-03-03 11:27:42,742 | INFO | main | main.py:106 | default root
2026-03-03 11:27:42,750 | INFO | main | main.py:106 | default root
2026-03-03 11:27:42,756 | INFO | main | main.py:106 | default root
2026-03-03 11:27:42,758 | INFO | main | main.py:106 | default root
2026-03-03 11:27:42,766 | INFO | main | main.py:106 | default root
2026-03-03 11:27:42,775 | INFO | main | main.py:106 | default root
2026-03-03 11:27:42,775 | INFO | main | main.py:106 | default root
2026-03-03 11:27:42,789 | INFO | main | main.py:106 | default root
2026-03-03 11:27:42,792 | INFO | main | main.py:106 | default root
2026-03-03 11:27:42,802 | INFO | main | main.py:106 | default root
2026-03-03 11:27:42,806 | INFO | main | main.py:106 | default root
2026-03-03 11:27:42,817 | INFO | main | main.py:106 | default root
2026-03-03 11:27:42,823 | INFO | main | main.py:106 | default root
2026-03-03 11:27:42,827 | INFO | main | main.py:106 | default root
2026-03-03 11:27:42,839 | INFO | main | main.py:106 | default root
2026-03-03 11:27:42,847 | INFO | main | main.py:106 | default root
2026-03-03 11:27:42,847 | INFO | main | main.py:106 | default root
2026-03-03 11:27:42,858 | INFO | main | main.py:106 | default root
2026-03-03 11:27:42,866 | INFO | main | main.py:106 | default root
2026-03-03 11:27:42,872 | INFO | main | main.py:106 | default root
2026-03-03 11:27:42,876 | INFO | main | main.py:106 | default root
2026-03-03 11:27:42,887 | INFO | main | main.py:106 | default root
2026-03-03 11:27:42,892 | INFO | main | main.py:106 | default root
2026-03-03 11:27:42,903 | INFO | main | main.py:106 | default root
2026-03-03 11:27:42,906 | INFO | main | main.py:106 | default root
2026-03-03 11:27:42,914 | INFO | main | main.py:106 | default root
2026-03-03 11:27:42,919 | INFO | main | main.py:106 | default root
2026-03-03 11:27:42,925 | INFO | main | main.py:106 | default root
2026-03-03 11:27:42,934 | INFO | main | main.py:106 | default root
2026-03-03 11:27:42,942 | INFO | main | main.py:106 | default root
2026-03-03 11:27:42,942 | INFO | main | main.py:106 | default root
2026-03-03 11:27:42,955 | INFO | main | main.py:106 | default root
2026-03-03 11:27:42,958 | INFO | main | main.py:106 | default root
2026-03-03 11:27:42,966 | INFO | main | main.py:106 | default root
2026-03-03 11:27:42,966 | INFO | main | main.py:106 | default root
2026-03-03 11:27:42,975 | INFO | main | main.py:106 | default root
2026-03-03 11:27:42,975 | INFO | main | main.py:106 | default root
2026-03-03 11:27:42,993 | INFO | main | main.py:106 | default root
2026-03-03 11:27:43,001 | INFO | main | main.py:106 | default root
2026-03-03 11:27:43,015 | INFO | main | main.py:106 | default root
2026-03-03 11:27:43,023 | INFO | main | main.py:106 | default root
2026-03-03 11:27:43,035 | INFO | main | main.py:106 | default root
2026-03-03 11:27:43,074 | INFO | main | main.py:106 | default root
2026-03-03 11:27:43,092 | INFO | main | main.py:106 | default root
2026-03-03 11:27:43,092 | INFO | main | main.py:106 | default root
2026-03-03 11:27:43,108 | INFO | main | main.py:106 | default root
2026-03-03 11:27:43,108 | INFO | main | main.py:106 | default root
2026-03-03 11:27:43,123 | INFO | main | main.py:106 | default root
2026-03-03 11:27:43,125 | INFO | main | main.py:106 | default root
2026-03-03 11:27:43,136 | INFO | main | main.py:106 | default root
2026-03-03 11:27:43,141 | INFO | main | main.py:106 | default root
2026-03-03 11:27:43,149 | INFO | main | main.py:106 | default root
2026-03-03 11:27:43,163 | INFO | main | main.py:106 | default root
2026-03-03 11:27:43,186 | INFO | main | main.py:106 | default root
2026-03-03 11:27:43,194 | INFO | main | main.py:106 | default root
2026-03-03 11:27:43,202 | INFO | main | main.py:106 | default root
2026-03-03 11:27:43,209 | INFO | main | main.py:106 | default root
2026-03-03 11:27:43,219 | INFO | main | main.py:106 | default root
2026-03-03 11:27:43,222 | INFO | main | main.py:106 | default root
2026-03-03 11:27:43,224 | INFO | main | main.py:106 | default root
2026-03-03 11:27:43,235 | INFO | main | main.py:106 | default root
2026-03-03 11:27:43,242 | INFO | main | main.py:106 | default root
2026-03-03 11:27:43,242 | INFO | main | main.py:106 | default root
2026-03-03 11:27:43,255 | INFO | main | main.py:106 | default root
2026-03-03 11:27:43,258 | INFO | main | main.py:106 | default root
2026-03-03 11:27:43,269 | INFO | main | main.py:106 | default root
2026-03-03 11:27:43,277 | INFO | main | main.py:106 | default root
2026-03-03 11:27:43,284 | INFO | main | main.py:106 | default root
2026-03-03 11:27:43,288 | INFO | main | main.py:106 | default root
2026-03-03 11:27:43,299 | INFO | main | main.py:106 | default root
2026-03-03 11:27:43,305 | INFO | main | main.py:106 | default root
2026-03-03 11:27:43,312 | INFO | main | main.py:106 | default root
2026-03-03 11:27:43,312 | INFO | main | main.py:106 | default root
2026-03-03 11:27:43,325 | INFO | main | main.py:106 | default root
2026-03-03 11:27:43,325 | INFO | main | main.py:106 | default root
2026-03-03 11:27:43,338 | INFO | main | main.py:106 | default root
2026-03-03 11:27:43,341 | INFO | main | main.py:106 | default root
2026-03-03 11:27:43,350 | INFO | main | main.py:106 | default root
2026-03-03 11:27:43,356 | INFO | main | main.py:106 | default root
2026-03-03 11:27:43,362 | INFO | main | main.py:106 | default root
2026-03-03 11:27:43,367 | INFO | main | main.py:106 | default root
2026-03-03 11:27:43,374 | INFO | main | main.py:106 | default root
2026-03-03 11:27:43,374 | INFO | main | main.py:106 | default root
2026-03-03 11:27:43,385 | INFO | main | main.py:106 | default root
2026-03-03 11:27:43,392 | INFO | main | main.py:106 | default root
2026-03-03 11:27:43,401 | INFO | main | main.py:106 | default root
2026-03-03 11:27:43,407 | INFO | main | main.py:106 | default root
2026-03-03 11:27:43,416 | INFO | main | main.py:106 | default root
2026-03-03 11:27:43,423 | INFO | main | main.py:106 | default root
2026-03-03 11:27:43,431 | INFO | main | main.py:106 | default root
2026-03-03 11:27:43,436 | INFO | main | main.py:106 | default root
2026-03-03 11:27:43,443 | INFO | main | main.py:106 | default root
2026-03-03 11:27:43,448 | INFO | main | main.py:106 | default root
2026-03-03 11:27:43,455 | INFO | main | main.py:106 | default root
2026-03-03 11:27:43,458 | INFO | main | main.py:106 | default root
2026-03-03 11:27:43,467 | INFO | main | main.py:106 | default root
2026-03-03 11:27:43,472 | INFO | main | main.py:106 | default root
2026-03-03 11:27:43,481 | INFO | main | main.py:106 | default root
2026-03-03 11:27:43,486 | INFO | main | main.py:106 | default root
2026-03-03 11:27:43,494 | INFO | main | main.py:106 | default root
2026-03-03 11:27:43,494 | INFO | main | main.py:106 | default root
2026-03-03 11:27:43,508 | INFO | main | main.py:106 | default root
2026-03-03 11:27:43,508 | INFO | main | main.py:106 | default root
2026-03-03 11:27:43,522 | INFO | main | main.py:106 | default root
2026-03-03 11:27:43,525 | INFO | main | main.py:106 | default root
2026-03-03 11:27:43,534 | INFO | main | main.py:106 | default root
2026-03-03 11:27:43,538 | INFO | main | main.py:106 | default root
2026-03-03 11:27:43,544 | INFO | main | main.py:106 | default root
2026-03-03 11:27:43,550 | INFO | main | main.py:106 | default root
2026-03-03 11:27:43,555 | INFO | main | main.py:106 | default root
2026-03-03 11:27:43,558 | INFO | main | main.py:106 | default root
2026-03-03 11:27:43,567 | INFO | main | main.py:106 | default root
2026-03-03 11:27:43,572 | INFO | main | main.py:106 | default root
2026-03-03 11:27:43,581 | INFO | main | main.py:106 | default root
2026-03-03 11:27:43,586 | INFO | main | main.py:106 | default root
2026-03-03 11:27:43,592 | INFO | main | main.py:106 | default root
2026-03-03 11:27:43,603 | INFO | main | main.py:106 | default root
2026-03-03 11:27:43,611 | INFO | main | main.py:106 | default root
2026-03-03 11:27:43,611 | INFO | main | main.py:106 | default root
2026-03-03 11:27:43,627 | INFO | main | main.py:106 | default root
2026-03-03 11:27:43,627 | INFO | main | main.py:106 | default root
2026-03-03 11:27:43,636 | INFO | main | main.py:106 | default root
2026-03-03 11:27:43,641 | INFO | main | main.py:106 | default root
2026-03-03 11:27:43,648 | INFO | main | main.py:106 | default root
2026-03-03 11:27:43,654 | INFO | main | main.py:106 | default root
2026-03-03 11:27:43,660 | INFO | main | main.py:106 | default root
2026-03-03 11:27:43,660 | INFO | main | main.py:106 | default root
2026-03-03 11:27:43,675 | INFO | main | main.py:106 | default root
2026-03-03 11:27:43,675 | INFO | main | main.py:106 | default root
2026-03-03 11:27:43,684 | INFO | main | main.py:106 | default root
2026-03-03 11:27:43,688 | INFO | main | main.py:106 | default root
2026-03-03 11:27:43,696 | INFO | main | main.py:106 | default root
2026-03-03 11:27:43,702 | INFO | main | main.py:106 | default root
2026-03-03 11:27:43,708 | INFO | main | main.py:106 | default root
2026-03-03 11:27:43,708 | INFO | main | main.py:106 | default root
2026-03-03 11:27:43,722 | INFO | main | main.py:106 | default root
2026-03-03 11:27:43,725 | INFO | main | main.py:106 | default root
2026-03-03 11:27:43,734 | INFO | main | main.py:106 | default root
2026-03-03 11:27:43,738 | INFO | main | main.py:106 | default root
2026-03-03 11:27:43,747 | INFO | main | main.py:106 | default root
2026-03-03 11:27:43,750 | INFO | main | main.py:106 | default root
2026-03-03 11:27:43,758 | INFO | main | main.py:106 | default root
2026-03-03 11:27:43,758 | INFO | main | main.py:106 | default root
2026-03-03 11:27:43,772 | INFO | main | main.py:106 | default root
2026-03-03 11:27:43,775 | INFO | main | main.py:106 | default root
2026-03-03 11:27:43,775 | INFO | main | main.py:106 | default root
2026-03-03 11:27:43,791 | INFO | main | main.py:106 | default root
2026-03-03 11:27:43,797 | INFO | main | main.py:106 | default root
2026-03-03 11:27:43,804 | INFO | main | main.py:106 | default root
2026-03-03 11:27:43,809 | INFO | main | main.py:106 | default root
2026-03-03 11:27:43,809 | INFO | main | main.py:106 | default root
2026-03-03 11:27:43,824 | INFO | main | main.py:106 | default root
2026-03-03 11:27:43,824 | INFO | main | main.py:106 | default root
2026-03-03 11:27:43,835 | INFO | main | main.py:106 | default root
2026-03-03 11:27:43,841 | INFO | main | main.py:106 | default root
2026-03-03 11:27:43,850 | INFO | main | main.py:106 | default root
2026-03-03 11:27:43,853 | INFO | main | main.py:106 | default root
2026-03-03 11:27:43,858 | INFO | main | main.py:106 | default root
2026-03-03 11:27:43,858 | INFO | main | main.py:106 | default root
2026-03-03 11:27:43,874 | INFO | main | main.py:106 | default root
2026-03-03 11:27:43,874 | INFO | main | main.py:106 | default root
2026-03-03 11:27:43,884 | INFO | main | main.py:106 | default root
2026-03-03 11:27:43,891 | INFO | main | main.py:106 | default root
2026-03-03 11:27:43,900 | INFO | main | main.py:106 | default root
2026-03-03 11:27:43,905 | INFO | main | main.py:106 | default root
2026-03-03 11:27:43,916 | INFO | main | main.py:106 | default root
2026-03-03 11:27:43,921 | INFO | main | main.py:106 | default root
2026-03-03 11:27:43,928 | INFO | main | main.py:106 | default root
2026-03-03 11:27:43,932 | INFO | main | main.py:106 | default root
2026-03-03 11:27:43,941 | INFO | main | main.py:106 | default root
2026-03-03 11:27:43,941 | INFO | main | main.py:106 | default root
2026-03-03 11:27:43,951 | INFO | main | main.py:106 | default root
2026-03-03 11:27:43,959 | INFO | main | main.py:106 | default root
2026-03-03 11:27:43,965 | INFO | main | main.py:106 | default root
2026-03-03 11:27:43,971 | INFO | main | main.py:106 | default root
2026-03-03 11:27:43,975 | INFO | main | main.py:106 | default root
2026-03-03 11:27:43,975 | INFO | main | main.py:106 | default root
2026-03-03 11:27:43,988 | INFO | main | main.py:106 | default root
2026-03-03 11:27:43,992 | INFO | main | main.py:106 | default root
2026-03-03 11:27:44,005 | INFO | main | main.py:106 | default root
2026-03-03 11:27:44,010 | INFO | main | main.py:106 | default root
2026-03-03 11:27:44,017 | INFO | main | main.py:106 | default root
2026-03-03 11:27:44,021 | INFO | main | main.py:106 | default root
2026-03-03 11:27:44,046 | INFO | main | main.py:106 | default root
2026-03-03 11:27:44,054 | INFO | main | main.py:106 | default root
2026-03-03 11:27:44,073 | INFO | main | main.py:106 | default root
2026-03-03 11:27:44,080 | INFO | main | main.py:106 | default root
2026-03-03 11:27:44,094 | INFO | main | main.py:106 | default root
2026-03-03 11:27:44,102 | INFO | main | main.py:106 | default root
2026-03-03 11:27:44,233 | INFO | main | main.py:106 | default root
2026-03-03 11:27:44,237 | INFO | main | main.py:106 | default root
2026-03-03 11:27:44,241 | INFO | main | main.py:106 | default root
2026-03-03 11:27:44,246 | INFO | main | main.py:106 | default root
2026-03-03 11:27:44,250 | INFO | main | main.py:106 | default root
2026-03-03 11:27:44,256 | INFO | main | main.py:106 | default root
2026-03-03 11:27:44,258 | INFO | main | main.py:106 | default root
2026-03-03 11:27:44,266 | INFO | main | main.py:106 | default root
2026-03-03 11:27:44,271 | INFO | main | main.py:106 | default root
2026-03-03 11:27:44,280 | INFO | main | main.py:106 | default root
2026-03-03 11:27:44,284 | INFO | main | main.py:106 | default root
2026-03-03 11:27:44,290 | INFO | main | main.py:106 | default root
2026-03-03 11:27:44,291 | INFO | main | main.py:106 | default root
2026-03-03 11:27:44,299 | INFO | main | main.py:106 | default root
2026-03-03 11:27:44,307 | INFO | main | main.py:106 | default root
2026-03-03 11:27:44,315 | INFO | main | main.py:106 | default root
2026-03-03 11:27:44,324 | INFO | main | main.py:106 | default root
2026-03-03 11:27:44,330 | INFO | main | main.py:106 | default root
2026-03-03 11:27:44,341 | INFO | main | main.py:106 | default root
2026-03-03 11:27:44,349 | INFO | main | main.py:106 | default root
2026-03-03 11:27:44,353 | INFO | main | main.py:106 | default root
2026-03-03 11:27:44,355 | INFO | main | main.py:106 | default root
2026-03-03 11:27:44,368 | INFO | main | main.py:106 | default root
2026-03-03 11:27:44,371 | INFO | main | main.py:106 | default root
2026-03-03 11:27:44,382 | INFO | main | main.py:106 | default root
2026-03-03 11:27:44,389 | INFO | main | main.py:106 | default root
2026-03-03 11:27:44,396 | INFO | main | main.py:106 | default root
2026-03-03 11:27:44,400 | INFO | main | main.py:106 | default root
2026-03-03 11:27:44,404 | INFO | main | main.py:106 | default root
2026-03-03 11:27:44,408 | INFO | main | main.py:106 | default root
2026-03-03 11:27:44,415 | INFO | main | main.py:106 | default root
2026-03-03 11:27:44,420 | INFO | main | main.py:106 | default root
2026-03-03 11:27:44,427 | INFO | main | main.py:106 | default root
2026-03-03 11:27:44,435 | INFO | main | main.py:106 | default root
2026-03-03 11:27:44,439 | INFO | main | main.py:106 | default root
2026-03-03 11:27:44,445 | INFO | main | main.py:106 | default root
2026-03-03 11:27:44,453 | INFO | main | main.py:106 | default root
2026-03-03 11:27:44,461 | INFO | main | main.py:106 | default root
2026-03-03 11:27:44,466 | INFO | main | main.py:106 | default root
2026-03-03 11:27:44,471 | INFO | main | main.py:106 | default root
2026-03-03 11:27:44,478 | INFO | main | main.py:106 | default root
2026-03-03 11:27:44,484 | INFO | main | main.py:106 | default root
2026-03-03 11:27:44,490 | INFO | main | main.py:106 | default root
2026-03-03 11:27:44,499 | INFO | main | main.py:106 | default root
2026-03-03 11:27:44,504 | INFO | main | main.py:106 | default root
2026-03-03 11:27:44,510 | INFO | main | main.py:106 | default root
2026-03-03 11:27:44,514 | INFO | main | main.py:106 | default root
2026-03-03 11:27:44,520 | INFO | main | main.py:106 | default root
2026-03-03 11:27:44,531 | INFO | main | main.py:106 | default root
2026-03-03 11:27:44,535 | INFO | main | main.py:106 | default root
2026-03-03 11:27:44,539 | INFO | main | main.py:106 | default root
2026-03-03 11:27:44,543 | INFO | main | main.py:106 | default root
2026-03-03 11:27:44,551 | INFO | main | main.py:106 | default root
2026-03-03 11:27:44,551 | INFO | main | main.py:106 | default root
2026-03-03 11:27:44,559 | INFO | main | main.py:106 | default root
2026-03-03 11:27:44,563 | INFO | main | main.py:106 | default root
2026-03-03 11:27:44,568 | INFO | main | main.py:106 | default root
2026-03-03 11:27:44,571 | INFO | main | main.py:106 | default root
2026-03-03 11:27:44,578 | INFO | main | main.py:106 | default root
2026-03-03 11:27:44,580 | INFO | main | main.py:106 | default root
2026-03-03 11:27:44,584 | INFO | main | main.py:106 | default root
2026-03-03 11:27:44,587 | INFO | main | main.py:106 | default root
2026-03-03 11:27:44,593 | INFO | main | main.py:106 | default root
2026-03-03 11:27:44,593 | INFO | main | main.py:106 | default root
2026-03-03 11:27:44,602 | INFO | main | main.py:106 | default root
2026-03-03 11:27:44,608 | INFO | main | main.py:106 | default root
2026-03-03 11:27:44,613 | INFO | main | main.py:106 | default root
2026-03-03 11:27:44,620 | INFO | main | main.py:106 | default root
2026-03-03 11:27:44,625 | INFO | main | main.py:106 | default root
2026-03-03 11:27:44,631 | INFO | main | main.py:106 | default root
2026-03-03 11:27:44,637 | INFO | main | main.py:106 | default root
2026-03-03 11:27:44,644 | INFO | main | main.py:106 | default root
2026-03-03 11:27:44,648 | INFO | main | main.py:106 | default root
2026-03-03 11:27:44,659 | INFO | main | main.py:106 | default root
2026-03-03 11:27:44,665 | INFO | main | main.py:106 | default root
2026-03-03 11:27:44,675 | INFO | main | main.py:106 | default root
2026-03-03 11:27:44,680 | INFO | main | main.py:106 | default root
2026-03-03 11:27:44,683 | INFO | main | main.py:106 | default root
2026-03-03 11:27:44,691 | INFO | main | main.py:106 | default root
2026-03-03 11:27:44,696 | INFO | main | main.py:106 | default root
2026-03-03 11:27:44,701 | INFO | main | main.py:106 | default root
2026-03-03 11:27:44,707 | INFO | main | main.py:106 | default root
2026-03-03 11:27:44,712 | INFO | main | main.py:106 | default root
2026-03-03 11:27:44,716 | INFO | main | main.py:106 | default root
2026-03-03 11:27:44,723 | INFO | main | main.py:106 | default root
2026-03-03 11:27:44,729 | INFO | main | main.py:106 | default root
2026-03-03 11:27:44,733 | INFO | main | main.py:106 | default root
2026-03-03 11:27:44,735 | INFO | main | main.py:106 | default root
2026-03-03 11:27:44,742 | INFO | main | main.py:106 | default root
2026-03-03 11:27:44,745 | INFO | main | main.py:106 | default root
2026-03-03 11:27:44,749 | INFO | main | main.py:106 | default root
2026-03-03 11:27:44,754 | INFO | main | main.py:106 | default root
2026-03-03 11:27:44,760 | INFO | main | main.py:106 | default root
2026-03-03 11:27:44,763 | INFO | main | main.py:106 | default root
2026-03-03 11:27:44,768 | INFO | main | main.py:106 | default root
2026-03-03 11:27:44,771 | INFO | main | main.py:106 | default root
2026-03-03 11:27:44,778 | INFO | main | main.py:106 | default root
2026-03-03 11:27:44,778 | INFO | main | main.py:106 | default root
2026-03-03 11:27:44,786 | INFO | main | main.py:106 | default root
2026-03-03 11:27:44,786 | INFO | main | main.py:106 | default root
2026-03-03 11:27:44,794 | INFO | main | main.py:106 | default root
2026-03-03 11:27:44,796 | INFO | main | main.py:106 | default root
2026-03-03 11:27:44,804 | INFO | main | main.py:106 | default root
2026-03-03 11:27:44,804 | INFO | main | main.py:106 | default root
2026-03-03 11:27:44,810 | INFO | main | main.py:106 | default root
2026-03-03 11:27:44,815 | INFO | main | main.py:106 | default root
2026-03-03 11:27:44,821 | INFO | main | main.py:106 | default root
2026-03-03 11:27:44,826 | INFO | main | main.py:106 | default root
2026-03-03 11:27:44,829 | INFO | main | main.py:106 | default root
2026-03-03 11:27:44,835 | INFO | main | main.py:106 | default root
2026-03-03 11:27:44,837 | INFO | main | main.py:106 | default root
2026-03-03 11:27:44,845 | INFO | main | main.py:106 | default root
2026-03-03 11:27:44,849 | INFO | main | main.py:106 | default root
2026-03-03 11:27:44,853 | INFO | main | main.py:106 | default root
2026-03-03 11:27:44,854 | INFO | main | main.py:106 | default root
2026-03-03 11:27:44,862 | INFO | main | main.py:106 | default root
2026-03-03 11:27:44,862 | INFO | main | main.py:106 | default root
2026-03-03 11:27:44,871 | INFO | main | main.py:106 | default root
2026-03-03 11:27:44,874 | INFO | main | main.py:106 | default root
2026-03-03 11:27:44,880 | INFO | main | main.py:106 | default root
2026-03-03 11:27:44,884 | INFO | main | main.py:106 | default root
2026-03-03 11:27:44,886 | INFO | main | main.py:106 | default root
2026-03-03 11:27:44,886 | INFO | main | main.py:106 | default root
2026-03-03 11:27:44,894 | INFO | main | main.py:106 | default root
2026-03-03 11:27:44,901 | INFO | main | main.py:106 | default root
2026-03-03 11:27:44,902 | INFO | main | main.py:106 | default root
2026-03-03 11:27:44,911 | INFO | main | main.py:106 | default root
2026-03-03 11:27:44,914 | INFO | main | main.py:106 | default root
2026-03-03 11:27:44,916 | INFO | main | main.py:106 | default root
2026-03-03 11:27:44,923 | INFO | main | main.py:106 | default root
2026-03-03 11:27:44,927 | INFO | main | main.py:106 | default root
2026-03-03 11:27:44,933 | INFO | main | main.py:106 | default root
2026-03-03 11:27:44,937 | INFO | main | main.py:106 | default root
2026-03-03 11:27:44,943 | INFO | main | main.py:106 | default root
2026-03-03 11:27:44,946 | INFO | main | main.py:106 | default root
2026-03-03 11:27:44,951 | INFO | main | main.py:106 | default root
2026-03-03 11:27:44,951 | INFO | main | main.py:106 | default root
2026-03-03 11:27:44,959 | INFO | main | main.py:106 | default root
2026-03-03 11:27:44,965 | INFO | main | main.py:106 | default root
2026-03-03 11:27:44,969 | INFO | main | main.py:106 | default root
2026-03-03 11:27:44,975 | INFO | main | main.py:106 | default root
2026-03-03 11:27:44,977 | INFO | main | main.py:106 | default root
2026-03-03 11:27:44,977 | INFO | main | main.py:106 | default root
2026-03-03 11:27:44,987 | INFO | main | main.py:106 | default root
2026-03-03 11:27:44,994 | INFO | main | main.py:106 | default root
2026-03-03 11:27:44,994 | INFO | main | main.py:106 | default root
2026-03-03 11:27:44,994 | INFO | main | main.py:106 | default root
2026-03-03 11:27:45,004 | INFO | main | main.py:106 | default root
2026-03-03 11:27:45,010 | INFO | main | main.py:106 | default root
2026-03-03 11:27:45,010 | INFO | main | main.py:106 | default root
2026-03-03 11:27:45,010 | INFO | main | main.py:106 | default root
2026-03-03 11:27:45,018 | INFO | main | main.py:106 | default root
2026-03-03 11:27:45,027 | INFO | main | main.py:106 | default root
2026-03-03 11:27:45,027 | INFO | main | main.py:106 | default root
2026-03-03 11:27:45,035 | INFO | main | main.py:106 | default root
2026-03-03 11:27:45,037 | INFO | main | main.py:106 | default root
2026-03-03 11:27:45,043 | INFO | main | main.py:106 | default root
2026-03-03 11:27:45,047 | INFO | main | main.py:106 | default root
2026-03-03 11:27:45,051 | INFO | main | main.py:106 | default root
2026-03-03 11:27:45,054 | INFO | main | main.py:106 | default root
2026-03-03 11:27:45,059 | INFO | main | main.py:106 | default root
2026-03-03 11:27:45,059 | INFO | main | main.py:106 | default root
2026-03-03 11:27:45,059 | INFO | main | main.py:106 | default root
2026-03-03 11:27:45,070 | INFO | main | main.py:106 | default root
2026-03-03 11:27:45,076 | INFO | main | main.py:106 | default root
2026-03-03 11:27:45,076 | INFO | main | main.py:106 | default root
2026-03-03 11:27:45,076 | INFO | main | main.py:106 | default root
2026-03-03 11:27:45,087 | INFO | main | main.py:106 | default root
2026-03-03 11:27:45,093 | INFO | main | main.py:106 | default root
2026-03-03 11:27:45,095 | INFO | main | main.py:106 | default root
2026-03-03 11:27:45,100 | INFO | main | main.py:106 | default root
2026-03-03 11:27:45,103 | INFO | main | main.py:106 | default root
2026-03-03 11:27:45,110 | INFO | main | main.py:106 | default root
2026-03-03 11:27:45,110 | INFO | main | main.py:106 | default root
2026-03-03 11:27:45,118 | INFO | main | main.py:106 | default root
2026-03-03 11:27:45,126 | INFO | main | main.py:106 | default root
2026-03-03 11:27:45,130 | INFO | main | main.py:106 | default root
2026-03-03 11:27:45,132 | INFO | main | main.py:106 | default root
2026-03-03 11:27:45,137 | INFO | main | main.py:106 | default root
2026-03-03 11:27:45,143 | INFO | main | main.py:106 | default root
2026-03-03 11:27:45,147 | INFO | main | main.py:106 | default root
2026-03-03 11:27:45,152 | INFO | main | main.py:106 | default root
2026-03-03 11:27:45,155 | INFO | main | main.py:106 | default root
2026-03-03 11:27:45,158 | INFO | main | main.py:106 | default root
2026-03-03 11:27:45,166 | INFO | main | main.py:106 | default root
2026-03-03 11:27:45,170 | INFO | main | main.py:106 | default root
2026-03-03 11:27:45,177 | INFO | main | main.py:106 | default root
2026-03-03 11:27:45,181 | INFO | main | main.py:106 | default root
2026-03-03 11:27:45,183 | INFO | main | main.py:106 | default root
2026-03-03 11:27:45,189 | INFO | main | main.py:106 | default root
2026-03-03 11:27:45,191 | INFO | main | main.py:106 | default root
2026-03-03 11:27:45,198 | INFO | main | main.py:106 | default root
2026-03-03 11:27:45,203 | INFO | main | main.py:106 | default root
2026-03-03 11:27:45,207 | INFO | main | main.py:106 | default root
2026-03-03 11:27:45,212 | INFO | main | main.py:106 | default root
2026-03-03 11:27:45,216 | INFO | main | main.py:106 | default root
2026-03-03 11:27:45,220 | INFO | main | main.py:106 | default root
2026-03-03 11:27:45,223 | INFO | main | main.py:106 | default root
2026-03-03 11:27:45,228 | INFO | main | main.py:106 | default root
2026-03-03 11:27:45,232 | INFO | main | main.py:106 | default root
2026-03-03 11:27:45,235 | INFO | main | main.py:106 | default root
2026-03-03 11:27:45,240 | INFO | main | main.py:106 | default root
2026-03-03 11:27:45,246 | INFO | main | main.py:106 | default root
2026-03-03 11:27:45,250 | INFO | main | main.py:106 | default root
2026-03-03 11:27:45,254 | INFO | main | main.py:106 | default root
2026-03-03 11:27:45,260 | INFO | main | main.py:106 | default root
2026-03-03 11:27:45,264 | INFO | main | main.py:106 | default root
2026-03-03 11:27:45,269 | INFO | main | main.py:106 | default root
2026-03-03 11:27:45,276 | INFO | main | main.py:106 | default root
2026-03-03 11:27:45,279 | INFO | main | main.py:106 | default root
2026-03-03 11:27:45,283 | INFO | main | main.py:106 | default root
2026-03-03 11:27:45,287 | INFO | main | main.py:106 | default root
2026-03-03 11:27:45,292 | INFO | main | main.py:106 | default root
2026-03-03 11:27:45,306 | INFO | main | main.py:106 | default root
2026-03-03 11:27:45,313 | INFO | main | main.py:106 | default root
2026-03-03 11:27:45,316 | INFO | main | main.py:106 | default root
2026-03-03 11:27:45,326 | INFO | main | main.py:106 | default root
2026-03-03 11:27:45,333 | INFO | main | main.py:106 | default root
2026-03-03 11:27:45,333 | INFO | main | main.py:106 | default root
2026-03-03 11:27:45,341 | INFO | main | main.py:106 | default root
2026-03-03 11:27:45,346 | INFO | main | main.py:106 | default root
2026-03-03 11:27:45,354 | INFO | main | main.py:106 | default root
2026-03-03 11:27:45,357 | INFO | main | main.py:106 | default root
2026-03-03 11:27:45,364 | INFO | main | main.py:106 | default root
2026-03-03 11:27:45,369 | INFO | main | main.py:106 | default root
2026-03-03 11:27:45,374 | INFO | main | main.py:106 | default root
2026-03-03 11:27:45,374 | INFO | main | main.py:106 | default root
2026-03-03 11:27:45,381 | INFO | main | main.py:106 | default root
2026-03-03 11:27:45,387 | INFO | main | main.py:106 | default root
2026-03-03 11:27:45,389 | INFO | main | main.py:106 | default root
2026-03-03 11:27:45,395 | INFO | main | main.py:106 | default root
2026-03-03 11:27:45,399 | INFO | main | main.py:106 | default root
2026-03-03 11:27:45,403 | INFO | main | main.py:106 | default root
2026-03-03 11:27:45,405 | INFO | main | main.py:106 | default root
2026-03-03 11:27:45,411 | INFO | main | main.py:106 | default root
2026-03-03 11:27:45,411 | INFO | main | main.py:106 | default root
2026-03-03 11:27:45,420 | INFO | main | main.py:106 | default root
2026-03-03 11:27:45,420 | INFO | main | main.py:106 | default root
2026-03-03 11:27:45,428 | INFO | main | main.py:106 | default root
2026-03-03 11:27:45,430 | INFO | main | main.py:106 | default root
2026-03-03 11:27:45,437 | INFO | main | main.py:106 | default root
2026-03-03 11:27:45,437 | INFO | main | main.py:106 | default root
2026-03-03 11:27:45,445 | INFO | main | main.py:106 | default root
2026-03-03 11:27:45,445 | INFO | main | main.py:106 | default root
2026-03-03 11:27:45,453 | INFO | main | main.py:106 | default root
2026-03-03 11:27:45,453 | INFO | main | main.py:106 | default root
2026-03-03 11:27:45,461 | INFO | main | main.py:106 | default root
2026-03-03 11:27:45,461 | INFO | main | main.py:106 | default root
2026-03-03 11:27:45,470 | INFO | main | main.py:106 | default root
2026-03-03 11:27:45,470 | INFO | main | main.py:106 | default root
2026-03-03 11:27:45,477 | INFO | main | main.py:106 | default root
2026-03-03 11:27:45,482 | INFO | main | main.py:106 | default root
2026-03-03 11:27:45,487 | INFO | main | main.py:106 | default root
2026-03-03 11:27:45,487 | INFO | main | main.py:106 | default root
2026-03-03 11:27:45,495 | INFO | main | main.py:106 | default root
2026-03-03 11:27:45,496 | INFO | main | main.py:106 | default root
2026-03-03 11:27:45,503 | INFO | main | main.py:106 | default root
2026-03-03 11:27:45,505 | INFO | main | main.py:106 | default root
2026-03-03 11:27:45,512 | INFO | main | main.py:106 | default root
2026-03-03 11:27:45,512 | INFO | main | main.py:106 | default root
2026-03-03 11:27:45,512 | INFO | main | main.py:106 | default root
2026-03-03 11:27:45,524 | INFO | main | main.py:106 | default root
2026-03-03 11:27:45,528 | INFO | main | main.py:106 | default root
2026-03-03 11:27:45,531 | INFO | main | main.py:106 | default root
2026-03-03 11:27:45,536 | INFO | main | main.py:106 | default root
2026-03-03 11:27:45,537 | INFO | main | main.py:106 | default root
2026-03-03 11:27:45,544 | INFO | main | main.py:106 | default root
2026-03-03 11:27:45,544 | INFO | main | main.py:106 | default root
2026-03-03 11:27:45,553 | INFO | main | main.py:106 | default root
2026-03-03 11:27:45,553 | INFO | main | main.py:106 | default root
2026-03-03 11:27:45,561 | INFO | main | main.py:106 | default root
2026-03-03 11:27:45,561 | INFO | main | main.py:106 | default root
2026-03-03 11:27:45,570 | INFO | main | main.py:106 | default root
2026-03-03 11:27:45,570 | INFO | main | main.py:106 | default root
2026-03-03 11:27:45,577 | INFO | main | main.py:106 | default root
2026-03-03 11:27:45,577 | INFO | main | main.py:106 | default root
2026-03-03 11:27:45,587 | INFO | main | main.py:106 | default root
2026-03-03 11:27:45,594 | INFO | main | main.py:106 | default root
2026-03-03 11:27:45,594 | INFO | main | main.py:106 | default root
2026-03-03 11:27:45,594 | INFO | main | main.py:106 | default root
2026-03-03 11:27:45,602 | INFO | main | main.py:106 | default root
2026-03-03 11:27:45,611 | INFO | main | main.py:106 | default root
2026-03-03 11:27:45,615 | INFO | main | main.py:106 | default root
2026-03-03 11:27:45,620 | INFO | main | main.py:106 | default root
2026-03-03 11:27:45,625 | INFO | main | main.py:106 | default root
2026-03-03 11:27:45,628 | INFO | main | main.py:106 | default root
2026-03-03 11:27:45,632 | INFO | main | main.py:106 | default root
2026-03-03 11:27:45,638 | INFO | main | main.py:106 | default root
2026-03-03 11:27:45,640 | INFO | main | main.py:106 | default root
2026-03-03 11:27:45,644 | INFO | main | main.py:106 | default root
2026-03-03 11:27:45,644 | INFO | main | main.py:106 | default root
2026-03-03 11:27:45,653 | INFO | main | main.py:106 | default root
2026-03-03 11:27:45,654 | INFO | main | main.py:106 | default root
2026-03-03 11:27:45,661 | INFO | main | main.py:106 | default root
2026-03-03 11:27:45,661 | INFO | main | main.py:106 | default root
2026-03-03 11:27:45,669 | INFO | main | main.py:106 | default root
2026-03-03 11:27:45,669 | INFO | main | main.py:106 | default root
2026-03-03 11:27:45,677 | INFO | main | main.py:106 | default root
2026-03-03 11:27:45,680 | INFO | main | main.py:106 | default root
2026-03-03 11:27:45,686 | INFO | main | main.py:106 | default root
2026-03-03 11:27:45,686 | INFO | main | main.py:106 | default root
2026-03-03 11:27:45,694 | INFO | main | main.py:106 | default root
2026-03-03 11:27:45,694 | INFO | main | main.py:106 | default root
2026-03-03 11:27:45,694 | INFO | main | main.py:106 | default root
2026-03-03 11:27:45,703 | INFO | main | main.py:106 | default root
2026-03-03 11:27:45,710 | INFO | main | main.py:106 | default root
2026-03-03 11:27:45,710 | INFO | main | main.py:106 | default root
2026-03-03 11:27:45,710 | INFO | main | main.py:106 | default root
2026-03-03 11:27:45,722 | INFO | main | main.py:106 | default root
2026-03-03 11:27:45,727 | INFO | main | main.py:106 | default root
2026-03-03 11:27:45,727 | INFO | main | main.py:106 | default root
2026-03-03 11:27:45,727 | INFO | main | main.py:106 | default root
2026-03-03 11:27:45,736 | INFO | main | main.py:106 | default root
2026-03-03 11:27:45,743 | INFO | main | main.py:106 | default root
2026-03-03 11:27:45,743 | INFO | main | main.py:106 | default root
2026-03-03 11:27:45,743 | INFO | main | main.py:106 | default root
2026-03-03 11:27:45,756 | INFO | main | main.py:106 | default root
2026-03-03 11:27:45,816 | INFO | main | main.py:106 | default root
2026-03-03 11:27:45,820 | INFO | main | main.py:106 | default root
2026-03-03 11:27:45,826 | INFO | main | main.py:106 | default root
2026-03-03 11:27:45,833 | INFO | main | main.py:106 | default root
2026-03-03 11:27:45,836 | INFO | main | main.py:106 | default root
2026-03-03 11:27:45,841 | INFO | main | main.py:106 | default root
2026-03-03 11:27:45,857 | INFO | main | main.py:106 | default root
2026-03-03 11:27:45,865 | INFO | main | main.py:106 | default root
2026-03-03 11:27:45,881 | INFO | main | main.py:106 | default root
2026-03-03 11:27:45,890 | INFO | main | main.py:106 | default root
2026-03-03 11:27:45,898 | INFO | main | main.py:106 | default root
2026-03-03 11:27:45,929 | INFO | main | main.py:106 | default root
2026-03-03 11:27:45,968 | INFO | main | main.py:106 | default root
2026-03-03 11:27:45,980 | INFO | main | main.py:106 | default root
2026-03-03 11:27:45,986 | INFO | main | main.py:106 | default root
2026-03-03 11:27:45,996 | INFO | main | main.py:106 | default root
2026-03-03 11:27:46,000 | INFO | main | main.py:106 | default root
2026-03-03 11:27:46,008 | INFO | main | main.py:106 | default root
2026-03-03 11:27:46,020 | INFO | main | main.py:106 | default root
2026-03-03 11:27:46,029 | INFO | main | main.py:106 | default root
2026-03-03 11:27:46,034 | INFO | main | main.py:106 | default root
2026-03-03 11:27:46,040 | INFO | main | main.py:106 | default root
2026-03-03 11:27:46,044 | INFO | main | main.py:106 | default root
2026-03-03 11:27:46,047 | INFO | main | main.py:106 | default root
2026-03-03 11:27:46,050 | INFO | main | main.py:106 | default root
2026-03-03 11:27:46,056 | INFO | main | main.py:106 | default root
2026-03-03 11:27:46,060 | INFO | main | main.py:106 | default root
2026-03-03 11:27:46,064 | INFO | main | main.py:106 | default root
2026-03-03 11:27:46,068 | INFO | main | main.py:106 | default root
2026-03-03 11:27:46,072 | INFO | main | main.py:106 | default root
2026-03-03 11:27:46,072 | INFO | main | main.py:106 | default root
2026-03-03 11:27:46,080 | INFO | main | main.py:106 | default root
2026-03-03 11:27:46,080 | INFO | main | main.py:106 | default root
2026-03-03 11:27:46,089 | INFO | main | main.py:106 | default root
2026-03-03 11:27:46,089 | INFO | main | main.py:106 | default root
2026-03-03 11:27:46,096 | INFO | main | main.py:106 | default root
2026-03-03 11:27:46,096 | INFO | main | main.py:106 | default root
2026-03-03 11:27:46,105 | INFO | main | main.py:106 | default root
2026-03-03 11:27:46,105 | INFO | main | main.py:106 | default root
2026-03-03 11:27:46,113 | INFO | main | main.py:106 | default root
2026-03-03 11:27:46,113 | INFO | main | main.py:106 | default root
2026-03-03 11:27:46,121 | INFO | main | main.py:106 | default root
2026-03-03 11:27:46,121 | INFO | main | main.py:106 | default root
2026-03-03 11:27:46,129 | INFO | main | main.py:106 | default root
2026-03-03 11:27:46,129 | INFO | main | main.py:106 | default root
2026-03-03 11:27:46,138 | INFO | main | main.py:106 | default root
2026-03-03 11:27:46,146 | INFO | main | main.py:106 | default root
2026-03-03 11:27:46,146 | INFO | main | main.py:106 | default root
2026-03-03 11:27:46,146 | INFO | main | main.py:106 | default root
2026-03-03 11:27:46,154 | INFO | main | main.py:106 | default root
2026-03-03 11:27:46,154 | INFO | main | main.py:106 | default root
2026-03-03 11:27:46,163 | INFO | main | main.py:106 | default root
2026-03-03 11:27:46,169 | INFO | main | main.py:106 | default root
2026-03-03 11:27:46,171 | INFO | main | main.py:106 | default root
2026-03-03 11:27:46,171 | INFO | main | main.py:106 | default root
2026-03-03 11:27:46,179 | INFO | main | main.py:106 | default root
2026-03-03 11:27:46,186 | INFO | main | main.py:106 | default root
2026-03-03 11:27:46,191 | INFO | main | main.py:106 | default root
2026-03-03 11:27:46,194 | INFO | main | main.py:106 | default root
2026-03-03 11:27:46,196 | INFO | main | main.py:106 | default root
2026-03-03 11:27:46,196 | INFO | main | main.py:106 | default root
2026-03-03 11:27:46,204 | INFO | main | main.py:106 | default root
2026-03-03 11:27:46,204 | INFO | main | main.py:106 | default root
2026-03-03 11:27:46,212 | INFO | main | main.py:106 | default root
2026-03-03 11:27:46,218 | INFO | main | main.py:106 | default root
2026-03-03 11:27:46,222 | INFO | main | main.py:106 | default root
2026-03-03 11:27:46,227 | INFO | main | main.py:106 | default root
2026-03-03 11:27:46,229 | INFO | main | main.py:106 | default root
2026-03-03 11:27:50,350 | INFO | main | main.py:106 | default root
2026-03-03 11:27:50,353 | INFO | main | main.py:106 | default root
2026-03-03 11:29:31,501 | INFO | main | main.py:106 | default root
2026-03-03 11:29:31,508 | INFO | main | main.py:106 | default root
2026-03-03 11:29:37,094 | INFO | routes.auth | auth.py:76 | User logged in successfully
2026-03-03 11:29:38,794 | INFO | main | main.py:106 | default root
2026-03-03 11:29:38,799 | INFO | main | main.py:106 | default root
2026-03-03 11:29:48,650 | INFO | main | main.py:106 | default root
2026-03-03 11:29:48,653 | INFO | main | main.py:106 | default root
2026-03-03 11:31:24,020 | INFO | main | main.py:106 | default root
2026-03-03 11:31:24,027 | INFO | main | main.py:106 | default root
2026-03-03 11:31:29,536 | INFO | main | main.py:106 | default root
2026-03-03 11:31:29,542 | INFO | main | main.py:106 | default root
2026-03-03 11:32:16,001 | INFO | main | main.py:106 | default root
2026-03-03 11:32:16,008 | INFO | main | main.py:106 | default root
2026-03-03 11:32:19,003 | INFO | main | main.py:106 | default root
2026-03-03 11:32:19,011 | INFO | main | main.py:106 | default root
2026-03-03 11:32:22,822 | INFO | main | main.py:106 | default root
2026-03-03 11:32:22,830 | INFO | main | main.py:106 | default root
2026-03-03 11:38:43,098 | INFO | main | main.py:106 | default root
2026-03-03 11:38:43,105 | INFO | main | main.py:106 | default root
2026-03-03 11:39:12,174 | INFO | main | main.py:106 | default root
2026-03-03 11:39:12,193 | INFO | main | main.py:106 | default root
2026-03-03 11:39:33,676 | INFO | routes.auth | auth.py:76 | User logged in successfully
2026-03-03 11:39:35,312 | INFO | main | main.py:106 | default root
2026-03-03 11:39:35,312 | INFO | main | main.py:106 | default root
2026-03-03 11:40:44,954 | INFO | main | main.py:106 | default root
2026-03-03 11:40:44,964 | INFO | main | main.py:106 | default root
2026-03-03 11:41:35,261 | INFO | routes.auth | auth.py:76 | User logged in successfully
2026-03-03 11:41:37,038 | INFO | main | main.py:106 | default root
2026-03-03 11:41:37,046 | INFO | main | main.py:106 | default root
2026-03-03 11:41:42,437 | INFO | main | main.py:106 | default root
2026-03-03 11:41:42,451 | INFO | main | main.py:106 | default root
2026-03-03 11:42:29,178 | INFO | main | main.py:106 | default root
2026-03-03 11:42:29,186 | INFO | main | main.py:106 | default root
2026-03-03 11:42:46,771 | INFO | main | main.py:106 | default root
2026-03-03 11:42:46,778 | INFO | main | main.py:106 | default root
2026-03-03 11:42:52,965 | INFO | routes.auth | auth.py:76 | User logged in successfully
2026-03-03 11:42:54,868 | INFO | main | main.py:106 | default root
2026-03-03 11:42:54,871 | INFO | main | main.py:106 | default root
2026-03-03 11:43:00,857 | INFO | main | main.py:106 | default root
2026-03-03 11:43:00,861 | INFO | main | main.py:106 | default root
2026-03-03 11:43:09,992 | INFO | main | main.py:106 | default root
2026-03-03 11:43:10,001 | INFO | main | main.py:106 | default root
2026-03-03 11:43:19,276 | INFO | main | main.py:106 | default root
2026-03-03 11:43:19,278 | INFO | main | main.py:106 | default root
2026-03-03 11:43:24,800 | INFO | routes.auth | auth.py:76 | User logged in successfully
2026-03-03 11:43:26,529 | INFO | main | main.py:106 | default root
2026-03-03 11:43:26,540 | INFO | main | main.py:106 | default root
2026-03-03 11:43:30,711 | INFO | main | main.py:106 | default root
2026-03-03 11:43:30,721 | INFO | main | main.py:106 | default root
2026-03-03 11:47:48,944 | INFO | main | main.py:106 | default root
2026-03-03 11:47:48,956 | INFO | main | main.py:106 | default root
2026-03-03 11:47:57,950 | INFO | main | main.py:106 | default root
2026-03-03 11:47:57,967 | INFO | main | main.py:106 | default root
2026-03-03 11:48:02,883 | INFO | main | main.py:106 | default root
2026-03-03 11:48:02,890 | INFO | main | main.py:106 | default root
2026-03-03 11:50:21,043 | INFO | routes.auth | auth.py:76 | User logged in successfully
2026-03-03 11:50:22,787 | INFO | main | main.py:106 | default root
2026-03-03 11:50:22,792 | INFO | main | main.py:106 | default root
2026-03-03 11:50:28,575 | INFO | main | main.py:106 | default root
2026-03-03 11:50:28,580 | INFO | main | main.py:106 | default root
2026-03-03 11:54:19,508 | INFO | main | main.py:106 | default root
2026-03-03 11:54:19,516 | INFO | main | main.py:106 | default root
2026-03-03 11:54:24,059 | INFO | routes.auth | auth.py:76 | User logged in successfully
2026-03-03 11:54:25,770 | INFO | main | main.py:106 | default root
2026-03-03 11:54:25,775 | INFO | main | main.py:106 | default root
2026-03-03 11:54:30,489 | INFO | main | main.py:106 | default root
2026-03-03 11:54:30,498 | INFO | main | main.py:106 | default root
2026-03-03 11:58:52,504 | INFO | main | main.py:106 | default root
2026-03-03 11:58:52,516 | INFO | main | main.py:106 | default root
2026-03-03 11:58:57,445 | INFO | main | main.py:106 | default root
2026-03-03 11:58:57,449 | INFO | main | main.py:106 | default root
2026-03-03 12:00:14,834 | INFO | main | main.py:106 | default root
2026-03-03 12:00:14,845 | INFO | main | main.py:106 | default root
2026-03-03 12:00:20,248 | INFO | main | main.py:106 | default root
2026-03-03 12:00:20,253 | INFO | main | main.py:106 | default root
2026-03-03 12:00:29,927 | INFO | main | main.py:106 | default root
2026-03-03 12:00:29,934 | INFO | main | main.py:106 | default root
2026-03-03 12:00:34,536 | INFO | routes.auth | auth.py:76 | User logged in successfully
2026-03-03 12:00:36,313 | INFO | main | main.py:106 | default root
2026-03-03 12:00:36,318 | INFO | main | main.py:106 | default root
2026-03-03 12:00:41,891 | INFO | main | main.py:106 | default root
2026-03-03 12:00:41,899 | INFO | main | main.py:106 | default root
2026-03-03 12:00:52,475 | INFO | routes.auth | auth.py:76 | User logged in successfully
2026-03-03 12:00:54,873 | INFO | main | main.py:106 | default root
2026-03-03 12:00:54,880 | INFO | main | main.py:106 | default root
2026-03-03 12:01:02,218 | INFO | main | main.py:106 | default root
2026-03-03 12:01:02,219 | INFO | main | main.py:106 | default root
2026-03-03 12:01:23,806 | INFO | routes.auth | auth.py:76 | User logged in successfully
2026-03-03 12:01:25,562 | INFO | main | main.py:106 | default root
2026-03-03 12:01:25,568 | INFO | main | main.py:106 | default root
2026-03-03 12:01:31,039 | INFO | main | main.py:106 | default root
2026-03-03 12:01:31,044 | INFO | main | main.py:106 | default root
2026-03-03 12:02:54,352 | INFO | main | main.py:106 | default root
2026-03-03 12:02:54,357 | INFO | main | main.py:106 | default root
2026-03-03 12:03:42,842 | INFO | main | main.py:106 | default root
2026-03-03 12:03:42,850 | INFO | main | main.py:106 | default root
2026-03-03 12:03:51,343 | INFO | main | main.py:106 | default root
2026-03-03 12:03:51,348 | INFO | main | main.py:106 | default root
2026-03-03 12:04:12,400 | INFO | main | main.py:106 | default root
2026-03-03 12:04:12,403 | INFO | main | main.py:106 | default root
2026-03-03 12:11:28,317 | INFO | main | main.py:106 | default root
2026-03-03 12:11:28,324 | INFO | main | main.py:106 | default root
2026-03-03 12:11:29,244 | INFO | main | main.py:106 | default root
2026-03-03 12:11:29,252 | INFO | main | main.py:106 | default root
2026-03-03 12:11:30,541 | INFO | main | main.py:106 | default root
2026-03-03 12:11:30,554 | INFO | main | main.py:106 | default root
2026-03-03 12:11:30,557 | INFO | main | main.py:106 | default root
2026-03-03 12:11:31,432 | INFO | main | main.py:106 | default root
2026-03-03 12:11:35,482 | INFO | main | main.py:106 | default root
2026-03-03 12:11:35,495 | INFO | main | main.py:106 | default root
2026-03-03 12:11:36,423 | INFO | main | main.py:106 | default root
2026-03-03 12:11:36,431 | INFO | main | main.py:106 | default root
2026-03-03 12:14:29,184 | INFO | main | main.py:106 | default root
2026-03-03 12:14:29,190 | INFO | main | main.py:106 | default root
2026-03-03 12:14:30,067 | INFO | main | main.py:106 | default root
2026-03-03 12:14:30,071 | INFO | main | main.py:106 | default root
2026-03-03 12:14:37,935 | INFO | main | main.py:106 | default root
2026-03-03 12:14:37,937 | INFO | main | main.py:106 | default root
2026-03-03 12:14:38,838 | INFO | main | main.py:106 | default root
2026-03-03 12:14:38,843 | INFO | main | main.py:106 | default root
2026-03-03 12:14:40,144 | INFO | main | main.py:106 | default root
2026-03-03 12:14:40,193 | INFO | main | main.py:106 | default root
2026-03-03 12:14:40,199 | INFO | main | main.py:106 | default root
2026-03-03 12:14:40,202 | INFO | main | main.py:106 | default root
